Copyright 1986-2022 Xilinx, Inc. All Rights Reserved. Copyright 2022-2025 Advanced Micro Devices, Inc. All Rights Reserved.
---------------------------------------------------------------------------------------------------------------------------------------------------------------------------------------------------------------------------------------------------------------------
| Tool Version : Vivado v.2025.2 (win64) Build 6299465 Fri Nov 14 19:35:11 GMT 2025
| Date         : Wed Jul 29 23:13:21 2026
| Host         : LAPTOP-MPD8ATBV running 64-bit major release  (build 9200)
| Command      : report_timing_summary -max_paths 10 -routable_nets -report_unconstrained -file image_block_wrapper_timing_summary_routed.rpt -pb image_block_wrapper_timing_summary_routed.pb -rpx image_block_wrapper_timing_summary_routed.rpx -warn_on_violation
| Design       : image_block_wrapper
| Device       : 7z020-clg400
| Speed File   : -1  PRODUCTION 1.12 2019-11-22
| Design State : Routed
---------------------------------------------------------------------------------------------------------------------------------------------------------------------------------------------------------------------------------------------------------------------

Timing Summary Report

------------------------------------------------------------------------------------------------
| Timer Settings
| --------------
------------------------------------------------------------------------------------------------

  Enable Multi Corner Analysis               :  Yes
  Enable Pessimism Removal                   :  Yes
  Pessimism Removal Resolution               :  Nearest Common Node
  Enable Input Delay Default Clock           :  No
  Enable Preset / Clear Arcs                 :  No
  Disable Flight Delays                      :  No
  Ignore I/O Paths                           :  No
  Timing Early Launch at Borrowing Latches   :  No
  Borrow Time for Max Delay Exceptions       :  Yes
  Merge Timing Exceptions                    :  Yes
  Inter-SLR Compensation                     :  Conservative

  Corner  Analyze    Analyze    
  Name    Max Paths  Min Paths  
  ------  ---------  ---------  
  Slow    Yes        Yes        
  Fast    Yes        Yes        


------------------------------------------------------------------------------------------------
| Report Methodology
| ------------------
------------------------------------------------------------------------------------------------

Rule     Severity  Description                   Violations  
-------  --------  ----------------------------  ----------  
LUTAR-1  Warning   LUT drives async reset alert  2           

Note: This report is based on the most recent report_methodology run and may not be up-to-date. Run report_methodology on the current design for the latest report.



check_timing report

Table of Contents
-----------------
1. checking no_clock (0)
2. checking constant_clock (0)
3. checking pulse_width_clock (0)
4. checking unconstrained_internal_endpoints (0)
5. checking no_input_delay (2)
6. checking no_output_delay (0)
7. checking multiple_clock (0)
8. checking generated_clocks (0)
9. checking loops (0)
10. checking partial_input_delay (0)
11. checking partial_output_delay (0)
12. checking latch_loops (0)

1. checking no_clock (0)
------------------------
 There are 0 register/latch pins with no clock.


2. checking constant_clock (0)
------------------------------
 There are 0 register/latch pins with constant_clock.


3. checking pulse_width_clock (0)
---------------------------------
 There are 0 register/latch pins which need pulse_width check


4. checking unconstrained_internal_endpoints (0)
------------------------------------------------
 There are 0 pins that are not constrained for maximum delay.

 There are 0 pins that are not constrained for maximum delay due to constant clock.


5. checking no_input_delay (2)
------------------------------
 There are 0 input ports with no input delay specified.

 There are 2 input ports with no input delay but user has a false path constraint. (MEDIUM)


6. checking no_output_delay (0)
-------------------------------
 There are 0 ports with no output delay specified.

 There are 0 ports with no output delay but user has a false path constraint

 There are 0 ports with no output delay but with a timing clock defined on it or propagating through it


7. checking multiple_clock (0)
------------------------------
 There are 0 register/latch pins with multiple clocks.


8. checking generated_clocks (0)
--------------------------------
 There are 0 generated clocks that are not connected to a clock source.


9. checking loops (0)
---------------------
 There are 0 combinational loops in the design.


10. checking partial_input_delay (0)
------------------------------------
 There are 0 input ports with partial input delay specified.


11. checking partial_output_delay (0)
-------------------------------------
 There are 0 ports with partial output delay specified.


12. checking latch_loops (0)
----------------------------
 There are 0 combinational latch loops in the design through latch input



------------------------------------------------------------------------------------------------
| Design Timing Summary
| ---------------------
------------------------------------------------------------------------------------------------

    WNS(ns)      TNS(ns)  TNS Failing Endpoints  TNS Total Endpoints      WHS(ns)      THS(ns)  THS Failing Endpoints  THS Total Endpoints     WPWS(ns)     TPWS(ns)  TPWS Failing Endpoints  TPWS Total Endpoints  
    -------      -------  ---------------------  -------------------      -------      -------  ---------------------  -------------------     --------     --------  ----------------------  --------------------  
      0.480        0.000                      0                13876        0.025        0.000                      0                13876        3.750        0.000                       0                  5608  


All user specified timing constraints are met.


------------------------------------------------------------------------------------------------
| Clock Summary
| -------------
------------------------------------------------------------------------------------------------

Clock       Waveform(ns)       Period(ns)      Frequency(MHz)
-----       ------------       ----------      --------------
clk_fpga_0  {0.000 5.000}      10.000          100.000         


------------------------------------------------------------------------------------------------
| Intra Clock Table
| -----------------
------------------------------------------------------------------------------------------------

Clock             WNS(ns)      TNS(ns)  TNS Failing Endpoints  TNS Total Endpoints      WHS(ns)      THS(ns)  THS Failing Endpoints  THS Total Endpoints     WPWS(ns)     TPWS(ns)  TPWS Failing Endpoints  TPWS Total Endpoints  
-----             -------      -------  ---------------------  -------------------      -------      -------  ---------------------  -------------------     --------     --------  ----------------------  --------------------  
clk_fpga_0          0.480        0.000                      0                13812        0.025        0.000                      0                13812        3.750        0.000                       0                  5608  


------------------------------------------------------------------------------------------------
| Inter Clock Table
| -----------------
------------------------------------------------------------------------------------------------

From Clock    To Clock          WNS(ns)      TNS(ns)  TNS Failing Endpoints  TNS Total Endpoints      WHS(ns)      THS(ns)  THS Failing Endpoints  THS Total Endpoints  
----------    --------          -------      -------  ---------------------  -------------------      -------      -------  ---------------------  -------------------  


------------------------------------------------------------------------------------------------
| Other Path Groups Table
| -----------------------
------------------------------------------------------------------------------------------------

Path Group         From Clock         To Clock               WNS(ns)      TNS(ns)  TNS Failing Endpoints  TNS Total Endpoints      WHS(ns)      THS(ns)  THS Failing Endpoints  THS Total Endpoints  
----------         ----------         --------               -------      -------  ---------------------  -------------------      -------      -------  ---------------------  -------------------  
**async_default**  clk_fpga_0         clk_fpga_0               6.989        0.000                      0                   64        0.328        0.000                      0                   64  


------------------------------------------------------------------------------------------------
| User Ignored Path Table
| -----------------------
------------------------------------------------------------------------------------------------

Path Group    From Clock    To Clock    
----------    ----------    --------    
(none)                      clk_fpga_0    
(none)        clk_fpga_0    clk_fpga_0    


------------------------------------------------------------------------------------------------
| Unconstrained Path Table
| ------------------------
------------------------------------------------------------------------------------------------

Path Group    From Clock    To Clock    
----------    ----------    --------    


------------------------------------------------------------------------------------------------
| Timing Details
| --------------
------------------------------------------------------------------------------------------------


---------------------------------------------------------------------------------------------------
From Clock:  clk_fpga_0
  To Clock:  clk_fpga_0

Setup :            0  Failing Endpoints,  Worst Slack        0.480ns,  Total Violation        0.000ns
Hold  :            0  Failing Endpoints,  Worst Slack        0.025ns,  Total Violation        0.000ns
PW    :            0  Failing Endpoints,  Worst Slack        3.750ns,  Total Violation        0.000ns
---------------------------------------------------------------------------------------------------


Max Delay Paths
--------------------------------------------------------------------------------------
Slack (MET) :             0.480ns  (required time - arrival time)
  Source:                 image_block_i/axis_vid_mux_0/inst/sel_act_reg/C
                            (rising edge-triggered cell FDRE clocked by clk_fpga_0  {rise@0.000ns fall@5.000ns period=10.000ns})
  Destination:            image_block_i/axis_wb_0/inst/m_axis_tdata_reg[18]/D
                            (rising edge-triggered cell FDRE clocked by clk_fpga_0  {rise@0.000ns fall@5.000ns period=10.000ns})
  Path Group:             clk_fpga_0
  Path Type:              Setup (Max at Slow Process Corner)
  Requirement:            10.000ns  (clk_fpga_0 rise@10.000ns - clk_fpga_0 rise@0.000ns)
  Data Path Delay:        9.387ns  (logic 5.111ns (54.447%)  route 4.276ns (45.553%))
  Logic Levels:           6  (DSP48E1=1 LUT4=1 LUT5=1 LUT6=3)
  Clock Path Skew:        -0.060ns (DCD - SCD + CPR)
    Destination Clock Delay (DCD):    2.747ns = ( 12.747 - 10.000 ) 
    Source Clock Delay      (SCD):    3.036ns
    Clock Pessimism Removal (CPR):    0.230ns
  Clock Uncertainty:      0.154ns  ((TSJ^2 + TIJ^2)^1/2 + DJ) / 2 + PE
    Total System Jitter     (TSJ):    0.071ns
    Total Input Jitter      (TIJ):    0.300ns
    Discrete Jitter          (DJ):    0.000ns
    Phase Error              (PE):    0.000ns

    Location             Delay type                Incr(ns)  Path(ns)    Netlist Resource(s)
  -------------------------------------------------------------------    -------------------
                         (clock clk_fpga_0 rise edge)
                                                      0.000     0.000 r  
    PS7_X0Y0             PS7                          0.000     0.000 r  image_block_i/processing_system7_0/inst/PS7_i/FCLKCLK[0]
                         net (fo=1, routed)           1.193     1.193    image_block_i/processing_system7_0/inst/FCLK_CLK_unbuffered[0]
    BUFGCTRL_X0Y16       BUFG (Prop_bufg_I_O)         0.101     1.294 r  image_block_i/processing_system7_0/inst/buffer_fclk_clk_0.FCLK_CLK_0_BUFG/O
                         net (fo=5609, routed)        1.742     3.036    image_block_i/axis_vid_mux_0/inst/aclk
    SLICE_X22Y31         FDRE                                         r  image_block_i/axis_vid_mux_0/inst/sel_act_reg/C
  -------------------------------------------------------------------    -------------------
    SLICE_X22Y31         FDRE (Prop_fdre_C_Q)         0.478     3.514 r  image_block_i/axis_vid_mux_0/inst/sel_act_reg/Q
                         net (fo=32, routed)          0.805     4.319    image_block_i/axis_vid_mux_0/inst/sel_act
    SLICE_X20Y29         LUT5 (Prop_lut5_I3_O)        0.296     4.615 r  image_block_i/axis_vid_mux_0/inst/s0_axis_tready_INST_0_i_1/O
                         net (fo=4, routed)           0.318     4.933    image_block_i/axis_vid_mux_0/inst/s0_axis_tready_INST_0_i_1_n_0
    SLICE_X21Y30         LUT6 (Prop_lut6_I5_O)        0.124     5.057 r  image_block_i/axis_vid_mux_0/inst/s1_axis_tready_INST_0/O
                         net (fo=26, routed)          0.926     5.983    image_block_i/axis_wb_0/inst/m_axis_tready
    SLICE_X20Y27         LUT6 (Prop_lut6_I4_O)        0.124     6.107 r  image_block_i/axis_wb_0/inst/active_gR[1]_i_1/O
                         net (fo=2, routed)           0.527     6.633    image_block_i/axis_wb_0/inst/active_gR[1]_i_1_n_0
    DSP48_X1Y10          DSP48E1 (Prop_dsp48e1_A[1]_P[19])
                                                      3.841    10.474 r  image_block_i/axis_wb_0/inst/mulR/P[19]
                         net (fo=1, routed)           1.190    11.664    image_block_i/axis_wb_0/inst/mulR__0[19]
    SLICE_X21Y27         LUT6 (Prop_lut6_I1_O)        0.124    11.788 r  image_block_i/axis_wb_0/inst/m_axis_tdata[23]_i_4/O
                         net (fo=8, routed)           0.511    12.299    image_block_i/axis_wb_0/inst/m_axis_tdata[23]_i_4_n_0
    SLICE_X20Y28         LUT4 (Prop_lut4_I1_O)        0.124    12.423 r  image_block_i/axis_wb_0/inst/m_axis_tdata[18]_i_1/O
                         net (fo=1, routed)           0.000    12.423    image_block_i/axis_wb_0/inst/m_axis_tdata[18]_i_1_n_0
    SLICE_X20Y28         FDRE                                         r  image_block_i/axis_wb_0/inst/m_axis_tdata_reg[18]/D
  -------------------------------------------------------------------    -------------------

                         (clock clk_fpga_0 rise edge)
                                                     10.000    10.000 r  
    PS7_X0Y0             PS7                          0.000    10.000 r  image_block_i/processing_system7_0/inst/PS7_i/FCLKCLK[0]
                         net (fo=1, routed)           1.088    11.088    image_block_i/processing_system7_0/inst/FCLK_CLK_unbuffered[0]
    BUFGCTRL_X0Y16       BUFG (Prop_bufg_I_O)         0.091    11.179 r  image_block_i/processing_system7_0/inst/buffer_fclk_clk_0.FCLK_CLK_0_BUFG/O
                         net (fo=5609, routed)        1.567    12.747    image_block_i/axis_wb_0/inst/aclk
    SLICE_X20Y28         FDRE                                         r  image_block_i/axis_wb_0/inst/m_axis_tdata_reg[18]/C
                         clock pessimism              0.230    12.976    
                         clock uncertainty           -0.154    12.822    
    SLICE_X20Y28         FDRE (Setup_fdre_C_D)        0.081    12.903    image_block_i/axis_wb_0/inst/m_axis_tdata_reg[18]
  -------------------------------------------------------------------
                         required time                         12.903    
                         arrival time                         -12.423    
  -------------------------------------------------------------------
                         slack                                  0.480    

Slack (MET) :             0.487ns  (required time - arrival time)
  Source:                 image_block_i/axis_vid_mux_0/inst/sel_act_reg/C
                            (rising edge-triggered cell FDRE clocked by clk_fpga_0  {rise@0.000ns fall@5.000ns period=10.000ns})
  Destination:            image_block_i/axis_wb_0/inst/m_axis_tdata_reg[16]/D
                            (rising edge-triggered cell FDRE clocked by clk_fpga_0  {rise@0.000ns fall@5.000ns period=10.000ns})
  Path Group:             clk_fpga_0
  Path Type:              Setup (Max at Slow Process Corner)
  Requirement:            10.000ns  (clk_fpga_0 rise@10.000ns - clk_fpga_0 rise@0.000ns)
  Data Path Delay:        9.376ns  (logic 5.111ns (54.511%)  route 4.265ns (45.489%))
  Logic Levels:           6  (DSP48E1=1 LUT4=1 LUT5=1 LUT6=3)
  Clock Path Skew:        -0.060ns (DCD - SCD + CPR)
    Destination Clock Delay (DCD):    2.747ns = ( 12.747 - 10.000 ) 
    Source Clock Delay      (SCD):    3.036ns
    Clock Pessimism Removal (CPR):    0.230ns
  Clock Uncertainty:      0.154ns  ((TSJ^2 + TIJ^2)^1/2 + DJ) / 2 + PE
    Total System Jitter     (TSJ):    0.071ns
    Total Input Jitter      (TIJ):    0.300ns
    Discrete Jitter          (DJ):    0.000ns
    Phase Error              (PE):    0.000ns

    Location             Delay type                Incr(ns)  Path(ns)    Netlist Resource(s)
  -------------------------------------------------------------------    -------------------
                         (clock clk_fpga_0 rise edge)
                                                      0.000     0.000 r  
    PS7_X0Y0             PS7                          0.000     0.000 r  image_block_i/processing_system7_0/inst/PS7_i/FCLKCLK[0]
                         net (fo=1, routed)           1.193     1.193    image_block_i/processing_system7_0/inst/FCLK_CLK_unbuffered[0]
    BUFGCTRL_X0Y16       BUFG (Prop_bufg_I_O)         0.101     1.294 r  image_block_i/processing_system7_0/inst/buffer_fclk_clk_0.FCLK_CLK_0_BUFG/O
                         net (fo=5609, routed)        1.742     3.036    image_block_i/axis_vid_mux_0/inst/aclk
    SLICE_X22Y31         FDRE                                         r  image_block_i/axis_vid_mux_0/inst/sel_act_reg/C
  -------------------------------------------------------------------    -------------------
    SLICE_X22Y31         FDRE (Prop_fdre_C_Q)         0.478     3.514 r  image_block_i/axis_vid_mux_0/inst/sel_act_reg/Q
                         net (fo=32, routed)          0.805     4.319    image_block_i/axis_vid_mux_0/inst/sel_act
    SLICE_X20Y29         LUT5 (Prop_lut5_I3_O)        0.296     4.615 r  image_block_i/axis_vid_mux_0/inst/s0_axis_tready_INST_0_i_1/O
                         net (fo=4, routed)           0.318     4.933    image_block_i/axis_vid_mux_0/inst/s0_axis_tready_INST_0_i_1_n_0
    SLICE_X21Y30         LUT6 (Prop_lut6_I5_O)        0.124     5.057 r  image_block_i/axis_vid_mux_0/inst/s1_axis_tready_INST_0/O
                         net (fo=26, routed)          0.926     5.983    image_block_i/axis_wb_0/inst/m_axis_tready
    SLICE_X20Y27         LUT6 (Prop_lut6_I4_O)        0.124     6.107 r  image_block_i/axis_wb_0/inst/active_gR[1]_i_1/O
                         net (fo=2, routed)           0.527     6.633    image_block_i/axis_wb_0/inst/active_gR[1]_i_1_n_0
    DSP48_X1Y10          DSP48E1 (Prop_dsp48e1_A[1]_P[19])
                                                      3.841    10.474 r  image_block_i/axis_wb_0/inst/mulR/P[19]
                         net (fo=1, routed)           1.190    11.664    image_block_i/axis_wb_0/inst/mulR__0[19]
    SLICE_X21Y27         LUT6 (Prop_lut6_I1_O)        0.124    11.788 r  image_block_i/axis_wb_0/inst/m_axis_tdata[23]_i_4/O
                         net (fo=8, routed)           0.500    12.288    image_block_i/axis_wb_0/inst/m_axis_tdata[23]_i_4_n_0
    SLICE_X20Y28         LUT4 (Prop_lut4_I1_O)        0.124    12.412 r  image_block_i/axis_wb_0/inst/m_axis_tdata[16]_i_1/O
                         net (fo=1, routed)           0.000    12.412    image_block_i/axis_wb_0/inst/m_axis_tdata[16]_i_1_n_0
    SLICE_X20Y28         FDRE                                         r  image_block_i/axis_wb_0/inst/m_axis_tdata_reg[16]/D
  -------------------------------------------------------------------    -------------------

                         (clock clk_fpga_0 rise edge)
                                                     10.000    10.000 r  
    PS7_X0Y0             PS7                          0.000    10.000 r  image_block_i/processing_system7_0/inst/PS7_i/FCLKCLK[0]
                         net (fo=1, routed)           1.088    11.088    image_block_i/processing_system7_0/inst/FCLK_CLK_unbuffered[0]
    BUFGCTRL_X0Y16       BUFG (Prop_bufg_I_O)         0.091    11.179 r  image_block_i/processing_system7_0/inst/buffer_fclk_clk_0.FCLK_CLK_0_BUFG/O
                         net (fo=5609, routed)        1.567    12.747    image_block_i/axis_wb_0/inst/aclk
    SLICE_X20Y28         FDRE                                         r  image_block_i/axis_wb_0/inst/m_axis_tdata_reg[16]/C
                         clock pessimism              0.230    12.976    
                         clock uncertainty           -0.154    12.822    
    SLICE_X20Y28         FDRE (Setup_fdre_C_D)        0.077    12.899    image_block_i/axis_wb_0/inst/m_axis_tdata_reg[16]
  -------------------------------------------------------------------
                         required time                         12.899    
                         arrival time                         -12.412    
  -------------------------------------------------------------------
                         slack                                  0.487    

Slack (MET) :             0.524ns  (required time - arrival time)
  Source:                 image_block_i/axis_vid_mux_0/inst/sel_act_reg/C
                            (rising edge-triggered cell FDRE clocked by clk_fpga_0  {rise@0.000ns fall@5.000ns period=10.000ns})
  Destination:            image_block_i/axis_wb_0/inst/m_axis_tdata_reg[19]/D
                            (rising edge-triggered cell FDRE clocked by clk_fpga_0  {rise@0.000ns fall@5.000ns period=10.000ns})
  Path Group:             clk_fpga_0
  Path Type:              Setup (Max at Slow Process Corner)
  Requirement:            10.000ns  (clk_fpga_0 rise@10.000ns - clk_fpga_0 rise@0.000ns)
  Data Path Delay:        9.380ns  (logic 5.104ns (54.413%)  route 4.276ns (45.587%))
  Logic Levels:           6  (DSP48E1=1 LUT4=1 LUT5=1 LUT6=3)
  Clock Path Skew:        -0.060ns (DCD - SCD + CPR)
    Destination Clock Delay (DCD):    2.747ns = ( 12.747 - 10.000 ) 
    Source Clock Delay      (SCD):    3.036ns
    Clock Pessimism Removal (CPR):    0.230ns
  Clock Uncertainty:      0.154ns  ((TSJ^2 + TIJ^2)^1/2 + DJ) / 2 + PE
    Total System Jitter     (TSJ):    0.071ns
    Total Input Jitter      (TIJ):    0.300ns
    Discrete Jitter          (DJ):    0.000ns
    Phase Error              (PE):    0.000ns

    Location             Delay type                Incr(ns)  Path(ns)    Netlist Resource(s)
  -------------------------------------------------------------------    -------------------
                         (clock clk_fpga_0 rise edge)
                                                      0.000     0.000 r  
    PS7_X0Y0             PS7                          0.000     0.000 r  image_block_i/processing_system7_0/inst/PS7_i/FCLKCLK[0]
                         net (fo=1, routed)           1.193     1.193    image_block_i/processing_system7_0/inst/FCLK_CLK_unbuffered[0]
    BUFGCTRL_X0Y16       BUFG (Prop_bufg_I_O)         0.101     1.294 r  image_block_i/processing_system7_0/inst/buffer_fclk_clk_0.FCLK_CLK_0_BUFG/O
                         net (fo=5609, routed)        1.742     3.036    image_block_i/axis_vid_mux_0/inst/aclk
    SLICE_X22Y31         FDRE                                         r  image_block_i/axis_vid_mux_0/inst/sel_act_reg/C
  -------------------------------------------------------------------    -------------------
    SLICE_X22Y31         FDRE (Prop_fdre_C_Q)         0.478     3.514 r  image_block_i/axis_vid_mux_0/inst/sel_act_reg/Q
                         net (fo=32, routed)          0.805     4.319    image_block_i/axis_vid_mux_0/inst/sel_act
    SLICE_X20Y29         LUT5 (Prop_lut5_I3_O)        0.296     4.615 r  image_block_i/axis_vid_mux_0/inst/s0_axis_tready_INST_0_i_1/O
                         net (fo=4, routed)           0.318     4.933    image_block_i/axis_vid_mux_0/inst/s0_axis_tready_INST_0_i_1_n_0
    SLICE_X21Y30         LUT6 (Prop_lut6_I5_O)        0.124     5.057 r  image_block_i/axis_vid_mux_0/inst/s1_axis_tready_INST_0/O
                         net (fo=26, routed)          0.926     5.983    image_block_i/axis_wb_0/inst/m_axis_tready
    SLICE_X20Y27         LUT6 (Prop_lut6_I4_O)        0.124     6.107 r  image_block_i/axis_wb_0/inst/active_gR[1]_i_1/O
                         net (fo=2, routed)           0.527     6.633    image_block_i/axis_wb_0/inst/active_gR[1]_i_1_n_0
    DSP48_X1Y10          DSP48E1 (Prop_dsp48e1_A[1]_P[19])
                                                      3.841    10.474 r  image_block_i/axis_wb_0/inst/mulR/P[19]
                         net (fo=1, routed)           1.190    11.664    image_block_i/axis_wb_0/inst/mulR__0[19]
    SLICE_X21Y27         LUT6 (Prop_lut6_I1_O)        0.124    11.788 r  image_block_i/axis_wb_0/inst/m_axis_tdata[23]_i_4/O
                         net (fo=8, routed)           0.511    12.299    image_block_i/axis_wb_0/inst/m_axis_tdata[23]_i_4_n_0
    SLICE_X20Y28         LUT4 (Prop_lut4_I1_O)        0.117    12.416 r  image_block_i/axis_wb_0/inst/m_axis_tdata[19]_i_1/O
                         net (fo=1, routed)           0.000    12.416    image_block_i/axis_wb_0/inst/m_axis_tdata[19]_i_1_n_0
    SLICE_X20Y28         FDRE                                         r  image_block_i/axis_wb_0/inst/m_axis_tdata_reg[19]/D
  -------------------------------------------------------------------    -------------------

                         (clock clk_fpga_0 rise edge)
                                                     10.000    10.000 r  
    PS7_X0Y0             PS7                          0.000    10.000 r  image_block_i/processing_system7_0/inst/PS7_i/FCLKCLK[0]
                         net (fo=1, routed)           1.088    11.088    image_block_i/processing_system7_0/inst/FCLK_CLK_unbuffered[0]
    BUFGCTRL_X0Y16       BUFG (Prop_bufg_I_O)         0.091    11.179 r  image_block_i/processing_system7_0/inst/buffer_fclk_clk_0.FCLK_CLK_0_BUFG/O
                         net (fo=5609, routed)        1.567    12.747    image_block_i/axis_wb_0/inst/aclk
    SLICE_X20Y28         FDRE                                         r  image_block_i/axis_wb_0/inst/m_axis_tdata_reg[19]/C
                         clock pessimism              0.230    12.976    
                         clock uncertainty           -0.154    12.822    
    SLICE_X20Y28         FDRE (Setup_fdre_C_D)        0.118    12.940    image_block_i/axis_wb_0/inst/m_axis_tdata_reg[19]
  -------------------------------------------------------------------
                         required time                         12.940    
                         arrival time                         -12.416    
  -------------------------------------------------------------------
                         slack                                  0.524    

Slack (MET) :             0.526ns  (required time - arrival time)
  Source:                 image_block_i/axis_vid_mux_0/inst/sel_act_reg/C
                            (rising edge-triggered cell FDRE clocked by clk_fpga_0  {rise@0.000ns fall@5.000ns period=10.000ns})
  Destination:            image_block_i/axis_wb_0/inst/m_axis_tdata_reg[20]/D
                            (rising edge-triggered cell FDRE clocked by clk_fpga_0  {rise@0.000ns fall@5.000ns period=10.000ns})
  Path Group:             clk_fpga_0
  Path Type:              Setup (Max at Slow Process Corner)
  Requirement:            10.000ns  (clk_fpga_0 rise@10.000ns - clk_fpga_0 rise@0.000ns)
  Data Path Delay:        9.323ns  (logic 5.111ns (54.821%)  route 4.212ns (45.179%))
  Logic Levels:           6  (DSP48E1=1 LUT4=1 LUT5=1 LUT6=3)
  Clock Path Skew:        -0.029ns (DCD - SCD + CPR)
    Destination Clock Delay (DCD):    2.742ns = ( 12.743 - 10.000 ) 
    Source Clock Delay      (SCD):    3.036ns
    Clock Pessimism Removal (CPR):    0.265ns
  Clock Uncertainty:      0.154ns  ((TSJ^2 + TIJ^2)^1/2 + DJ) / 2 + PE
    Total System Jitter     (TSJ):    0.071ns
    Total Input Jitter      (TIJ):    0.300ns
    Discrete Jitter          (DJ):    0.000ns
    Phase Error              (PE):    0.000ns

    Location             Delay type                Incr(ns)  Path(ns)    Netlist Resource(s)
  -------------------------------------------------------------------    -------------------
                         (clock clk_fpga_0 rise edge)
                                                      0.000     0.000 r  
    PS7_X0Y0             PS7                          0.000     0.000 r  image_block_i/processing_system7_0/inst/PS7_i/FCLKCLK[0]
                         net (fo=1, routed)           1.193     1.193    image_block_i/processing_system7_0/inst/FCLK_CLK_unbuffered[0]
    BUFGCTRL_X0Y16       BUFG (Prop_bufg_I_O)         0.101     1.294 r  image_block_i/processing_system7_0/inst/buffer_fclk_clk_0.FCLK_CLK_0_BUFG/O
                         net (fo=5609, routed)        1.742     3.036    image_block_i/axis_vid_mux_0/inst/aclk
    SLICE_X22Y31         FDRE                                         r  image_block_i/axis_vid_mux_0/inst/sel_act_reg/C
  -------------------------------------------------------------------    -------------------
    SLICE_X22Y31         FDRE (Prop_fdre_C_Q)         0.478     3.514 r  image_block_i/axis_vid_mux_0/inst/sel_act_reg/Q
                         net (fo=32, routed)          0.805     4.319    image_block_i/axis_vid_mux_0/inst/sel_act
    SLICE_X20Y29         LUT5 (Prop_lut5_I3_O)        0.296     4.615 r  image_block_i/axis_vid_mux_0/inst/s0_axis_tready_INST_0_i_1/O
                         net (fo=4, routed)           0.318     4.933    image_block_i/axis_vid_mux_0/inst/s0_axis_tready_INST_0_i_1_n_0
    SLICE_X21Y30         LUT6 (Prop_lut6_I5_O)        0.124     5.057 r  image_block_i/axis_vid_mux_0/inst/s1_axis_tready_INST_0/O
                         net (fo=26, routed)          0.926     5.983    image_block_i/axis_wb_0/inst/m_axis_tready
    SLICE_X20Y27         LUT6 (Prop_lut6_I4_O)        0.124     6.107 r  image_block_i/axis_wb_0/inst/active_gR[1]_i_1/O
                         net (fo=2, routed)           0.527     6.633    image_block_i/axis_wb_0/inst/active_gR[1]_i_1_n_0
    DSP48_X1Y10          DSP48E1 (Prop_dsp48e1_A[1]_P[19])
                                                      3.841    10.474 r  image_block_i/axis_wb_0/inst/mulR/P[19]
                         net (fo=1, routed)           1.190    11.664    image_block_i/axis_wb_0/inst/mulR__0[19]
    SLICE_X21Y27         LUT6 (Prop_lut6_I1_O)        0.124    11.788 r  image_block_i/axis_wb_0/inst/m_axis_tdata[23]_i_4/O
                         net (fo=8, routed)           0.447    12.235    image_block_i/axis_wb_0/inst/m_axis_tdata[23]_i_4_n_0
    SLICE_X23Y26         LUT4 (Prop_lut4_I1_O)        0.124    12.359 r  image_block_i/axis_wb_0/inst/m_axis_tdata[20]_i_1/O
                         net (fo=1, routed)           0.000    12.359    image_block_i/axis_wb_0/inst/m_axis_tdata[20]_i_1_n_0
    SLICE_X23Y26         FDRE                                         r  image_block_i/axis_wb_0/inst/m_axis_tdata_reg[20]/D
  -------------------------------------------------------------------    -------------------

                         (clock clk_fpga_0 rise edge)
                                                     10.000    10.000 r  
    PS7_X0Y0             PS7                          0.000    10.000 r  image_block_i/processing_system7_0/inst/PS7_i/FCLKCLK[0]
                         net (fo=1, routed)           1.088    11.088    image_block_i/processing_system7_0/inst/FCLK_CLK_unbuffered[0]
    BUFGCTRL_X0Y16       BUFG (Prop_bufg_I_O)         0.091    11.179 r  image_block_i/processing_system7_0/inst/buffer_fclk_clk_0.FCLK_CLK_0_BUFG/O
                         net (fo=5609, routed)        1.563    12.743    image_block_i/axis_wb_0/inst/aclk
    SLICE_X23Y26         FDRE                                         r  image_block_i/axis_wb_0/inst/m_axis_tdata_reg[20]/C
                         clock pessimism              0.265    13.007    
                         clock uncertainty           -0.154    12.853    
    SLICE_X23Y26         FDRE (Setup_fdre_C_D)        0.032    12.885    image_block_i/axis_wb_0/inst/m_axis_tdata_reg[20]
  -------------------------------------------------------------------
                         required time                         12.885    
                         arrival time                         -12.359    
  -------------------------------------------------------------------
                         slack                                  0.526    

Slack (MET) :             0.536ns  (required time - arrival time)
  Source:                 image_block_i/axis_vid_mux_0/inst/sel_act_reg/C
                            (rising edge-triggered cell FDRE clocked by clk_fpga_0  {rise@0.000ns fall@5.000ns period=10.000ns})
  Destination:            image_block_i/axis_wb_0/inst/m_axis_tdata_reg[17]/D
                            (rising edge-triggered cell FDRE clocked by clk_fpga_0  {rise@0.000ns fall@5.000ns period=10.000ns})
  Path Group:             clk_fpga_0
  Path Type:              Setup (Max at Slow Process Corner)
  Requirement:            10.000ns  (clk_fpga_0 rise@10.000ns - clk_fpga_0 rise@0.000ns)
  Data Path Delay:        9.368ns  (logic 5.103ns (54.472%)  route 4.265ns (45.528%))
  Logic Levels:           6  (DSP48E1=1 LUT4=1 LUT5=1 LUT6=3)
  Clock Path Skew:        -0.060ns (DCD - SCD + CPR)
    Destination Clock Delay (DCD):    2.747ns = ( 12.747 - 10.000 ) 
    Source Clock Delay      (SCD):    3.036ns
    Clock Pessimism Removal (CPR):    0.230ns
  Clock Uncertainty:      0.154ns  ((TSJ^2 + TIJ^2)^1/2 + DJ) / 2 + PE
    Total System Jitter     (TSJ):    0.071ns
    Total Input Jitter      (TIJ):    0.300ns
    Discrete Jitter          (DJ):    0.000ns
    Phase Error              (PE):    0.000ns

    Location             Delay type                Incr(ns)  Path(ns)    Netlist Resource(s)
  -------------------------------------------------------------------    -------------------
                         (clock clk_fpga_0 rise edge)
                                                      0.000     0.000 r  
    PS7_X0Y0             PS7                          0.000     0.000 r  image_block_i/processing_system7_0/inst/PS7_i/FCLKCLK[0]
                         net (fo=1, routed)           1.193     1.193    image_block_i/processing_system7_0/inst/FCLK_CLK_unbuffered[0]
    BUFGCTRL_X0Y16       BUFG (Prop_bufg_I_O)         0.101     1.294 r  image_block_i/processing_system7_0/inst/buffer_fclk_clk_0.FCLK_CLK_0_BUFG/O
                         net (fo=5609, routed)        1.742     3.036    image_block_i/axis_vid_mux_0/inst/aclk
    SLICE_X22Y31         FDRE                                         r  image_block_i/axis_vid_mux_0/inst/sel_act_reg/C
  -------------------------------------------------------------------    -------------------
    SLICE_X22Y31         FDRE (Prop_fdre_C_Q)         0.478     3.514 r  image_block_i/axis_vid_mux_0/inst/sel_act_reg/Q
                         net (fo=32, routed)          0.805     4.319    image_block_i/axis_vid_mux_0/inst/sel_act
    SLICE_X20Y29         LUT5 (Prop_lut5_I3_O)        0.296     4.615 r  image_block_i/axis_vid_mux_0/inst/s0_axis_tready_INST_0_i_1/O
                         net (fo=4, routed)           0.318     4.933    image_block_i/axis_vid_mux_0/inst/s0_axis_tready_INST_0_i_1_n_0
    SLICE_X21Y30         LUT6 (Prop_lut6_I5_O)        0.124     5.057 r  image_block_i/axis_vid_mux_0/inst/s1_axis_tready_INST_0/O
                         net (fo=26, routed)          0.926     5.983    image_block_i/axis_wb_0/inst/m_axis_tready
    SLICE_X20Y27         LUT6 (Prop_lut6_I4_O)        0.124     6.107 r  image_block_i/axis_wb_0/inst/active_gR[1]_i_1/O
                         net (fo=2, routed)           0.527     6.633    image_block_i/axis_wb_0/inst/active_gR[1]_i_1_n_0
    DSP48_X1Y10          DSP48E1 (Prop_dsp48e1_A[1]_P[19])
                                                      3.841    10.474 r  image_block_i/axis_wb_0/inst/mulR/P[19]
                         net (fo=1, routed)           1.190    11.664    image_block_i/axis_wb_0/inst/mulR__0[19]
    SLICE_X21Y27         LUT6 (Prop_lut6_I1_O)        0.124    11.788 r  image_block_i/axis_wb_0/inst/m_axis_tdata[23]_i_4/O
                         net (fo=8, routed)           0.500    12.288    image_block_i/axis_wb_0/inst/m_axis_tdata[23]_i_4_n_0
    SLICE_X20Y28         LUT4 (Prop_lut4_I1_O)        0.116    12.404 r  image_block_i/axis_wb_0/inst/m_axis_tdata[17]_i_1/O
                         net (fo=1, routed)           0.000    12.404    image_block_i/axis_wb_0/inst/m_axis_tdata[17]_i_1_n_0
    SLICE_X20Y28         FDRE                                         r  image_block_i/axis_wb_0/inst/m_axis_tdata_reg[17]/D
  -------------------------------------------------------------------    -------------------

                         (clock clk_fpga_0 rise edge)
                                                     10.000    10.000 r  
    PS7_X0Y0             PS7                          0.000    10.000 r  image_block_i/processing_system7_0/inst/PS7_i/FCLKCLK[0]
                         net (fo=1, routed)           1.088    11.088    image_block_i/processing_system7_0/inst/FCLK_CLK_unbuffered[0]
    BUFGCTRL_X0Y16       BUFG (Prop_bufg_I_O)         0.091    11.179 r  image_block_i/processing_system7_0/inst/buffer_fclk_clk_0.FCLK_CLK_0_BUFG/O
                         net (fo=5609, routed)        1.567    12.747    image_block_i/axis_wb_0/inst/aclk
    SLICE_X20Y28         FDRE                                         r  image_block_i/axis_wb_0/inst/m_axis_tdata_reg[17]/C
                         clock pessimism              0.230    12.976    
                         clock uncertainty           -0.154    12.822    
    SLICE_X20Y28         FDRE (Setup_fdre_C_D)        0.118    12.940    image_block_i/axis_wb_0/inst/m_axis_tdata_reg[17]
  -------------------------------------------------------------------
                         required time                         12.940    
                         arrival time                         -12.404    
  -------------------------------------------------------------------
                         slack                                  0.536    

Slack (MET) :             0.543ns  (required time - arrival time)
  Source:                 image_block_i/axis_vid_mux_0/inst/sel_act_reg/C
                            (rising edge-triggered cell FDRE clocked by clk_fpga_0  {rise@0.000ns fall@5.000ns period=10.000ns})
  Destination:            image_block_i/axis_wb_0/inst/m_axis_tdata_reg[22]/D
                            (rising edge-triggered cell FDRE clocked by clk_fpga_0  {rise@0.000ns fall@5.000ns period=10.000ns})
  Path Group:             clk_fpga_0
  Path Type:              Setup (Max at Slow Process Corner)
  Requirement:            10.000ns  (clk_fpga_0 rise@10.000ns - clk_fpga_0 rise@0.000ns)
  Data Path Delay:        9.322ns  (logic 5.111ns (54.827%)  route 4.211ns (45.173%))
  Logic Levels:           6  (DSP48E1=1 LUT4=1 LUT5=1 LUT6=3)
  Clock Path Skew:        -0.060ns (DCD - SCD + CPR)
    Destination Clock Delay (DCD):    2.747ns = ( 12.747 - 10.000 ) 
    Source Clock Delay      (SCD):    3.036ns
    Clock Pessimism Removal (CPR):    0.230ns
  Clock Uncertainty:      0.154ns  ((TSJ^2 + TIJ^2)^1/2 + DJ) / 2 + PE
    Total System Jitter     (TSJ):    0.071ns
    Total Input Jitter      (TIJ):    0.300ns
    Discrete Jitter          (DJ):    0.000ns
    Phase Error              (PE):    0.000ns

    Location             Delay type                Incr(ns)  Path(ns)    Netlist Resource(s)
  -------------------------------------------------------------------    -------------------
                         (clock clk_fpga_0 rise edge)
                                                      0.000     0.000 r  
    PS7_X0Y0             PS7                          0.000     0.000 r  image_block_i/processing_system7_0/inst/PS7_i/FCLKCLK[0]
                         net (fo=1, routed)           1.193     1.193    image_block_i/processing_system7_0/inst/FCLK_CLK_unbuffered[0]
    BUFGCTRL_X0Y16       BUFG (Prop_bufg_I_O)         0.101     1.294 r  image_block_i/processing_system7_0/inst/buffer_fclk_clk_0.FCLK_CLK_0_BUFG/O
                         net (fo=5609, routed)        1.742     3.036    image_block_i/axis_vid_mux_0/inst/aclk
    SLICE_X22Y31         FDRE                                         r  image_block_i/axis_vid_mux_0/inst/sel_act_reg/C
  -------------------------------------------------------------------    -------------------
    SLICE_X22Y31         FDRE (Prop_fdre_C_Q)         0.478     3.514 r  image_block_i/axis_vid_mux_0/inst/sel_act_reg/Q
                         net (fo=32, routed)          0.805     4.319    image_block_i/axis_vid_mux_0/inst/sel_act
    SLICE_X20Y29         LUT5 (Prop_lut5_I3_O)        0.296     4.615 r  image_block_i/axis_vid_mux_0/inst/s0_axis_tready_INST_0_i_1/O
                         net (fo=4, routed)           0.318     4.933    image_block_i/axis_vid_mux_0/inst/s0_axis_tready_INST_0_i_1_n_0
    SLICE_X21Y30         LUT6 (Prop_lut6_I5_O)        0.124     5.057 r  image_block_i/axis_vid_mux_0/inst/s1_axis_tready_INST_0/O
                         net (fo=26, routed)          0.926     5.983    image_block_i/axis_wb_0/inst/m_axis_tready
    SLICE_X20Y27         LUT6 (Prop_lut6_I4_O)        0.124     6.107 r  image_block_i/axis_wb_0/inst/active_gR[1]_i_1/O
                         net (fo=2, routed)           0.527     6.633    image_block_i/axis_wb_0/inst/active_gR[1]_i_1_n_0
    DSP48_X1Y10          DSP48E1 (Prop_dsp48e1_A[1]_P[19])
                                                      3.841    10.474 r  image_block_i/axis_wb_0/inst/mulR/P[19]
                         net (fo=1, routed)           1.190    11.664    image_block_i/axis_wb_0/inst/mulR__0[19]
    SLICE_X21Y27         LUT6 (Prop_lut6_I1_O)        0.124    11.788 r  image_block_i/axis_wb_0/inst/m_axis_tdata[23]_i_4/O
                         net (fo=8, routed)           0.446    12.234    image_block_i/axis_wb_0/inst/m_axis_tdata[23]_i_4_n_0
    SLICE_X20Y28         LUT4 (Prop_lut4_I1_O)        0.124    12.358 r  image_block_i/axis_wb_0/inst/m_axis_tdata[22]_i_1/O
                         net (fo=1, routed)           0.000    12.358    image_block_i/axis_wb_0/inst/m_axis_tdata[22]_i_1_n_0
    SLICE_X20Y28         FDRE                                         r  image_block_i/axis_wb_0/inst/m_axis_tdata_reg[22]/D
  -------------------------------------------------------------------    -------------------

                         (clock clk_fpga_0 rise edge)
                                                     10.000    10.000 r  
    PS7_X0Y0             PS7                          0.000    10.000 r  image_block_i/processing_system7_0/inst/PS7_i/FCLKCLK[0]
                         net (fo=1, routed)           1.088    11.088    image_block_i/processing_system7_0/inst/FCLK_CLK_unbuffered[0]
    BUFGCTRL_X0Y16       BUFG (Prop_bufg_I_O)         0.091    11.179 r  image_block_i/processing_system7_0/inst/buffer_fclk_clk_0.FCLK_CLK_0_BUFG/O
                         net (fo=5609, routed)        1.567    12.747    image_block_i/axis_wb_0/inst/aclk
    SLICE_X20Y28         FDRE                                         r  image_block_i/axis_wb_0/inst/m_axis_tdata_reg[22]/C
                         clock pessimism              0.230    12.976    
                         clock uncertainty           -0.154    12.822    
    SLICE_X20Y28         FDRE (Setup_fdre_C_D)        0.079    12.901    image_block_i/axis_wb_0/inst/m_axis_tdata_reg[22]
  -------------------------------------------------------------------
                         required time                         12.901    
                         arrival time                         -12.358    
  -------------------------------------------------------------------
                         slack                                  0.543    

Slack (MET) :             0.576ns  (required time - arrival time)
  Source:                 image_block_i/axis_vid_mux_0/inst/sel_act_reg/C
                            (rising edge-triggered cell FDRE clocked by clk_fpga_0  {rise@0.000ns fall@5.000ns period=10.000ns})
  Destination:            image_block_i/axis_wb_0/inst/m_axis_tdata_reg[21]/D
                            (rising edge-triggered cell FDRE clocked by clk_fpga_0  {rise@0.000ns fall@5.000ns period=10.000ns})
  Path Group:             clk_fpga_0
  Path Type:              Setup (Max at Slow Process Corner)
  Requirement:            10.000ns  (clk_fpga_0 rise@10.000ns - clk_fpga_0 rise@0.000ns)
  Data Path Delay:        9.316ns  (logic 5.104ns (54.787%)  route 4.212ns (45.213%))
  Logic Levels:           6  (DSP48E1=1 LUT4=1 LUT5=1 LUT6=3)
  Clock Path Skew:        -0.029ns (DCD - SCD + CPR)
    Destination Clock Delay (DCD):    2.742ns = ( 12.743 - 10.000 ) 
    Source Clock Delay      (SCD):    3.036ns
    Clock Pessimism Removal (CPR):    0.265ns
  Clock Uncertainty:      0.154ns  ((TSJ^2 + TIJ^2)^1/2 + DJ) / 2 + PE
    Total System Jitter     (TSJ):    0.071ns
    Total Input Jitter      (TIJ):    0.300ns
    Discrete Jitter          (DJ):    0.000ns
    Phase Error              (PE):    0.000ns

    Location             Delay type                Incr(ns)  Path(ns)    Netlist Resource(s)
  -------------------------------------------------------------------    -------------------
                         (clock clk_fpga_0 rise edge)
                                                      0.000     0.000 r  
    PS7_X0Y0             PS7                          0.000     0.000 r  image_block_i/processing_system7_0/inst/PS7_i/FCLKCLK[0]
                         net (fo=1, routed)           1.193     1.193    image_block_i/processing_system7_0/inst/FCLK_CLK_unbuffered[0]
    BUFGCTRL_X0Y16       BUFG (Prop_bufg_I_O)         0.101     1.294 r  image_block_i/processing_system7_0/inst/buffer_fclk_clk_0.FCLK_CLK_0_BUFG/O
                         net (fo=5609, routed)        1.742     3.036    image_block_i/axis_vid_mux_0/inst/aclk
    SLICE_X22Y31         FDRE                                         r  image_block_i/axis_vid_mux_0/inst/sel_act_reg/C
  -------------------------------------------------------------------    -------------------
    SLICE_X22Y31         FDRE (Prop_fdre_C_Q)         0.478     3.514 r  image_block_i/axis_vid_mux_0/inst/sel_act_reg/Q
                         net (fo=32, routed)          0.805     4.319    image_block_i/axis_vid_mux_0/inst/sel_act
    SLICE_X20Y29         LUT5 (Prop_lut5_I3_O)        0.296     4.615 r  image_block_i/axis_vid_mux_0/inst/s0_axis_tready_INST_0_i_1/O
                         net (fo=4, routed)           0.318     4.933    image_block_i/axis_vid_mux_0/inst/s0_axis_tready_INST_0_i_1_n_0
    SLICE_X21Y30         LUT6 (Prop_lut6_I5_O)        0.124     5.057 r  image_block_i/axis_vid_mux_0/inst/s1_axis_tready_INST_0/O
                         net (fo=26, routed)          0.926     5.983    image_block_i/axis_wb_0/inst/m_axis_tready
    SLICE_X20Y27         LUT6 (Prop_lut6_I4_O)        0.124     6.107 r  image_block_i/axis_wb_0/inst/active_gR[1]_i_1/O
                         net (fo=2, routed)           0.527     6.633    image_block_i/axis_wb_0/inst/active_gR[1]_i_1_n_0
    DSP48_X1Y10          DSP48E1 (Prop_dsp48e1_A[1]_P[19])
                                                      3.841    10.474 r  image_block_i/axis_wb_0/inst/mulR/P[19]
                         net (fo=1, routed)           1.190    11.664    image_block_i/axis_wb_0/inst/mulR__0[19]
    SLICE_X21Y27         LUT6 (Prop_lut6_I1_O)        0.124    11.788 r  image_block_i/axis_wb_0/inst/m_axis_tdata[23]_i_4/O
                         net (fo=8, routed)           0.447    12.235    image_block_i/axis_wb_0/inst/m_axis_tdata[23]_i_4_n_0
    SLICE_X23Y26         LUT4 (Prop_lut4_I1_O)        0.117    12.352 r  image_block_i/axis_wb_0/inst/m_axis_tdata[21]_i_1/O
                         net (fo=1, routed)           0.000    12.352    image_block_i/axis_wb_0/inst/m_axis_tdata[21]_i_1_n_0
    SLICE_X23Y26         FDRE                                         r  image_block_i/axis_wb_0/inst/m_axis_tdata_reg[21]/D
  -------------------------------------------------------------------    -------------------

                         (clock clk_fpga_0 rise edge)
                                                     10.000    10.000 r  
    PS7_X0Y0             PS7                          0.000    10.000 r  image_block_i/processing_system7_0/inst/PS7_i/FCLKCLK[0]
                         net (fo=1, routed)           1.088    11.088    image_block_i/processing_system7_0/inst/FCLK_CLK_unbuffered[0]
    BUFGCTRL_X0Y16       BUFG (Prop_bufg_I_O)         0.091    11.179 r  image_block_i/processing_system7_0/inst/buffer_fclk_clk_0.FCLK_CLK_0_BUFG/O
                         net (fo=5609, routed)        1.563    12.743    image_block_i/axis_wb_0/inst/aclk
    SLICE_X23Y26         FDRE                                         r  image_block_i/axis_wb_0/inst/m_axis_tdata_reg[21]/C
                         clock pessimism              0.265    13.007    
                         clock uncertainty           -0.154    12.853    
    SLICE_X23Y26         FDRE (Setup_fdre_C_D)        0.075    12.928    image_block_i/axis_wb_0/inst/m_axis_tdata_reg[21]
  -------------------------------------------------------------------
                         required time                         12.928    
                         arrival time                         -12.352    
  -------------------------------------------------------------------
                         slack                                  0.576    

Slack (MET) :             0.589ns  (required time - arrival time)
  Source:                 image_block_i/axis_vid_mux_0/inst/sel_act_reg/C
                            (rising edge-triggered cell FDRE clocked by clk_fpga_0  {rise@0.000ns fall@5.000ns period=10.000ns})
  Destination:            image_block_i/axis_wb_0/inst/m_axis_tdata_reg[23]/D
                            (rising edge-triggered cell FDRE clocked by clk_fpga_0  {rise@0.000ns fall@5.000ns period=10.000ns})
  Path Group:             clk_fpga_0
  Path Type:              Setup (Max at Slow Process Corner)
  Requirement:            10.000ns  (clk_fpga_0 rise@10.000ns - clk_fpga_0 rise@0.000ns)
  Data Path Delay:        9.315ns  (logic 5.104ns (54.793%)  route 4.211ns (45.207%))
  Logic Levels:           6  (DSP48E1=1 LUT4=1 LUT5=1 LUT6=3)
  Clock Path Skew:        -0.060ns (DCD - SCD + CPR)
    Destination Clock Delay (DCD):    2.747ns = ( 12.747 - 10.000 ) 
    Source Clock Delay      (SCD):    3.036ns
    Clock Pessimism Removal (CPR):    0.230ns
  Clock Uncertainty:      0.154ns  ((TSJ^2 + TIJ^2)^1/2 + DJ) / 2 + PE
    Total System Jitter     (TSJ):    0.071ns
    Total Input Jitter      (TIJ):    0.300ns
    Discrete Jitter          (DJ):    0.000ns
    Phase Error              (PE):    0.000ns

    Location             Delay type                Incr(ns)  Path(ns)    Netlist Resource(s)
  -------------------------------------------------------------------    -------------------
                         (clock clk_fpga_0 rise edge)
                                                      0.000     0.000 r  
    PS7_X0Y0             PS7                          0.000     0.000 r  image_block_i/processing_system7_0/inst/PS7_i/FCLKCLK[0]
                         net (fo=1, routed)           1.193     1.193    image_block_i/processing_system7_0/inst/FCLK_CLK_unbuffered[0]
    BUFGCTRL_X0Y16       BUFG (Prop_bufg_I_O)         0.101     1.294 r  image_block_i/processing_system7_0/inst/buffer_fclk_clk_0.FCLK_CLK_0_BUFG/O
                         net (fo=5609, routed)        1.742     3.036    image_block_i/axis_vid_mux_0/inst/aclk
    SLICE_X22Y31         FDRE                                         r  image_block_i/axis_vid_mux_0/inst/sel_act_reg/C
  -------------------------------------------------------------------    -------------------
    SLICE_X22Y31         FDRE (Prop_fdre_C_Q)         0.478     3.514 r  image_block_i/axis_vid_mux_0/inst/sel_act_reg/Q
                         net (fo=32, routed)          0.805     4.319    image_block_i/axis_vid_mux_0/inst/sel_act
    SLICE_X20Y29         LUT5 (Prop_lut5_I3_O)        0.296     4.615 r  image_block_i/axis_vid_mux_0/inst/s0_axis_tready_INST_0_i_1/O
                         net (fo=4, routed)           0.318     4.933    image_block_i/axis_vid_mux_0/inst/s0_axis_tready_INST_0_i_1_n_0
    SLICE_X21Y30         LUT6 (Prop_lut6_I5_O)        0.124     5.057 r  image_block_i/axis_vid_mux_0/inst/s1_axis_tready_INST_0/O
                         net (fo=26, routed)          0.926     5.983    image_block_i/axis_wb_0/inst/m_axis_tready
    SLICE_X20Y27         LUT6 (Prop_lut6_I4_O)        0.124     6.107 r  image_block_i/axis_wb_0/inst/active_gR[1]_i_1/O
                         net (fo=2, routed)           0.527     6.633    image_block_i/axis_wb_0/inst/active_gR[1]_i_1_n_0
    DSP48_X1Y10          DSP48E1 (Prop_dsp48e1_A[1]_P[19])
                                                      3.841    10.474 r  image_block_i/axis_wb_0/inst/mulR/P[19]
                         net (fo=1, routed)           1.190    11.664    image_block_i/axis_wb_0/inst/mulR__0[19]
    SLICE_X21Y27         LUT6 (Prop_lut6_I1_O)        0.124    11.788 r  image_block_i/axis_wb_0/inst/m_axis_tdata[23]_i_4/O
                         net (fo=8, routed)           0.446    12.234    image_block_i/axis_wb_0/inst/m_axis_tdata[23]_i_4_n_0
    SLICE_X20Y28         LUT4 (Prop_lut4_I1_O)        0.117    12.351 r  image_block_i/axis_wb_0/inst/m_axis_tdata[23]_i_3/O
                         net (fo=1, routed)           0.000    12.351    image_block_i/axis_wb_0/inst/m_axis_tdata[23]_i_3_n_0
    SLICE_X20Y28         FDRE                                         r  image_block_i/axis_wb_0/inst/m_axis_tdata_reg[23]/D
  -------------------------------------------------------------------    -------------------

                         (clock clk_fpga_0 rise edge)
                                                     10.000    10.000 r  
    PS7_X0Y0             PS7                          0.000    10.000 r  image_block_i/processing_system7_0/inst/PS7_i/FCLKCLK[0]
                         net (fo=1, routed)           1.088    11.088    image_block_i/processing_system7_0/inst/FCLK_CLK_unbuffered[0]
    BUFGCTRL_X0Y16       BUFG (Prop_bufg_I_O)         0.091    11.179 r  image_block_i/processing_system7_0/inst/buffer_fclk_clk_0.FCLK_CLK_0_BUFG/O
                         net (fo=5609, routed)        1.567    12.747    image_block_i/axis_wb_0/inst/aclk
    SLICE_X20Y28         FDRE                                         r  image_block_i/axis_wb_0/inst/m_axis_tdata_reg[23]/C
                         clock pessimism              0.230    12.976    
                         clock uncertainty           -0.154    12.822    
    SLICE_X20Y28         FDRE (Setup_fdre_C_D)        0.118    12.940    image_block_i/axis_wb_0/inst/m_axis_tdata_reg[23]
  -------------------------------------------------------------------
                         required time                         12.940    
                         arrival time                         -12.351    
  -------------------------------------------------------------------
                         slack                                  0.589    

Slack (MET) :             0.646ns  (required time - arrival time)
  Source:                 image_block_i/axis_vid_mux_0/inst/sel_act_reg/C
                            (rising edge-triggered cell FDRE clocked by clk_fpga_0  {rise@0.000ns fall@5.000ns period=10.000ns})
  Destination:            image_block_i/axis_wb_0/inst/m_axis_tdata_reg[0]/D
                            (rising edge-triggered cell FDRE clocked by clk_fpga_0  {rise@0.000ns fall@5.000ns period=10.000ns})
  Path Group:             clk_fpga_0
  Path Type:              Setup (Max at Slow Process Corner)
  Requirement:            10.000ns  (clk_fpga_0 rise@10.000ns - clk_fpga_0 rise@0.000ns)
  Data Path Delay:        9.175ns  (logic 5.111ns (55.705%)  route 4.064ns (44.295%))
  Logic Levels:           6  (DSP48E1=1 LUT4=1 LUT5=1 LUT6=3)
  Clock Path Skew:        -0.054ns (DCD - SCD + CPR)
    Destination Clock Delay (DCD):    2.752ns = ( 12.752 - 10.000 ) 
    Source Clock Delay      (SCD):    3.036ns
    Clock Pessimism Removal (CPR):    0.230ns
  Clock Uncertainty:      0.154ns  ((TSJ^2 + TIJ^2)^1/2 + DJ) / 2 + PE
    Total System Jitter     (TSJ):    0.071ns
    Total Input Jitter      (TIJ):    0.300ns
    Discrete Jitter          (DJ):    0.000ns
    Phase Error              (PE):    0.000ns

    Location             Delay type                Incr(ns)  Path(ns)    Netlist Resource(s)
  -------------------------------------------------------------------    -------------------
                         (clock clk_fpga_0 rise edge)
                                                      0.000     0.000 r  
    PS7_X0Y0             PS7                          0.000     0.000 r  image_block_i/processing_system7_0/inst/PS7_i/FCLKCLK[0]
                         net (fo=1, routed)           1.193     1.193    image_block_i/processing_system7_0/inst/FCLK_CLK_unbuffered[0]
    BUFGCTRL_X0Y16       BUFG (Prop_bufg_I_O)         0.101     1.294 r  image_block_i/processing_system7_0/inst/buffer_fclk_clk_0.FCLK_CLK_0_BUFG/O
                         net (fo=5609, routed)        1.742     3.036    image_block_i/axis_vid_mux_0/inst/aclk
    SLICE_X22Y31         FDRE                                         r  image_block_i/axis_vid_mux_0/inst/sel_act_reg/C
  -------------------------------------------------------------------    -------------------
    SLICE_X22Y31         FDRE (Prop_fdre_C_Q)         0.478     3.514 r  image_block_i/axis_vid_mux_0/inst/sel_act_reg/Q
                         net (fo=32, routed)          0.805     4.319    image_block_i/axis_vid_mux_0/inst/sel_act
    SLICE_X20Y29         LUT5 (Prop_lut5_I3_O)        0.296     4.615 r  image_block_i/axis_vid_mux_0/inst/s0_axis_tready_INST_0_i_1/O
                         net (fo=4, routed)           0.318     4.933    image_block_i/axis_vid_mux_0/inst/s0_axis_tready_INST_0_i_1_n_0
    SLICE_X21Y30         LUT6 (Prop_lut6_I5_O)        0.124     5.057 r  image_block_i/axis_vid_mux_0/inst/s1_axis_tready_INST_0/O
                         net (fo=26, routed)          0.530     5.587    image_block_i/axis_wb_0/inst/m_axis_tready
    SLICE_X20Y29         LUT6 (Prop_lut6_I4_O)        0.124     5.711 r  image_block_i/axis_wb_0/inst/active_gB[0]_i_1/O
                         net (fo=2, routed)           0.660     6.370    image_block_i/axis_wb_0/inst/A[0]
    DSP48_X1Y12          DSP48E1 (Prop_dsp48e1_A[0]_P[19])
                                                      3.841    10.211 r  image_block_i/axis_wb_0/inst/mulB/P[19]
                         net (fo=1, routed)           1.186    11.397    image_block_i/axis_wb_0/inst/mulB__0[19]
    SLICE_X21Y35         LUT6 (Prop_lut6_I1_O)        0.124    11.521 r  image_block_i/axis_wb_0/inst/m_axis_tdata[7]_i_2/O
                         net (fo=8, routed)           0.566    12.087    image_block_i/axis_wb_0/inst/m_axis_tdata[7]_i_2_n_0
    SLICE_X21Y34         LUT4 (Prop_lut4_I1_O)        0.124    12.211 r  image_block_i/axis_wb_0/inst/m_axis_tdata[0]_i_1/O
                         net (fo=1, routed)           0.000    12.211    image_block_i/axis_wb_0/inst/m_axis_tdata[0]_i_1_n_0
    SLICE_X21Y34         FDRE                                         r  image_block_i/axis_wb_0/inst/m_axis_tdata_reg[0]/D
  -------------------------------------------------------------------    -------------------

                         (clock clk_fpga_0 rise edge)
                                                     10.000    10.000 r  
    PS7_X0Y0             PS7                          0.000    10.000 r  image_block_i/processing_system7_0/inst/PS7_i/FCLKCLK[0]
                         net (fo=1, routed)           1.088    11.088    image_block_i/processing_system7_0/inst/FCLK_CLK_unbuffered[0]
    BUFGCTRL_X0Y16       BUFG (Prop_bufg_I_O)         0.091    11.179 r  image_block_i/processing_system7_0/inst/buffer_fclk_clk_0.FCLK_CLK_0_BUFG/O
                         net (fo=5609, routed)        1.573    12.752    image_block_i/axis_wb_0/inst/aclk
    SLICE_X21Y34         FDRE                                         r  image_block_i/axis_wb_0/inst/m_axis_tdata_reg[0]/C
                         clock pessimism              0.230    12.982    
                         clock uncertainty           -0.154    12.828    
    SLICE_X21Y34         FDRE (Setup_fdre_C_D)        0.029    12.857    image_block_i/axis_wb_0/inst/m_axis_tdata_reg[0]
  -------------------------------------------------------------------
                         required time                         12.857    
                         arrival time                         -12.211    
  -------------------------------------------------------------------
                         slack                                  0.646    

Slack (MET) :             0.693ns  (required time - arrival time)
  Source:                 image_block_i/axis_vid_mux_0/inst/sel_act_reg/C
                            (rising edge-triggered cell FDRE clocked by clk_fpga_0  {rise@0.000ns fall@5.000ns period=10.000ns})
  Destination:            image_block_i/axis_wb_0/inst/m_axis_tdata_reg[2]/D
                            (rising edge-triggered cell FDRE clocked by clk_fpga_0  {rise@0.000ns fall@5.000ns period=10.000ns})
  Path Group:             clk_fpga_0
  Path Type:              Setup (Max at Slow Process Corner)
  Requirement:            10.000ns  (clk_fpga_0 rise@10.000ns - clk_fpga_0 rise@0.000ns)
  Data Path Delay:        9.210ns  (logic 5.111ns (55.494%)  route 4.099ns (44.506%))
  Logic Levels:           6  (DSP48E1=1 LUT4=1 LUT5=1 LUT6=3)
  Clock Path Skew:        -0.020ns (DCD - SCD + CPR)
    Destination Clock Delay (DCD):    2.751ns = ( 12.752 - 10.000 ) 
    Source Clock Delay      (SCD):    3.036ns
    Clock Pessimism Removal (CPR):    0.265ns
  Clock Uncertainty:      0.154ns  ((TSJ^2 + TIJ^2)^1/2 + DJ) / 2 + PE
    Total System Jitter     (TSJ):    0.071ns
    Total Input Jitter      (TIJ):    0.300ns
    Discrete Jitter          (DJ):    0.000ns
    Phase Error              (PE):    0.000ns

    Location             Delay type                Incr(ns)  Path(ns)    Netlist Resource(s)
  -------------------------------------------------------------------    -------------------
                         (clock clk_fpga_0 rise edge)
                                                      0.000     0.000 r  
    PS7_X0Y0             PS7                          0.000     0.000 r  image_block_i/processing_system7_0/inst/PS7_i/FCLKCLK[0]
                         net (fo=1, routed)           1.193     1.193    image_block_i/processing_system7_0/inst/FCLK_CLK_unbuffered[0]
    BUFGCTRL_X0Y16       BUFG (Prop_bufg_I_O)         0.101     1.294 r  image_block_i/processing_system7_0/inst/buffer_fclk_clk_0.FCLK_CLK_0_BUFG/O
                         net (fo=5609, routed)        1.742     3.036    image_block_i/axis_vid_mux_0/inst/aclk
    SLICE_X22Y31         FDRE                                         r  image_block_i/axis_vid_mux_0/inst/sel_act_reg/C
  -------------------------------------------------------------------    -------------------
    SLICE_X22Y31         FDRE (Prop_fdre_C_Q)         0.478     3.514 r  image_block_i/axis_vid_mux_0/inst/sel_act_reg/Q
                         net (fo=32, routed)          0.805     4.319    image_block_i/axis_vid_mux_0/inst/sel_act
    SLICE_X20Y29         LUT5 (Prop_lut5_I3_O)        0.296     4.615 r  image_block_i/axis_vid_mux_0/inst/s0_axis_tready_INST_0_i_1/O
                         net (fo=4, routed)           0.318     4.933    image_block_i/axis_vid_mux_0/inst/s0_axis_tready_INST_0_i_1_n_0
    SLICE_X21Y30         LUT6 (Prop_lut6_I5_O)        0.124     5.057 r  image_block_i/axis_vid_mux_0/inst/s1_axis_tready_INST_0/O
                         net (fo=26, routed)          0.530     5.587    image_block_i/axis_wb_0/inst/m_axis_tready
    SLICE_X20Y29         LUT6 (Prop_lut6_I4_O)        0.124     5.711 r  image_block_i/axis_wb_0/inst/active_gB[0]_i_1/O
                         net (fo=2, routed)           0.660     6.370    image_block_i/axis_wb_0/inst/A[0]
    DSP48_X1Y12          DSP48E1 (Prop_dsp48e1_A[0]_P[19])
                                                      3.841    10.211 r  image_block_i/axis_wb_0/inst/mulB/P[19]
                         net (fo=1, routed)           1.186    11.397    image_block_i/axis_wb_0/inst/mulB__0[19]
    SLICE_X21Y35         LUT6 (Prop_lut6_I1_O)        0.124    11.521 r  image_block_i/axis_wb_0/inst/m_axis_tdata[7]_i_2/O
                         net (fo=8, routed)           0.601    12.122    image_block_i/axis_wb_0/inst/m_axis_tdata[7]_i_2_n_0
    SLICE_X22Y34         LUT4 (Prop_lut4_I1_O)        0.124    12.246 r  image_block_i/axis_wb_0/inst/m_axis_tdata[2]_i_1/O
                         net (fo=1, routed)           0.000    12.246    image_block_i/axis_wb_0/inst/m_axis_tdata[2]_i_1_n_0
    SLICE_X22Y34         FDRE                                         r  image_block_i/axis_wb_0/inst/m_axis_tdata_reg[2]/D
  -------------------------------------------------------------------    -------------------

                         (clock clk_fpga_0 rise edge)
                                                     10.000    10.000 r  
    PS7_X0Y0             PS7                          0.000    10.000 r  image_block_i/processing_system7_0/inst/PS7_i/FCLKCLK[0]
                         net (fo=1, routed)           1.088    11.088    image_block_i/processing_system7_0/inst/FCLK_CLK_unbuffered[0]
    BUFGCTRL_X0Y16       BUFG (Prop_bufg_I_O)         0.091    11.179 r  image_block_i/processing_system7_0/inst/buffer_fclk_clk_0.FCLK_CLK_0_BUFG/O
                         net (fo=5609, routed)        1.572    12.752    image_block_i/axis_wb_0/inst/aclk
    SLICE_X22Y34         FDRE                                         r  image_block_i/axis_wb_0/inst/m_axis_tdata_reg[2]/C
                         clock pessimism              0.265    13.016    
                         clock uncertainty           -0.154    12.862    
    SLICE_X22Y34         FDRE (Setup_fdre_C_D)        0.077    12.939    image_block_i/axis_wb_0/inst/m_axis_tdata_reg[2]
  -------------------------------------------------------------------
                         required time                         12.939    
                         arrival time                         -12.246    
  -------------------------------------------------------------------
                         slack                                  0.693    





Min Delay Paths
--------------------------------------------------------------------------------------
Slack (MET) :             0.025ns  (arrival time - required time)
  Source:                 image_block_i/u_sensor_regs/inst/ze_fcnt_reg[8]/C
                            (rising edge-triggered cell FDRE clocked by clk_fpga_0  {rise@0.000ns fall@5.000ns period=10.000ns})
  Destination:            image_block_i/u_sensor_regs/inst/s_zf_reg[8]/D
                            (rising edge-triggered cell FDRE clocked by clk_fpga_0  {rise@0.000ns fall@5.000ns period=10.000ns})
  Path Group:             clk_fpga_0
  Path Type:              Hold (Min at Fast Process Corner)
  Requirement:            0.000ns  (clk_fpga_0 rise@0.000ns - clk_fpga_0 rise@0.000ns)
  Data Path Delay:        0.354ns  (logic 0.141ns (39.782%)  route 0.213ns (60.218%))
  Logic Levels:           0  
  Clock Path Skew:        0.259ns (DCD - SCD - CPR)
    Destination Clock Delay (DCD):    1.179ns
    Source Clock Delay      (SCD):    0.885ns
    Clock Pessimism Removal (CPR):    0.035ns

    Location             Delay type                Incr(ns)  Path(ns)    Netlist Resource(s)
  -------------------------------------------------------------------    -------------------
                         (clock clk_fpga_0 rise edge)
                                                      0.000     0.000 r  
    PS7_X0Y0             PS7                          0.000     0.000 r  image_block_i/processing_system7_0/inst/PS7_i/FCLKCLK[0]
                         net (fo=1, routed)           0.310     0.310    image_block_i/processing_system7_0/inst/FCLK_CLK_unbuffered[0]
    BUFGCTRL_X0Y16       BUFG (Prop_bufg_I_O)         0.026     0.336 r  image_block_i/processing_system7_0/inst/buffer_fclk_clk_0.FCLK_CLK_0_BUFG/O
                         net (fo=5609, routed)        0.549     0.885    image_block_i/u_sensor_regs/inst/aclk
    SLICE_X49Y82         FDRE                                         r  image_block_i/u_sensor_regs/inst/ze_fcnt_reg[8]/C
  -------------------------------------------------------------------    -------------------
    SLICE_X49Y82         FDRE (Prop_fdre_C_Q)         0.141     1.026 r  image_block_i/u_sensor_regs/inst/ze_fcnt_reg[8]/Q
                         net (fo=2, routed)           0.213     1.239    image_block_i/u_sensor_regs/inst/ze_fcnt_reg[8]
    SLICE_X53Y83         FDRE                                         r  image_block_i/u_sensor_regs/inst/s_zf_reg[8]/D
  -------------------------------------------------------------------    -------------------

                         (clock clk_fpga_0 rise edge)
                                                      0.000     0.000 r  
    PS7_X0Y0             PS7                          0.000     0.000 r  image_block_i/processing_system7_0/inst/PS7_i/FCLKCLK[0]
                         net (fo=1, routed)           0.337     0.337    image_block_i/processing_system7_0/inst/FCLK_CLK_unbuffered[0]
    BUFGCTRL_X0Y16       BUFG (Prop_bufg_I_O)         0.029     0.366 r  image_block_i/processing_system7_0/inst/buffer_fclk_clk_0.FCLK_CLK_0_BUFG/O
                         net (fo=5609, routed)        0.813     1.179    image_block_i/u_sensor_regs/inst/aclk
    SLICE_X53Y83         FDRE                                         r  image_block_i/u_sensor_regs/inst/s_zf_reg[8]/C
                         clock pessimism             -0.035     1.144    
    SLICE_X53Y83         FDRE (Hold_fdre_C_D)         0.070     1.214    image_block_i/u_sensor_regs/inst/s_zf_reg[8]
  -------------------------------------------------------------------
                         required time                         -1.214    
                         arrival time                           1.239    
  -------------------------------------------------------------------
                         slack                                  0.025    

Slack (MET) :             0.026ns  (arrival time - required time)
  Source:                 image_block_i/u_pm_parse/inst/pm1_0_reg[12]/C
                            (rising edge-triggered cell FDRE clocked by clk_fpga_0  {rise@0.000ns fall@5.000ns period=10.000ns})
  Destination:            image_block_i/u_sensor_regs/inst/s_pm1_reg[12]/D
                            (rising edge-triggered cell FDRE clocked by clk_fpga_0  {rise@0.000ns fall@5.000ns period=10.000ns})
  Path Group:             clk_fpga_0
  Path Type:              Hold (Min at Fast Process Corner)
  Requirement:            0.000ns  (clk_fpga_0 rise@0.000ns - clk_fpga_0 rise@0.000ns)
  Data Path Delay:        0.306ns  (logic 0.148ns (48.405%)  route 0.158ns (51.595%))
  Logic Levels:           0  
  Clock Path Skew:        0.266ns (DCD - SCD - CPR)
    Destination Clock Delay (DCD):    1.185ns
    Source Clock Delay      (SCD):    0.884ns
    Clock Pessimism Removal (CPR):    0.035ns

    Location             Delay type                Incr(ns)  Path(ns)    Netlist Resource(s)
  -------------------------------------------------------------------    -------------------
                         (clock clk_fpga_0 rise edge)
                                                      0.000     0.000 r  
    PS7_X0Y0             PS7                          0.000     0.000 r  image_block_i/processing_system7_0/inst/PS7_i/FCLKCLK[0]
                         net (fo=1, routed)           0.310     0.310    image_block_i/processing_system7_0/inst/FCLK_CLK_unbuffered[0]
    BUFGCTRL_X0Y16       BUFG (Prop_bufg_I_O)         0.026     0.336 r  image_block_i/processing_system7_0/inst/buffer_fclk_clk_0.FCLK_CLK_0_BUFG/O
                         net (fo=5609, routed)        0.548     0.884    image_block_i/u_pm_parse/inst/aclk
    SLICE_X50Y85         FDRE                                         r  image_block_i/u_pm_parse/inst/pm1_0_reg[12]/C
  -------------------------------------------------------------------    -------------------
    SLICE_X50Y85         FDRE (Prop_fdre_C_Q)         0.148     1.032 r  image_block_i/u_pm_parse/inst/pm1_0_reg[12]/Q
                         net (fo=1, routed)           0.158     1.189    image_block_i/u_sensor_regs/inst/pm_pm1_0[12]
    SLICE_X49Y85         FDRE                                         r  image_block_i/u_sensor_regs/inst/s_pm1_reg[12]/D
  -------------------------------------------------------------------    -------------------

                         (clock clk_fpga_0 rise edge)
                                                      0.000     0.000 r  
    PS7_X0Y0             PS7                          0.000     0.000 r  image_block_i/processing_system7_0/inst/PS7_i/FCLKCLK[0]
                         net (fo=1, routed)           0.337     0.337    image_block_i/processing_system7_0/inst/FCLK_CLK_unbuffered[0]
    BUFGCTRL_X0Y16       BUFG (Prop_bufg_I_O)         0.029     0.366 r  image_block_i/processing_system7_0/inst/buffer_fclk_clk_0.FCLK_CLK_0_BUFG/O
                         net (fo=5609, routed)        0.819     1.185    image_block_i/u_sensor_regs/inst/aclk
    SLICE_X49Y85         FDRE                                         r  image_block_i/u_sensor_regs/inst/s_pm1_reg[12]/C
                         clock pessimism             -0.035     1.150    
    SLICE_X49Y85         FDRE (Hold_fdre_C_D)         0.013     1.163    image_block_i/u_sensor_regs/inst/s_pm1_reg[12]
  -------------------------------------------------------------------
                         required time                         -1.163    
                         arrival time                           1.189    
  -------------------------------------------------------------------
                         slack                                  0.026    

Slack (MET) :             0.027ns  (arrival time - required time)
  Source:                 image_block_i/u_sensor_regs/inst/ze_fcnt_reg[3]/C
                            (rising edge-triggered cell FDRE clocked by clk_fpga_0  {rise@0.000ns fall@5.000ns period=10.000ns})
  Destination:            image_block_i/u_sensor_regs/inst/s_zf_reg[3]/D
                            (rising edge-triggered cell FDRE clocked by clk_fpga_0  {rise@0.000ns fall@5.000ns period=10.000ns})
  Path Group:             clk_fpga_0
  Path Type:              Hold (Min at Fast Process Corner)
  Requirement:            0.000ns  (clk_fpga_0 rise@0.000ns - clk_fpga_0 rise@0.000ns)
  Data Path Delay:        0.356ns  (logic 0.141ns (39.585%)  route 0.215ns (60.415%))
  Logic Levels:           0  
  Clock Path Skew:        0.259ns (DCD - SCD - CPR)
    Destination Clock Delay (DCD):    1.177ns
    Source Clock Delay      (SCD):    0.883ns
    Clock Pessimism Removal (CPR):    0.035ns

    Location             Delay type                Incr(ns)  Path(ns)    Netlist Resource(s)
  -------------------------------------------------------------------    -------------------
                         (clock clk_fpga_0 rise edge)
                                                      0.000     0.000 r  
    PS7_X0Y0             PS7                          0.000     0.000 r  image_block_i/processing_system7_0/inst/PS7_i/FCLKCLK[0]
                         net (fo=1, routed)           0.310     0.310    image_block_i/processing_system7_0/inst/FCLK_CLK_unbuffered[0]
    BUFGCTRL_X0Y16       BUFG (Prop_bufg_I_O)         0.026     0.336 r  image_block_i/processing_system7_0/inst/buffer_fclk_clk_0.FCLK_CLK_0_BUFG/O
                         net (fo=5609, routed)        0.547     0.883    image_block_i/u_sensor_regs/inst/aclk
    SLICE_X49Y80         FDRE                                         r  image_block_i/u_sensor_regs/inst/ze_fcnt_reg[3]/C
  -------------------------------------------------------------------    -------------------
    SLICE_X49Y80         FDRE (Prop_fdre_C_Q)         0.141     1.024 r  image_block_i/u_sensor_regs/inst/ze_fcnt_reg[3]/Q
                         net (fo=2, routed)           0.215     1.239    image_block_i/u_sensor_regs/inst/ze_fcnt_reg[3]
    SLICE_X53Y81         FDRE                                         r  image_block_i/u_sensor_regs/inst/s_zf_reg[3]/D
  -------------------------------------------------------------------    -------------------

                         (clock clk_fpga_0 rise edge)
                                                      0.000     0.000 r  
    PS7_X0Y0             PS7                          0.000     0.000 r  image_block_i/processing_system7_0/inst/PS7_i/FCLKCLK[0]
                         net (fo=1, routed)           0.337     0.337    image_block_i/processing_system7_0/inst/FCLK_CLK_unbuffered[0]
    BUFGCTRL_X0Y16       BUFG (Prop_bufg_I_O)         0.029     0.366 r  image_block_i/processing_system7_0/inst/buffer_fclk_clk_0.FCLK_CLK_0_BUFG/O
                         net (fo=5609, routed)        0.811     1.177    image_block_i/u_sensor_regs/inst/aclk
    SLICE_X53Y81         FDRE                                         r  image_block_i/u_sensor_regs/inst/s_zf_reg[3]/C
                         clock pessimism             -0.035     1.142    
    SLICE_X53Y81         FDRE (Hold_fdre_C_D)         0.070     1.212    image_block_i/u_sensor_regs/inst/s_zf_reg[3]
  -------------------------------------------------------------------
                         required time                         -1.212    
                         arrival time                           1.239    
  -------------------------------------------------------------------
                         slack                                  0.027    

Slack (MET) :             0.027ns  (arrival time - required time)
  Source:                 image_block_i/u_sensor_regs/inst/ze_fcnt_reg[7]/C
                            (rising edge-triggered cell FDRE clocked by clk_fpga_0  {rise@0.000ns fall@5.000ns period=10.000ns})
  Destination:            image_block_i/u_sensor_regs/inst/s_zf_reg[7]/D
                            (rising edge-triggered cell FDRE clocked by clk_fpga_0  {rise@0.000ns fall@5.000ns period=10.000ns})
  Path Group:             clk_fpga_0
  Path Type:              Hold (Min at Fast Process Corner)
  Requirement:            0.000ns  (clk_fpga_0 rise@0.000ns - clk_fpga_0 rise@0.000ns)
  Data Path Delay:        0.356ns  (logic 0.141ns (39.585%)  route 0.215ns (60.415%))
  Logic Levels:           0  
  Clock Path Skew:        0.259ns (DCD - SCD - CPR)
    Destination Clock Delay (DCD):    1.178ns
    Source Clock Delay      (SCD):    0.884ns
    Clock Pessimism Removal (CPR):    0.035ns

    Location             Delay type                Incr(ns)  Path(ns)    Netlist Resource(s)
  -------------------------------------------------------------------    -------------------
                         (clock clk_fpga_0 rise edge)
                                                      0.000     0.000 r  
    PS7_X0Y0             PS7                          0.000     0.000 r  image_block_i/processing_system7_0/inst/PS7_i/FCLKCLK[0]
                         net (fo=1, routed)           0.310     0.310    image_block_i/processing_system7_0/inst/FCLK_CLK_unbuffered[0]
    BUFGCTRL_X0Y16       BUFG (Prop_bufg_I_O)         0.026     0.336 r  image_block_i/processing_system7_0/inst/buffer_fclk_clk_0.FCLK_CLK_0_BUFG/O
                         net (fo=5609, routed)        0.548     0.884    image_block_i/u_sensor_regs/inst/aclk
    SLICE_X49Y81         FDRE                                         r  image_block_i/u_sensor_regs/inst/ze_fcnt_reg[7]/C
  -------------------------------------------------------------------    -------------------
    SLICE_X49Y81         FDRE (Prop_fdre_C_Q)         0.141     1.025 r  image_block_i/u_sensor_regs/inst/ze_fcnt_reg[7]/Q
                         net (fo=2, routed)           0.215     1.240    image_block_i/u_sensor_regs/inst/ze_fcnt_reg[7]
    SLICE_X53Y82         FDRE                                         r  image_block_i/u_sensor_regs/inst/s_zf_reg[7]/D
  -------------------------------------------------------------------    -------------------

                         (clock clk_fpga_0 rise edge)
                                                      0.000     0.000 r  
    PS7_X0Y0             PS7                          0.000     0.000 r  image_block_i/processing_system7_0/inst/PS7_i/FCLKCLK[0]
                         net (fo=1, routed)           0.337     0.337    image_block_i/processing_system7_0/inst/FCLK_CLK_unbuffered[0]
    BUFGCTRL_X0Y16       BUFG (Prop_bufg_I_O)         0.029     0.366 r  image_block_i/processing_system7_0/inst/buffer_fclk_clk_0.FCLK_CLK_0_BUFG/O
                         net (fo=5609, routed)        0.812     1.178    image_block_i/u_sensor_regs/inst/aclk
    SLICE_X53Y82         FDRE                                         r  image_block_i/u_sensor_regs/inst/s_zf_reg[7]/C
                         clock pessimism             -0.035     1.143    
    SLICE_X53Y82         FDRE (Hold_fdre_C_D)         0.070     1.213    image_block_i/u_sensor_regs/inst/s_zf_reg[7]
  -------------------------------------------------------------------
                         required time                         -1.213    
                         arrival time                           1.240    
  -------------------------------------------------------------------
                         slack                                  0.027    

Slack (MET) :             0.033ns  (arrival time - required time)
  Source:                 image_block_i/u_sensor_regs/inst/ze_fcnt_reg[15]/C
                            (rising edge-triggered cell FDRE clocked by clk_fpga_0  {rise@0.000ns fall@5.000ns period=10.000ns})
  Destination:            image_block_i/u_sensor_regs/inst/s_zf_reg[15]/D
                            (rising edge-triggered cell FDRE clocked by clk_fpga_0  {rise@0.000ns fall@5.000ns period=10.000ns})
  Path Group:             clk_fpga_0
  Path Type:              Hold (Min at Fast Process Corner)
  Requirement:            0.000ns  (clk_fpga_0 rise@0.000ns - clk_fpga_0 rise@0.000ns)
  Data Path Delay:        0.363ns  (logic 0.141ns (38.791%)  route 0.222ns (61.209%))
  Logic Levels:           0  
  Clock Path Skew:        0.260ns (DCD - SCD - CPR)
    Destination Clock Delay (DCD):    1.181ns
    Source Clock Delay      (SCD):    0.886ns
    Clock Pessimism Removal (CPR):    0.035ns

    Location             Delay type                Incr(ns)  Path(ns)    Netlist Resource(s)
  -------------------------------------------------------------------    -------------------
                         (clock clk_fpga_0 rise edge)
                                                      0.000     0.000 r  
    PS7_X0Y0             PS7                          0.000     0.000 r  image_block_i/processing_system7_0/inst/PS7_i/FCLKCLK[0]
                         net (fo=1, routed)           0.310     0.310    image_block_i/processing_system7_0/inst/FCLK_CLK_unbuffered[0]
    BUFGCTRL_X0Y16       BUFG (Prop_bufg_I_O)         0.026     0.336 r  image_block_i/processing_system7_0/inst/buffer_fclk_clk_0.FCLK_CLK_0_BUFG/O
                         net (fo=5609, routed)        0.550     0.886    image_block_i/u_sensor_regs/inst/aclk
    SLICE_X49Y83         FDRE                                         r  image_block_i/u_sensor_regs/inst/ze_fcnt_reg[15]/C
  -------------------------------------------------------------------    -------------------
    SLICE_X49Y83         FDRE (Prop_fdre_C_Q)         0.141     1.027 r  image_block_i/u_sensor_regs/inst/ze_fcnt_reg[15]/Q
                         net (fo=2, routed)           0.222     1.249    image_block_i/u_sensor_regs/inst/ze_fcnt_reg[15]
    SLICE_X51Y85         FDRE                                         r  image_block_i/u_sensor_regs/inst/s_zf_reg[15]/D
  -------------------------------------------------------------------    -------------------

                         (clock clk_fpga_0 rise edge)
                                                      0.000     0.000 r  
    PS7_X0Y0             PS7                          0.000     0.000 r  image_block_i/processing_system7_0/inst/PS7_i/FCLKCLK[0]
                         net (fo=1, routed)           0.337     0.337    image_block_i/processing_system7_0/inst/FCLK_CLK_unbuffered[0]
    BUFGCTRL_X0Y16       BUFG (Prop_bufg_I_O)         0.029     0.366 r  image_block_i/processing_system7_0/inst/buffer_fclk_clk_0.FCLK_CLK_0_BUFG/O
                         net (fo=5609, routed)        0.815     1.181    image_block_i/u_sensor_regs/inst/aclk
    SLICE_X51Y85         FDRE                                         r  image_block_i/u_sensor_regs/inst/s_zf_reg[15]/C
                         clock pessimism             -0.035     1.146    
    SLICE_X51Y85         FDRE (Hold_fdre_C_D)         0.070     1.216    image_block_i/u_sensor_regs/inst/s_zf_reg[15]
  -------------------------------------------------------------------
                         required time                         -1.216    
                         arrival time                           1.249    
  -------------------------------------------------------------------
                         slack                                  0.033    

Slack (MET) :             0.040ns  (arrival time - required time)
  Source:                 image_block_i/u_ze_parse/inst/conc_reg[4]/C
                            (rising edge-triggered cell FDRE clocked by clk_fpga_0  {rise@0.000ns fall@5.000ns period=10.000ns})
  Destination:            image_block_i/u_sensor_regs/inst/s_conc_reg[4]/D
                            (rising edge-triggered cell FDRE clocked by clk_fpga_0  {rise@0.000ns fall@5.000ns period=10.000ns})
  Path Group:             clk_fpga_0
  Path Type:              Hold (Min at Fast Process Corner)
  Requirement:            0.000ns  (clk_fpga_0 rise@0.000ns - clk_fpga_0 rise@0.000ns)
  Data Path Delay:        0.367ns  (logic 0.141ns (38.406%)  route 0.226ns (61.594%))
  Logic Levels:           0  
  Clock Path Skew:        0.257ns (DCD - SCD - CPR)
    Destination Clock Delay (DCD):    1.175ns
    Source Clock Delay      (SCD):    0.883ns
    Clock Pessimism Removal (CPR):    0.035ns

    Location             Delay type                Incr(ns)  Path(ns)    Netlist Resource(s)
  -------------------------------------------------------------------    -------------------
                         (clock clk_fpga_0 rise edge)
                                                      0.000     0.000 r  
    PS7_X0Y0             PS7                          0.000     0.000 r  image_block_i/processing_system7_0/inst/PS7_i/FCLKCLK[0]
                         net (fo=1, routed)           0.310     0.310    image_block_i/processing_system7_0/inst/FCLK_CLK_unbuffered[0]
    BUFGCTRL_X0Y16       BUFG (Prop_bufg_I_O)         0.026     0.336 r  image_block_i/processing_system7_0/inst/buffer_fclk_clk_0.FCLK_CLK_0_BUFG/O
                         net (fo=5609, routed)        0.547     0.883    image_block_i/u_ze_parse/inst/aclk
    SLICE_X47Y79         FDRE                                         r  image_block_i/u_ze_parse/inst/conc_reg[4]/C
  -------------------------------------------------------------------    -------------------
    SLICE_X47Y79         FDRE (Prop_fdre_C_Q)         0.141     1.024 r  image_block_i/u_ze_parse/inst/conc_reg[4]/Q
                         net (fo=1, routed)           0.226     1.250    image_block_i/u_sensor_regs/inst/ze_conc[4]
    SLICE_X51Y79         FDRE                                         r  image_block_i/u_sensor_regs/inst/s_conc_reg[4]/D
  -------------------------------------------------------------------    -------------------

                         (clock clk_fpga_0 rise edge)
                                                      0.000     0.000 r  
    PS7_X0Y0             PS7                          0.000     0.000 r  image_block_i/processing_system7_0/inst/PS7_i/FCLKCLK[0]
                         net (fo=1, routed)           0.337     0.337    image_block_i/processing_system7_0/inst/FCLK_CLK_unbuffered[0]
    BUFGCTRL_X0Y16       BUFG (Prop_bufg_I_O)         0.029     0.366 r  image_block_i/processing_system7_0/inst/buffer_fclk_clk_0.FCLK_CLK_0_BUFG/O
                         net (fo=5609, routed)        0.809     1.175    image_block_i/u_sensor_regs/inst/aclk
    SLICE_X51Y79         FDRE                                         r  image_block_i/u_sensor_regs/inst/s_conc_reg[4]/C
                         clock pessimism             -0.035     1.140    
    SLICE_X51Y79         FDRE (Hold_fdre_C_D)         0.070     1.210    image_block_i/u_sensor_regs/inst/s_conc_reg[4]
  -------------------------------------------------------------------
                         required time                         -1.210    
                         arrival time                           1.250    
  -------------------------------------------------------------------
                         slack                                  0.040    

Slack (MET) :             0.042ns  (arrival time - required time)
  Source:                 image_block_i/axi_vdma_0/U0/I_PRMRY_DATAMOVER/GEN_S2MM_FULL.I_S2MM_FULL_WRAPPER/GEN_INCLUDE_REALIGNER.I_S2MM_REALIGNER/GEN_INCLUDE_SCATTER.I_S2MM_SCATTER/SLICE_INSERTION/storage_data_reg[0]/C
                            (rising edge-triggered cell FDRE clocked by clk_fpga_0  {rise@0.000ns fall@5.000ns period=10.000ns})
  Destination:            image_block_i/axi_vdma_0/U0/I_PRMRY_DATAMOVER/GEN_S2MM_FULL.I_S2MM_FULL_WRAPPER/GEN_INCLUDE_REALIGNER.I_S2MM_REALIGNER/GEN_INCLUDE_SCATTER.I_S2MM_SCATTER/I_TSTRB_FIFO/USE_SRL_FIFO.I_SYNC_FIFO/data_reg[15][8]_srl16/D
                            (rising edge-triggered cell SRL16E clocked by clk_fpga_0  {rise@0.000ns fall@5.000ns period=10.000ns})
  Path Group:             clk_fpga_0
  Path Type:              Hold (Min at Fast Process Corner)
  Requirement:            0.000ns  (clk_fpga_0 rise@0.000ns - clk_fpga_0 rise@0.000ns)
  Data Path Delay:        0.259ns  (logic 0.141ns (54.469%)  route 0.118ns (45.531%))
  Logic Levels:           0  
  Clock Path Skew:        0.034ns (DCD - SCD - CPR)
    Destination Clock Delay (DCD):    1.191ns
    Source Clock Delay      (SCD):    0.893ns
    Clock Pessimism Removal (CPR):    0.264ns

    Location             Delay type                Incr(ns)  Path(ns)    Netlist Resource(s)
  -------------------------------------------------------------------    -------------------
                         (clock clk_fpga_0 rise edge)
                                                      0.000     0.000 r  
    PS7_X0Y0             PS7                          0.000     0.000 r  image_block_i/processing_system7_0/inst/PS7_i/FCLKCLK[0]
                         net (fo=1, routed)           0.310     0.310    image_block_i/processing_system7_0/inst/FCLK_CLK_unbuffered[0]
    BUFGCTRL_X0Y16       BUFG (Prop_bufg_I_O)         0.026     0.336 r  image_block_i/processing_system7_0/inst/buffer_fclk_clk_0.FCLK_CLK_0_BUFG/O
                         net (fo=5609, routed)        0.557     0.893    image_block_i/axi_vdma_0/U0/I_PRMRY_DATAMOVER/GEN_S2MM_FULL.I_S2MM_FULL_WRAPPER/GEN_INCLUDE_REALIGNER.I_S2MM_REALIGNER/GEN_INCLUDE_SCATTER.I_S2MM_SCATTER/SLICE_INSERTION/m_axi_s2mm_aclk
    SLICE_X44Y51         FDRE                                         r  image_block_i/axi_vdma_0/U0/I_PRMRY_DATAMOVER/GEN_S2MM_FULL.I_S2MM_FULL_WRAPPER/GEN_INCLUDE_REALIGNER.I_S2MM_REALIGNER/GEN_INCLUDE_SCATTER.I_S2MM_SCATTER/SLICE_INSERTION/storage_data_reg[0]/C
  -------------------------------------------------------------------    -------------------
    SLICE_X44Y51         FDRE (Prop_fdre_C_Q)         0.141     1.034 r  image_block_i/axi_vdma_0/U0/I_PRMRY_DATAMOVER/GEN_S2MM_FULL.I_S2MM_FULL_WRAPPER/GEN_INCLUDE_REALIGNER.I_S2MM_REALIGNER/GEN_INCLUDE_SCATTER.I_S2MM_SCATTER/SLICE_INSERTION/storage_data_reg[0]/Q
                         net (fo=1, routed)           0.118     1.151    image_block_i/axi_vdma_0/U0/I_PRMRY_DATAMOVER/GEN_S2MM_FULL.I_S2MM_FULL_WRAPPER/GEN_INCLUDE_REALIGNER.I_S2MM_REALIGNER/GEN_INCLUDE_SCATTER.I_S2MM_SCATTER/I_TSTRB_FIFO/USE_SRL_FIFO.I_SYNC_FIFO/sig_dre2ibtt_tlast_reg_reg_1[0]
    SLICE_X42Y50         SRL16E                                       r  image_block_i/axi_vdma_0/U0/I_PRMRY_DATAMOVER/GEN_S2MM_FULL.I_S2MM_FULL_WRAPPER/GEN_INCLUDE_REALIGNER.I_S2MM_REALIGNER/GEN_INCLUDE_SCATTER.I_S2MM_SCATTER/I_TSTRB_FIFO/USE_SRL_FIFO.I_SYNC_FIFO/data_reg[15][8]_srl16/D
  -------------------------------------------------------------------    -------------------

                         (clock clk_fpga_0 rise edge)
                                                      0.000     0.000 r  
    PS7_X0Y0             PS7                          0.000     0.000 r  image_block_i/processing_system7_0/inst/PS7_i/FCLKCLK[0]
                         net (fo=1, routed)           0.337     0.337    image_block_i/processing_system7_0/inst/FCLK_CLK_unbuffered[0]
    BUFGCTRL_X0Y16       BUFG (Prop_bufg_I_O)         0.029     0.366 r  image_block_i/processing_system7_0/inst/buffer_fclk_clk_0.FCLK_CLK_0_BUFG/O
                         net (fo=5609, routed)        0.825     1.191    image_block_i/axi_vdma_0/U0/I_PRMRY_DATAMOVER/GEN_S2MM_FULL.I_S2MM_FULL_WRAPPER/GEN_INCLUDE_REALIGNER.I_S2MM_REALIGNER/GEN_INCLUDE_SCATTER.I_S2MM_SCATTER/I_TSTRB_FIFO/USE_SRL_FIFO.I_SYNC_FIFO/m_axi_s2mm_aclk
    SLICE_X42Y50         SRL16E                                       r  image_block_i/axi_vdma_0/U0/I_PRMRY_DATAMOVER/GEN_S2MM_FULL.I_S2MM_FULL_WRAPPER/GEN_INCLUDE_REALIGNER.I_S2MM_REALIGNER/GEN_INCLUDE_SCATTER.I_S2MM_SCATTER/I_TSTRB_FIFO/USE_SRL_FIFO.I_SYNC_FIFO/data_reg[15][8]_srl16/CLK
                         clock pessimism             -0.264     0.927    
    SLICE_X42Y50         SRL16E (Hold_srl16e_CLK_D)
                                                      0.183     1.110    image_block_i/axi_vdma_0/U0/I_PRMRY_DATAMOVER/GEN_S2MM_FULL.I_S2MM_FULL_WRAPPER/GEN_INCLUDE_REALIGNER.I_S2MM_REALIGNER/GEN_INCLUDE_SCATTER.I_S2MM_SCATTER/I_TSTRB_FIFO/USE_SRL_FIFO.I_SYNC_FIFO/data_reg[15][8]_srl16
  -------------------------------------------------------------------
                         required time                         -1.110    
                         arrival time                           1.151    
  -------------------------------------------------------------------
                         slack                                  0.042    

Slack (MET) :             0.045ns  (arrival time - required time)
  Source:                 image_block_wrapper/image_block/image_block_axi_mem_intercon_0/s00_couplers_imp_VHS1OY/image_block_axi_mem_intercon_imp_auto_pc_0/image_block_axi_mem_intercon_imp_auto_pc_0_axi_protocol_converter_v2_1_37_axi_protocol_converter/image_block_axi_mem_intercon_imp_auto_pc_0_axi_protocol_converter_v2_1_37_axi3_conv/image_block_axi_mem_intercon_imp_auto_pc_0_axi_protocol_converter_v2_1_37_a_axi3_conv/image_block_axi_mem_intercon_imp_auto_pc_0_axi_data_fifo_v2_1_36_axic_fifo_0/image_block_axi_mem_intercon_imp_auto_pc_0_axi_data_fifo_v2_1_36_fifo_gen/<hidden>/<hidden>/<hidden>/<hidden>/<hidden>
                            (rising edge-triggered cell FDRE clocked by clk_fpga_0  {rise@0.000ns fall@5.000ns period=10.000ns})
  Destination:            image_block_i/axi_mem_intercon/s00_couplers/auto_pc/inst/gen_axi4_axi3.axi3_conv_inst/USE_WRITE.USE_SPLIT_W.write_resp_inst/repeat_cnt_reg[1]/D
                            (rising edge-triggered cell FDRE clocked by clk_fpga_0  {rise@0.000ns fall@5.000ns period=10.000ns})
  Path Group:             clk_fpga_0
  Path Type:              Hold (Min at Fast Process Corner)
  Requirement:            0.000ns  (clk_fpga_0 rise@0.000ns - clk_fpga_0 rise@0.000ns)
  Data Path Delay:        0.417ns  (logic 0.184ns (44.171%)  route 0.233ns (55.829%))
  Logic Levels:           1  (LUT5=1)
  Clock Path Skew:        0.267ns (DCD - SCD - CPR)
    Destination Clock Delay (DCD):    1.190ns
    Source Clock Delay      (SCD):    0.888ns
    Clock Pessimism Removal (CPR):    0.035ns

    Location             Delay type                Incr(ns)  Path(ns)    Netlist Resource(s)
  -------------------------------------------------------------------    -------------------
                         (clock clk_fpga_0 rise edge)
                                                      0.000     0.000 r  
    PS7_X0Y0             PS7                          0.000     0.000 r  image_block_i/processing_system7_0/inst/PS7_i/FCLKCLK[0]
                         net (fo=1, routed)           0.310     0.310    image_block_i/processing_system7_0/inst/FCLK_CLK_unbuffered[0]
    BUFGCTRL_X0Y16       BUFG (Prop_bufg_I_O)         0.026     0.336 r  image_block_i/processing_system7_0/inst/buffer_fclk_clk_0.FCLK_CLK_0_BUFG/O
                         net (fo=5609, routed)        0.552     0.888    image_block_wrapper/image_block/image_block_axi_mem_intercon_0/s00_couplers_imp_VHS1OY/image_block_axi_mem_intercon_imp_auto_pc_0/image_block_axi_mem_intercon_imp_auto_pc_0_axi_protocol_converter_v2_1_37_axi_protocol_converter/image_block_axi_mem_intercon_imp_auto_pc_0_axi_protocol_converter_v2_1_37_axi3_conv/image_block_axi_mem_intercon_imp_auto_pc_0_axi_protocol_converter_v2_1_37_a_axi3_conv/image_block_axi_mem_intercon_imp_auto_pc_0_axi_data_fifo_v2_1_36_axic_fifo_0/image_block_axi_mem_intercon_imp_auto_pc_0_axi_data_fifo_v2_1_36_fifo_gen/<hidden>/<hidden>/<hidden>/<hidden>/<hidden>
    SLICE_X51Y56         FDRE                                         r  image_block_wrapper/image_block/image_block_axi_mem_intercon_0/s00_couplers_imp_VHS1OY/image_block_axi_mem_intercon_imp_auto_pc_0/image_block_axi_mem_intercon_imp_auto_pc_0_axi_protocol_converter_v2_1_37_axi_protocol_converter/image_block_axi_mem_intercon_imp_auto_pc_0_axi_protocol_converter_v2_1_37_axi3_conv/image_block_axi_mem_intercon_imp_auto_pc_0_axi_protocol_converter_v2_1_37_a_axi3_conv/image_block_axi_mem_intercon_imp_auto_pc_0_axi_data_fifo_v2_1_36_axic_fifo_0/image_block_axi_mem_intercon_imp_auto_pc_0_axi_data_fifo_v2_1_36_fifo_gen/<hidden>/<hidden>/<hidden>/<hidden>/<hidden>
  -------------------------------------------------------------------    -------------------
    SLICE_X51Y56         FDRE (Prop_fdre_C_Q)         0.141     1.029 r  image_block_wrapper/image_block/image_block_axi_mem_intercon_0/s00_couplers_imp_VHS1OY/image_block_axi_mem_intercon_imp_auto_pc_0/image_block_axi_mem_intercon_imp_auto_pc_0_axi_protocol_converter_v2_1_37_axi_protocol_converter/image_block_axi_mem_intercon_imp_auto_pc_0_axi_protocol_converter_v2_1_37_axi3_conv/image_block_axi_mem_intercon_imp_auto_pc_0_axi_protocol_converter_v2_1_37_a_axi3_conv/image_block_axi_mem_intercon_imp_auto_pc_0_axi_data_fifo_v2_1_36_axic_fifo_0/image_block_axi_mem_intercon_imp_auto_pc_0_axi_data_fifo_v2_1_36_fifo_gen/<hidden>/<hidden>/<hidden>/<hidden>/<hidden>
                         net (fo=4, routed)           0.233     1.261    image_block_i/axi_mem_intercon/s00_couplers/auto_pc/inst/gen_axi4_axi3.axi3_conv_inst/USE_WRITE.USE_SPLIT_W.write_resp_inst/dout[0]
    SLICE_X48Y56         LUT5 (Prop_lut5_I4_O)        0.043     1.304 r  image_block_i/axi_mem_intercon/s00_couplers/auto_pc/inst/gen_axi4_axi3.axi3_conv_inst/USE_WRITE.USE_SPLIT_W.write_resp_inst/repeat_cnt[1]_i_1/O
                         net (fo=1, routed)           0.000     1.304    image_block_i/axi_mem_intercon/s00_couplers/auto_pc/inst/gen_axi4_axi3.axi3_conv_inst/USE_WRITE.USE_SPLIT_W.write_resp_inst/repeat_cnt[1]_i_1_n_0
    SLICE_X48Y56         FDRE                                         r  image_block_i/axi_mem_intercon/s00_couplers/auto_pc/inst/gen_axi4_axi3.axi3_conv_inst/USE_WRITE.USE_SPLIT_W.write_resp_inst/repeat_cnt_reg[1]/D
  -------------------------------------------------------------------    -------------------

                         (clock clk_fpga_0 rise edge)
                                                      0.000     0.000 r  
    PS7_X0Y0             PS7                          0.000     0.000 r  image_block_i/processing_system7_0/inst/PS7_i/FCLKCLK[0]
                         net (fo=1, routed)           0.337     0.337    image_block_i/processing_system7_0/inst/FCLK_CLK_unbuffered[0]
    BUFGCTRL_X0Y16       BUFG (Prop_bufg_I_O)         0.029     0.366 r  image_block_i/processing_system7_0/inst/buffer_fclk_clk_0.FCLK_CLK_0_BUFG/O
                         net (fo=5609, routed)        0.824     1.190    image_block_i/axi_mem_intercon/s00_couplers/auto_pc/inst/gen_axi4_axi3.axi3_conv_inst/USE_WRITE.USE_SPLIT_W.write_resp_inst/aclk
    SLICE_X48Y56         FDRE                                         r  image_block_i/axi_mem_intercon/s00_couplers/auto_pc/inst/gen_axi4_axi3.axi3_conv_inst/USE_WRITE.USE_SPLIT_W.write_resp_inst/repeat_cnt_reg[1]/C
                         clock pessimism             -0.035     1.155    
    SLICE_X48Y56         FDRE (Hold_fdre_C_D)         0.104     1.259    image_block_i/axi_mem_intercon/s00_couplers/auto_pc/inst/gen_axi4_axi3.axi3_conv_inst/USE_WRITE.USE_SPLIT_W.write_resp_inst/repeat_cnt_reg[1]
  -------------------------------------------------------------------
                         required time                         -1.259    
                         arrival time                           1.304    
  -------------------------------------------------------------------
                         slack                                  0.045    

Slack (MET) :             0.045ns  (arrival time - required time)
  Source:                 image_block_wrapper/image_block/image_block_axi_mem_intercon_0/s00_couplers_imp_VHS1OY/image_block_axi_mem_intercon_imp_auto_pc_0/image_block_axi_mem_intercon_imp_auto_pc_0_axi_protocol_converter_v2_1_37_axi_protocol_converter/image_block_axi_mem_intercon_imp_auto_pc_0_axi_protocol_converter_v2_1_37_axi3_conv/image_block_axi_mem_intercon_imp_auto_pc_0_axi_protocol_converter_v2_1_37_a_axi3_conv/image_block_axi_mem_intercon_imp_auto_pc_0_axi_data_fifo_v2_1_36_axic_fifo_0/image_block_axi_mem_intercon_imp_auto_pc_0_axi_data_fifo_v2_1_36_fifo_gen/<hidden>/<hidden>/<hidden>/<hidden>/<hidden>/<hidden>
                            (rising edge-triggered cell FDPE clocked by clk_fpga_0  {rise@0.000ns fall@5.000ns period=10.000ns})
  Destination:            image_block_wrapper/image_block/image_block_axi_mem_intercon_0/s00_couplers_imp_VHS1OY/image_block_axi_mem_intercon_imp_auto_pc_0/image_block_axi_mem_intercon_imp_auto_pc_0_axi_protocol_converter_v2_1_37_axi_protocol_converter/image_block_axi_mem_intercon_imp_auto_pc_0_axi_protocol_converter_v2_1_37_axi3_conv/image_block_axi_mem_intercon_imp_auto_pc_0_axi_protocol_converter_v2_1_37_a_axi3_conv/image_block_axi_mem_intercon_imp_auto_pc_0_axi_data_fifo_v2_1_36_axic_fifo_0/image_block_axi_mem_intercon_imp_auto_pc_0_axi_data_fifo_v2_1_36_fifo_gen/<hidden>/<hidden>/<hidden>/<hidden>/<hidden>
                            (rising edge-triggered cell FDRE clocked by clk_fpga_0  {rise@0.000ns fall@5.000ns period=10.000ns})
  Path Group:             clk_fpga_0
  Path Type:              Hold (Min at Fast Process Corner)
  Requirement:            0.000ns  (clk_fpga_0 rise@0.000ns - clk_fpga_0 rise@0.000ns)
  Data Path Delay:        0.311ns  (logic 0.128ns (41.185%)  route 0.183ns (58.815%))
  Logic Levels:           0  
  Clock Path Skew:        0.260ns (DCD - SCD - CPR)
    Destination Clock Delay (DCD):    1.185ns
    Source Clock Delay      (SCD):    0.890ns
    Clock Pessimism Removal (CPR):    0.035ns

    Location             Delay type                Incr(ns)  Path(ns)    Netlist Resource(s)
  -------------------------------------------------------------------    -------------------
                         (clock clk_fpga_0 rise edge)
                                                      0.000     0.000 r  
    PS7_X0Y0             PS7                          0.000     0.000 r  image_block_i/processing_system7_0/inst/PS7_i/FCLKCLK[0]
                         net (fo=1, routed)           0.310     0.310    image_block_i/processing_system7_0/inst/FCLK_CLK_unbuffered[0]
    BUFGCTRL_X0Y16       BUFG (Prop_bufg_I_O)         0.026     0.336 r  image_block_i/processing_system7_0/inst/buffer_fclk_clk_0.FCLK_CLK_0_BUFG/O
                         net (fo=5609, routed)        0.554     0.890    image_block_wrapper/image_block/image_block_axi_mem_intercon_0/s00_couplers_imp_VHS1OY/image_block_axi_mem_intercon_imp_auto_pc_0/image_block_axi_mem_intercon_imp_auto_pc_0_axi_protocol_converter_v2_1_37_axi_protocol_converter/image_block_axi_mem_intercon_imp_auto_pc_0_axi_protocol_converter_v2_1_37_axi3_conv/image_block_axi_mem_intercon_imp_auto_pc_0_axi_protocol_converter_v2_1_37_a_axi3_conv/image_block_axi_mem_intercon_imp_auto_pc_0_axi_data_fifo_v2_1_36_axic_fifo_0/image_block_axi_mem_intercon_imp_auto_pc_0_axi_data_fifo_v2_1_36_fifo_gen/<hidden>/<hidden>/<hidden>/<hidden>/<hidden>/<hidden>
    SLICE_X48Y57         FDPE                                         r  image_block_wrapper/image_block/image_block_axi_mem_intercon_0/s00_couplers_imp_VHS1OY/image_block_axi_mem_intercon_imp_auto_pc_0/image_block_axi_mem_intercon_imp_auto_pc_0_axi_protocol_converter_v2_1_37_axi_protocol_converter/image_block_axi_mem_intercon_imp_auto_pc_0_axi_protocol_converter_v2_1_37_axi3_conv/image_block_axi_mem_intercon_imp_auto_pc_0_axi_protocol_converter_v2_1_37_a_axi3_conv/image_block_axi_mem_intercon_imp_auto_pc_0_axi_data_fifo_v2_1_36_axic_fifo_0/image_block_axi_mem_intercon_imp_auto_pc_0_axi_data_fifo_v2_1_36_fifo_gen/<hidden>/<hidden>/<hidden>/<hidden>/<hidden>/<hidden>
  -------------------------------------------------------------------    -------------------
    SLICE_X48Y57         FDPE (Prop_fdpe_C_Q)         0.128     1.018 r  image_block_wrapper/image_block/image_block_axi_mem_intercon_0/s00_couplers_imp_VHS1OY/image_block_axi_mem_intercon_imp_auto_pc_0/image_block_axi_mem_intercon_imp_auto_pc_0_axi_protocol_converter_v2_1_37_axi_protocol_converter/image_block_axi_mem_intercon_imp_auto_pc_0_axi_protocol_converter_v2_1_37_axi3_conv/image_block_axi_mem_intercon_imp_auto_pc_0_axi_protocol_converter_v2_1_37_a_axi3_conv/image_block_axi_mem_intercon_imp_auto_pc_0_axi_data_fifo_v2_1_36_axic_fifo_0/image_block_axi_mem_intercon_imp_auto_pc_0_axi_data_fifo_v2_1_36_fifo_gen/<hidden>/<hidden>/<hidden>/<hidden>/<hidden>/<hidden>
                         net (fo=3, routed)           0.183     1.200    image_block_wrapper/image_block/image_block_axi_mem_intercon_0/s00_couplers_imp_VHS1OY/image_block_axi_mem_intercon_imp_auto_pc_0/image_block_axi_mem_intercon_imp_auto_pc_0_axi_protocol_converter_v2_1_37_axi_protocol_converter/image_block_axi_mem_intercon_imp_auto_pc_0_axi_protocol_converter_v2_1_37_axi3_conv/image_block_axi_mem_intercon_imp_auto_pc_0_axi_protocol_converter_v2_1_37_a_axi3_conv/image_block_axi_mem_intercon_imp_auto_pc_0_axi_data_fifo_v2_1_36_axic_fifo_0/image_block_axi_mem_intercon_imp_auto_pc_0_axi_data_fifo_v2_1_36_fifo_gen/<hidden>/<hidden>/<hidden>/<hidden>/<hidden>
    SLICE_X50Y58         FDRE                                         r  image_block_wrapper/image_block/image_block_axi_mem_intercon_0/s00_couplers_imp_VHS1OY/image_block_axi_mem_intercon_imp_auto_pc_0/image_block_axi_mem_intercon_imp_auto_pc_0_axi_protocol_converter_v2_1_37_axi_protocol_converter/image_block_axi_mem_intercon_imp_auto_pc_0_axi_protocol_converter_v2_1_37_axi3_conv/image_block_axi_mem_intercon_imp_auto_pc_0_axi_protocol_converter_v2_1_37_a_axi3_conv/image_block_axi_mem_intercon_imp_auto_pc_0_axi_data_fifo_v2_1_36_axic_fifo_0/image_block_axi_mem_intercon_imp_auto_pc_0_axi_data_fifo_v2_1_36_fifo_gen/<hidden>/<hidden>/<hidden>/<hidden>/<hidden>
  -------------------------------------------------------------------    -------------------

                         (clock clk_fpga_0 rise edge)
                                                      0.000     0.000 r  
    PS7_X0Y0             PS7                          0.000     0.000 r  image_block_i/processing_system7_0/inst/PS7_i/FCLKCLK[0]
                         net (fo=1, routed)           0.337     0.337    image_block_i/processing_system7_0/inst/FCLK_CLK_unbuffered[0]
    BUFGCTRL_X0Y16       BUFG (Prop_bufg_I_O)         0.029     0.366 r  image_block_i/processing_system7_0/inst/buffer_fclk_clk_0.FCLK_CLK_0_BUFG/O
                         net (fo=5609, routed)        0.819     1.185    image_block_wrapper/image_block/image_block_axi_mem_intercon_0/s00_couplers_imp_VHS1OY/image_block_axi_mem_intercon_imp_auto_pc_0/image_block_axi_mem_intercon_imp_auto_pc_0_axi_protocol_converter_v2_1_37_axi_protocol_converter/image_block_axi_mem_intercon_imp_auto_pc_0_axi_protocol_converter_v2_1_37_axi3_conv/image_block_axi_mem_intercon_imp_auto_pc_0_axi_protocol_converter_v2_1_37_a_axi3_conv/image_block_axi_mem_intercon_imp_auto_pc_0_axi_data_fifo_v2_1_36_axic_fifo_0/image_block_axi_mem_intercon_imp_auto_pc_0_axi_data_fifo_v2_1_36_fifo_gen/<hidden>/<hidden>/<hidden>/<hidden>/<hidden>
    SLICE_X50Y58         FDRE                                         r  image_block_wrapper/image_block/image_block_axi_mem_intercon_0/s00_couplers_imp_VHS1OY/image_block_axi_mem_intercon_imp_auto_pc_0/image_block_axi_mem_intercon_imp_auto_pc_0_axi_protocol_converter_v2_1_37_axi_protocol_converter/image_block_axi_mem_intercon_imp_auto_pc_0_axi_protocol_converter_v2_1_37_axi3_conv/image_block_axi_mem_intercon_imp_auto_pc_0_axi_protocol_converter_v2_1_37_a_axi3_conv/image_block_axi_mem_intercon_imp_auto_pc_0_axi_data_fifo_v2_1_36_axic_fifo_0/image_block_axi_mem_intercon_imp_auto_pc_0_axi_data_fifo_v2_1_36_fifo_gen/<hidden>/<hidden>/<hidden>/<hidden>/<hidden>
                         clock pessimism             -0.035     1.150    
    SLICE_X50Y58         FDRE (Hold_fdre_C_D)         0.005     1.155    image_block_wrapper/image_block/image_block_axi_mem_intercon_0/s00_couplers_imp_VHS1OY/image_block_axi_mem_intercon_imp_auto_pc_0/image_block_axi_mem_intercon_imp_auto_pc_0_axi_protocol_converter_v2_1_37_axi_protocol_converter/image_block_axi_mem_intercon_imp_auto_pc_0_axi_protocol_converter_v2_1_37_axi3_conv/image_block_axi_mem_intercon_imp_auto_pc_0_axi_protocol_converter_v2_1_37_a_axi3_conv/image_block_axi_mem_intercon_imp_auto_pc_0_axi_data_fifo_v2_1_36_axic_fifo_0/image_block_axi_mem_intercon_imp_auto_pc_0_axi_data_fifo_v2_1_36_fifo_gen/<hidden>/<hidden>/<hidden>/<hidden>/<hidden>
  -------------------------------------------------------------------
                         required time                         -1.155    
                         arrival time                           1.200    
  -------------------------------------------------------------------
                         slack                                  0.045    

Slack (MET) :             0.050ns  (arrival time - required time)
  Source:                 image_block_i/u_sensor_regs/inst/ze_ucnt_reg[12]/C
                            (rising edge-triggered cell FDRE clocked by clk_fpga_0  {rise@0.000ns fall@5.000ns period=10.000ns})
  Destination:            image_block_i/u_sensor_regs/inst/s_zu_reg[12]/D
                            (rising edge-triggered cell FDRE clocked by clk_fpga_0  {rise@0.000ns fall@5.000ns period=10.000ns})
  Path Group:             clk_fpga_0
  Path Type:              Hold (Min at Fast Process Corner)
  Requirement:            0.000ns  (clk_fpga_0 rise@0.000ns - clk_fpga_0 rise@0.000ns)
  Data Path Delay:        0.389ns  (logic 0.164ns (42.152%)  route 0.225ns (57.848%))
  Logic Levels:           0  
  Clock Path Skew:        0.267ns (DCD - SCD - CPR)
    Destination Clock Delay (DCD):    1.185ns
    Source Clock Delay      (SCD):    0.883ns
    Clock Pessimism Removal (CPR):    0.035ns

    Location             Delay type                Incr(ns)  Path(ns)    Netlist Resource(s)
  -------------------------------------------------------------------    -------------------
                         (clock clk_fpga_0 rise edge)
                                                      0.000     0.000 r  
    PS7_X0Y0             PS7                          0.000     0.000 r  image_block_i/processing_system7_0/inst/PS7_i/FCLKCLK[0]
                         net (fo=1, routed)           0.310     0.310    image_block_i/processing_system7_0/inst/FCLK_CLK_unbuffered[0]
    BUFGCTRL_X0Y16       BUFG (Prop_bufg_I_O)         0.026     0.336 r  image_block_i/processing_system7_0/inst/buffer_fclk_clk_0.FCLK_CLK_0_BUFG/O
                         net (fo=5609, routed)        0.547     0.883    image_block_i/u_sensor_regs/inst/aclk
    SLICE_X50Y83         FDRE                                         r  image_block_i/u_sensor_regs/inst/ze_ucnt_reg[12]/C
  -------------------------------------------------------------------    -------------------
    SLICE_X50Y83         FDRE (Prop_fdre_C_Q)         0.164     1.047 r  image_block_i/u_sensor_regs/inst/ze_ucnt_reg[12]/Q
                         net (fo=2, routed)           0.225     1.272    image_block_i/u_sensor_regs/inst/ze_ucnt_reg[12]
    SLICE_X49Y85         FDRE                                         r  image_block_i/u_sensor_regs/inst/s_zu_reg[12]/D
  -------------------------------------------------------------------    -------------------

                         (clock clk_fpga_0 rise edge)
                                                      0.000     0.000 r  
    PS7_X0Y0             PS7                          0.000     0.000 r  image_block_i/processing_system7_0/inst/PS7_i/FCLKCLK[0]
                         net (fo=1, routed)           0.337     0.337    image_block_i/processing_system7_0/inst/FCLK_CLK_unbuffered[0]
    BUFGCTRL_X0Y16       BUFG (Prop_bufg_I_O)         0.029     0.366 r  image_block_i/processing_system7_0/inst/buffer_fclk_clk_0.FCLK_CLK_0_BUFG/O
                         net (fo=5609, routed)        0.819     1.185    image_block_i/u_sensor_regs/inst/aclk
    SLICE_X49Y85         FDRE                                         r  image_block_i/u_sensor_regs/inst/s_zu_reg[12]/C
                         clock pessimism             -0.035     1.150    
    SLICE_X49Y85         FDRE (Hold_fdre_C_D)         0.072     1.222    image_block_i/u_sensor_regs/inst/s_zu_reg[12]
  -------------------------------------------------------------------
                         required time                         -1.222    
                         arrival time                           1.272    
  -------------------------------------------------------------------
                         slack                                  0.050    





Pulse Width Checks
--------------------------------------------------------------------------------------
Clock Name:         clk_fpga_0
Waveform(ns):       { 0.000 5.000 }
Period(ns):         10.000
Sources:            { image_block_i/processing_system7_0/inst/PS7_i/FCLKCLK[0] }

Check Type        Corner  Lib Pin             Reference Pin  Required(ns)  Actual(ns)  Slack(ns)  Location      Pin
Min Period        n/a     RAMB36E1/CLKARDCLK  n/a            2.944         10.000      7.056      RAMB36_X2Y9   image_block_i/axi_vdma_0/U0/GEN_SPRT_FOR_S2MM.S2MM_LINEBUFFER_I/GEN_S2MM_FLUSH_SOF_LOGIC.GEN_LINEBUFFER_FLUSH_SOF.GEN_SYNC_FIFO_FLUSH_SOF.I_LINEBUFFER_FIFO/xpm_fifo_sync_inst/xpm_fifo_base_inst/gen_sdpram.xpm_memory_base_inst/gen_wr_a.gen_word_narrow.mem_reg/CLKARDCLK
Min Period        n/a     RAMB36E1/CLKBWRCLK  n/a            2.944         10.000      7.056      RAMB36_X2Y9   image_block_i/axi_vdma_0/U0/GEN_SPRT_FOR_S2MM.S2MM_LINEBUFFER_I/GEN_S2MM_FLUSH_SOF_LOGIC.GEN_LINEBUFFER_FLUSH_SOF.GEN_SYNC_FIFO_FLUSH_SOF.I_LINEBUFFER_FIFO/xpm_fifo_sync_inst/xpm_fifo_base_inst/gen_sdpram.xpm_memory_base_inst/gen_wr_a.gen_word_narrow.mem_reg/CLKBWRCLK
Min Period        n/a     RAMB18E1/CLKARDCLK  n/a            2.944         10.000      7.056      RAMB18_X1Y8   image_block_i/axis_gaussian_0/inst/buf0_reg/CLKARDCLK
Min Period        n/a     RAMB18E1/CLKBWRCLK  n/a            2.944         10.000      7.056      RAMB18_X1Y8   image_block_i/axis_gaussian_0/inst/buf0_reg/CLKBWRCLK
Min Period        n/a     RAMB18E1/CLKARDCLK  n/a            2.944         10.000      7.056      RAMB18_X1Y9   image_block_i/axis_gaussian_0/inst/buf1_reg/CLKARDCLK
Min Period        n/a     RAMB18E1/CLKBWRCLK  n/a            2.944         10.000      7.056      RAMB18_X1Y9   image_block_i/axis_gaussian_0/inst/buf1_reg/CLKBWRCLK
Min Period        n/a     RAMB36E1/CLKARDCLK  n/a            2.576         10.000      7.424      RAMB36_X1Y9   image_block_i/axi_vdma_0/U0/I_PRMRY_DATAMOVER/GEN_S2MM_FULL.I_S2MM_FULL_WRAPPER/GEN_ENABLE_INDET_BTT_SF.I_INDET_BTT/I_DATA_FIFO/BLK_MEM.I_SYNC_FIFOGEN_FIFO/xpm_fifo_base_inst/gen_sdpram.xpm_memory_base_inst/gen_wr_a.gen_word_narrow.mem_reg_0/CLKARDCLK
Min Period        n/a     RAMB36E1/CLKBWRCLK  n/a            2.576         10.000      7.424      RAMB36_X1Y9   image_block_i/axi_vdma_0/U0/I_PRMRY_DATAMOVER/GEN_S2MM_FULL.I_S2MM_FULL_WRAPPER/GEN_ENABLE_INDET_BTT_SF.I_INDET_BTT/I_DATA_FIFO/BLK_MEM.I_SYNC_FIFOGEN_FIFO/xpm_fifo_base_inst/gen_sdpram.xpm_memory_base_inst/gen_wr_a.gen_word_narrow.mem_reg_0/CLKBWRCLK
Min Period        n/a     RAMB18E1/CLKARDCLK  n/a            2.576         10.000      7.424      RAMB18_X1Y16  image_block_i/axi_vdma_0/U0/I_PRMRY_DATAMOVER/GEN_S2MM_FULL.I_S2MM_FULL_WRAPPER/GEN_ENABLE_INDET_BTT_SF.I_INDET_BTT/I_DATA_FIFO/BLK_MEM.I_SYNC_FIFOGEN_FIFO/xpm_fifo_base_inst/gen_sdpram.xpm_memory_base_inst/gen_wr_a.gen_word_narrow.mem_reg_1/CLKARDCLK
Min Period        n/a     RAMB18E1/CLKBWRCLK  n/a            2.576         10.000      7.424      RAMB18_X1Y16  image_block_i/axi_vdma_0/U0/I_PRMRY_DATAMOVER/GEN_S2MM_FULL.I_S2MM_FULL_WRAPPER/GEN_ENABLE_INDET_BTT_SF.I_INDET_BTT/I_DATA_FIFO/BLK_MEM.I_SYNC_FIFOGEN_FIFO/xpm_fifo_base_inst/gen_sdpram.xpm_memory_base_inst/gen_wr_a.gen_word_narrow.mem_reg_1/CLKBWRCLK
Low Pulse Width   Slow    RAMD32/CLK          n/a            1.250         5.000       3.750      SLICE_X32Y59  image_block_wrapper/image_block/image_block_axi_mem_intercon_0/s00_couplers_imp_VHS1OY/image_block_axi_mem_intercon_imp_auto_pc_0/image_block_axi_mem_intercon_imp_auto_pc_0_axi_protocol_converter_v2_1_37_axi_protocol_converter/image_block_axi_mem_intercon_imp_auto_pc_0_axi_protocol_converter_v2_1_37_axi3_conv/image_block_axi_mem_intercon_imp_auto_pc_0_axi_protocol_converter_v2_1_37_a_axi3_conv/image_block_axi_mem_intercon_imp_auto_pc_0_axi_data_fifo_v2_1_36_axic_fifo/image_block_axi_mem_intercon_imp_auto_pc_0_axi_data_fifo_v2_1_36_fifo_gen_1/<hidden>/<hidden>/<hidden>/<hidden>/<hidden>/<hidden>/<hidden>
Low Pulse Width   Fast    RAMD32/CLK          n/a            1.250         5.000       3.750      SLICE_X32Y59  image_block_wrapper/image_block/image_block_axi_mem_intercon_0/s00_couplers_imp_VHS1OY/image_block_axi_mem_intercon_imp_auto_pc_0/image_block_axi_mem_intercon_imp_auto_pc_0_axi_protocol_converter_v2_1_37_axi_protocol_converter/image_block_axi_mem_intercon_imp_auto_pc_0_axi_protocol_converter_v2_1_37_axi3_conv/image_block_axi_mem_intercon_imp_auto_pc_0_axi_protocol_converter_v2_1_37_a_axi3_conv/image_block_axi_mem_intercon_imp_auto_pc_0_axi_data_fifo_v2_1_36_axic_fifo/image_block_axi_mem_intercon_imp_auto_pc_0_axi_data_fifo_v2_1_36_fifo_gen_1/<hidden>/<hidden>/<hidden>/<hidden>/<hidden>/<hidden>/<hidden>
Low Pulse Width   Slow    RAMD32/CLK          n/a            1.250         5.000       3.750      SLICE_X32Y59  image_block_wrapper/image_block/image_block_axi_mem_intercon_0/s00_couplers_imp_VHS1OY/image_block_axi_mem_intercon_imp_auto_pc_0/image_block_axi_mem_intercon_imp_auto_pc_0_axi_protocol_converter_v2_1_37_axi_protocol_converter/image_block_axi_mem_intercon_imp_auto_pc_0_axi_protocol_converter_v2_1_37_axi3_conv/image_block_axi_mem_intercon_imp_auto_pc_0_axi_protocol_converter_v2_1_37_a_axi3_conv/image_block_axi_mem_intercon_imp_auto_pc_0_axi_data_fifo_v2_1_36_axic_fifo/image_block_axi_mem_intercon_imp_auto_pc_0_axi_data_fifo_v2_1_36_fifo_gen_1/<hidden>/<hidden>/<hidden>/<hidden>/<hidden>/<hidden>/<hidden>
Low Pulse Width   Fast    RAMD32/CLK          n/a            1.250         5.000       3.750      SLICE_X32Y59  image_block_wrapper/image_block/image_block_axi_mem_intercon_0/s00_couplers_imp_VHS1OY/image_block_axi_mem_intercon_imp_auto_pc_0/image_block_axi_mem_intercon_imp_auto_pc_0_axi_protocol_converter_v2_1_37_axi_protocol_converter/image_block_axi_mem_intercon_imp_auto_pc_0_axi_protocol_converter_v2_1_37_axi3_conv/image_block_axi_mem_intercon_imp_auto_pc_0_axi_protocol_converter_v2_1_37_a_axi3_conv/image_block_axi_mem_intercon_imp_auto_pc_0_axi_data_fifo_v2_1_36_axic_fifo/image_block_axi_mem_intercon_imp_auto_pc_0_axi_data_fifo_v2_1_36_fifo_gen_1/<hidden>/<hidden>/<hidden>/<hidden>/<hidden>/<hidden>/<hidden>
Low Pulse Width   Slow    RAMD32/CLK          n/a            1.250         5.000       3.750      SLICE_X32Y59  image_block_wrapper/image_block/image_block_axi_mem_intercon_0/s00_couplers_imp_VHS1OY/image_block_axi_mem_intercon_imp_auto_pc_0/image_block_axi_mem_intercon_imp_auto_pc_0_axi_protocol_converter_v2_1_37_axi_protocol_converter/image_block_axi_mem_intercon_imp_auto_pc_0_axi_protocol_converter_v2_1_37_axi3_conv/image_block_axi_mem_intercon_imp_auto_pc_0_axi_protocol_converter_v2_1_37_a_axi3_conv/image_block_axi_mem_intercon_imp_auto_pc_0_axi_data_fifo_v2_1_36_axic_fifo/image_block_axi_mem_intercon_imp_auto_pc_0_axi_data_fifo_v2_1_36_fifo_gen_1/<hidden>/<hidden>/<hidden>/<hidden>/<hidden>/<hidden>/<hidden>
Low Pulse Width   Fast    RAMD32/CLK          n/a            1.250         5.000       3.750      SLICE_X32Y59  image_block_wrapper/image_block/image_block_axi_mem_intercon_0/s00_couplers_imp_VHS1OY/image_block_axi_mem_intercon_imp_auto_pc_0/image_block_axi_mem_intercon_imp_auto_pc_0_axi_protocol_converter_v2_1_37_axi_protocol_converter/image_block_axi_mem_intercon_imp_auto_pc_0_axi_protocol_converter_v2_1_37_axi3_conv/image_block_axi_mem_intercon_imp_auto_pc_0_axi_protocol_converter_v2_1_37_a_axi3_conv/image_block_axi_mem_intercon_imp_auto_pc_0_axi_data_fifo_v2_1_36_axic_fifo/image_block_axi_mem_intercon_imp_auto_pc_0_axi_data_fifo_v2_1_36_fifo_gen_1/<hidden>/<hidden>/<hidden>/<hidden>/<hidden>/<hidden>/<hidden>
Low Pulse Width   Slow    RAMD32/CLK          n/a            1.250         5.000       3.750      SLICE_X32Y59  image_block_wrapper/image_block/image_block_axi_mem_intercon_0/s00_couplers_imp_VHS1OY/image_block_axi_mem_intercon_imp_auto_pc_0/image_block_axi_mem_intercon_imp_auto_pc_0_axi_protocol_converter_v2_1_37_axi_protocol_converter/image_block_axi_mem_intercon_imp_auto_pc_0_axi_protocol_converter_v2_1_37_axi3_conv/image_block_axi_mem_intercon_imp_auto_pc_0_axi_protocol_converter_v2_1_37_a_axi3_conv/image_block_axi_mem_intercon_imp_auto_pc_0_axi_data_fifo_v2_1_36_axic_fifo/image_block_axi_mem_intercon_imp_auto_pc_0_axi_data_fifo_v2_1_36_fifo_gen_1/<hidden>/<hidden>/<hidden>/<hidden>/<hidden>/<hidden>/<hidden>
Low Pulse Width   Fast    RAMD32/CLK          n/a            1.250         5.000       3.750      SLICE_X32Y59  image_block_wrapper/image_block/image_block_axi_mem_intercon_0/s00_couplers_imp_VHS1OY/image_block_axi_mem_intercon_imp_auto_pc_0/image_block_axi_mem_intercon_imp_auto_pc_0_axi_protocol_converter_v2_1_37_axi_protocol_converter/image_block_axi_mem_intercon_imp_auto_pc_0_axi_protocol_converter_v2_1_37_axi3_conv/image_block_axi_mem_intercon_imp_auto_pc_0_axi_protocol_converter_v2_1_37_a_axi3_conv/image_block_axi_mem_intercon_imp_auto_pc_0_axi_data_fifo_v2_1_36_axic_fifo/image_block_axi_mem_intercon_imp_auto_pc_0_axi_data_fifo_v2_1_36_fifo_gen_1/<hidden>/<hidden>/<hidden>/<hidden>/<hidden>/<hidden>/<hidden>
Low Pulse Width   Slow    RAMD32/CLK          n/a            1.250         5.000       3.750      SLICE_X32Y59  image_block_wrapper/image_block/image_block_axi_mem_intercon_0/s00_couplers_imp_VHS1OY/image_block_axi_mem_intercon_imp_auto_pc_0/image_block_axi_mem_intercon_imp_auto_pc_0_axi_protocol_converter_v2_1_37_axi_protocol_converter/image_block_axi_mem_intercon_imp_auto_pc_0_axi_protocol_converter_v2_1_37_axi3_conv/image_block_axi_mem_intercon_imp_auto_pc_0_axi_protocol_converter_v2_1_37_a_axi3_conv/image_block_axi_mem_intercon_imp_auto_pc_0_axi_data_fifo_v2_1_36_axic_fifo/image_block_axi_mem_intercon_imp_auto_pc_0_axi_data_fifo_v2_1_36_fifo_gen_1/<hidden>/<hidden>/<hidden>/<hidden>/<hidden>/<hidden>/<hidden>
Low Pulse Width   Fast    RAMD32/CLK          n/a            1.250         5.000       3.750      SLICE_X32Y59  image_block_wrapper/image_block/image_block_axi_mem_intercon_0/s00_couplers_imp_VHS1OY/image_block_axi_mem_intercon_imp_auto_pc_0/image_block_axi_mem_intercon_imp_auto_pc_0_axi_protocol_converter_v2_1_37_axi_protocol_converter/image_block_axi_mem_intercon_imp_auto_pc_0_axi_protocol_converter_v2_1_37_axi3_conv/image_block_axi_mem_intercon_imp_auto_pc_0_axi_protocol_converter_v2_1_37_a_axi3_conv/image_block_axi_mem_intercon_imp_auto_pc_0_axi_data_fifo_v2_1_36_axic_fifo/image_block_axi_mem_intercon_imp_auto_pc_0_axi_data_fifo_v2_1_36_fifo_gen_1/<hidden>/<hidden>/<hidden>/<hidden>/<hidden>/<hidden>/<hidden>
High Pulse Width  Slow    RAMD32/CLK          n/a            1.250         5.000       3.750      SLICE_X32Y59  image_block_wrapper/image_block/image_block_axi_mem_intercon_0/s00_couplers_imp_VHS1OY/image_block_axi_mem_intercon_imp_auto_pc_0/image_block_axi_mem_intercon_imp_auto_pc_0_axi_protocol_converter_v2_1_37_axi_protocol_converter/image_block_axi_mem_intercon_imp_auto_pc_0_axi_protocol_converter_v2_1_37_axi3_conv/image_block_axi_mem_intercon_imp_auto_pc_0_axi_protocol_converter_v2_1_37_a_axi3_conv/image_block_axi_mem_intercon_imp_auto_pc_0_axi_data_fifo_v2_1_36_axic_fifo/image_block_axi_mem_intercon_imp_auto_pc_0_axi_data_fifo_v2_1_36_fifo_gen_1/<hidden>/<hidden>/<hidden>/<hidden>/<hidden>/<hidden>/<hidden>
High Pulse Width  Fast    RAMD32/CLK          n/a            1.250         5.000       3.750      SLICE_X32Y59  image_block_wrapper/image_block/image_block_axi_mem_intercon_0/s00_couplers_imp_VHS1OY/image_block_axi_mem_intercon_imp_auto_pc_0/image_block_axi_mem_intercon_imp_auto_pc_0_axi_protocol_converter_v2_1_37_axi_protocol_converter/image_block_axi_mem_intercon_imp_auto_pc_0_axi_protocol_converter_v2_1_37_axi3_conv/image_block_axi_mem_intercon_imp_auto_pc_0_axi_protocol_converter_v2_1_37_a_axi3_conv/image_block_axi_mem_intercon_imp_auto_pc_0_axi_data_fifo_v2_1_36_axic_fifo/image_block_axi_mem_intercon_imp_auto_pc_0_axi_data_fifo_v2_1_36_fifo_gen_1/<hidden>/<hidden>/<hidden>/<hidden>/<hidden>/<hidden>/<hidden>
High Pulse Width  Slow    RAMD32/CLK          n/a            1.250         5.000       3.750      SLICE_X32Y59  image_block_wrapper/image_block/image_block_axi_mem_intercon_0/s00_couplers_imp_VHS1OY/image_block_axi_mem_intercon_imp_auto_pc_0/image_block_axi_mem_intercon_imp_auto_pc_0_axi_protocol_converter_v2_1_37_axi_protocol_converter/image_block_axi_mem_intercon_imp_auto_pc_0_axi_protocol_converter_v2_1_37_axi3_conv/image_block_axi_mem_intercon_imp_auto_pc_0_axi_protocol_converter_v2_1_37_a_axi3_conv/image_block_axi_mem_intercon_imp_auto_pc_0_axi_data_fifo_v2_1_36_axic_fifo/image_block_axi_mem_intercon_imp_auto_pc_0_axi_data_fifo_v2_1_36_fifo_gen_1/<hidden>/<hidden>/<hidden>/<hidden>/<hidden>/<hidden>/<hidden>
High Pulse Width  Fast    RAMD32/CLK          n/a            1.250         5.000       3.750      SLICE_X32Y59  image_block_wrapper/image_block/image_block_axi_mem_intercon_0/s00_couplers_imp_VHS1OY/image_block_axi_mem_intercon_imp_auto_pc_0/image_block_axi_mem_intercon_imp_auto_pc_0_axi_protocol_converter_v2_1_37_axi_protocol_converter/image_block_axi_mem_intercon_imp_auto_pc_0_axi_protocol_converter_v2_1_37_axi3_conv/image_block_axi_mem_intercon_imp_auto_pc_0_axi_protocol_converter_v2_1_37_a_axi3_conv/image_block_axi_mem_intercon_imp_auto_pc_0_axi_data_fifo_v2_1_36_axic_fifo/image_block_axi_mem_intercon_imp_auto_pc_0_axi_data_fifo_v2_1_36_fifo_gen_1/<hidden>/<hidden>/<hidden>/<hidden>/<hidden>/<hidden>/<hidden>
High Pulse Width  Slow    RAMD32/CLK          n/a            1.250         5.000       3.750      SLICE_X32Y59  image_block_wrapper/image_block/image_block_axi_mem_intercon_0/s00_couplers_imp_VHS1OY/image_block_axi_mem_intercon_imp_auto_pc_0/image_block_axi_mem_intercon_imp_auto_pc_0_axi_protocol_converter_v2_1_37_axi_protocol_converter/image_block_axi_mem_intercon_imp_auto_pc_0_axi_protocol_converter_v2_1_37_axi3_conv/image_block_axi_mem_intercon_imp_auto_pc_0_axi_protocol_converter_v2_1_37_a_axi3_conv/image_block_axi_mem_intercon_imp_auto_pc_0_axi_data_fifo_v2_1_36_axic_fifo/image_block_axi_mem_intercon_imp_auto_pc_0_axi_data_fifo_v2_1_36_fifo_gen_1/<hidden>/<hidden>/<hidden>/<hidden>/<hidden>/<hidden>/<hidden>
High Pulse Width  Fast    RAMD32/CLK          n/a            1.250         5.000       3.750      SLICE_X32Y59  image_block_wrapper/image_block/image_block_axi_mem_intercon_0/s00_couplers_imp_VHS1OY/image_block_axi_mem_intercon_imp_auto_pc_0/image_block_axi_mem_intercon_imp_auto_pc_0_axi_protocol_converter_v2_1_37_axi_protocol_converter/image_block_axi_mem_intercon_imp_auto_pc_0_axi_protocol_converter_v2_1_37_axi3_conv/image_block_axi_mem_intercon_imp_auto_pc_0_axi_protocol_converter_v2_1_37_a_axi3_conv/image_block_axi_mem_intercon_imp_auto_pc_0_axi_data_fifo_v2_1_36_axic_fifo/image_block_axi_mem_intercon_imp_auto_pc_0_axi_data_fifo_v2_1_36_fifo_gen_1/<hidden>/<hidden>/<hidden>/<hidden>/<hidden>/<hidden>/<hidden>
High Pulse Width  Slow    RAMD32/CLK          n/a            1.250         5.000       3.750      SLICE_X32Y59  image_block_wrapper/image_block/image_block_axi_mem_intercon_0/s00_couplers_imp_VHS1OY/image_block_axi_mem_intercon_imp_auto_pc_0/image_block_axi_mem_intercon_imp_auto_pc_0_axi_protocol_converter_v2_1_37_axi_protocol_converter/image_block_axi_mem_intercon_imp_auto_pc_0_axi_protocol_converter_v2_1_37_axi3_conv/image_block_axi_mem_intercon_imp_auto_pc_0_axi_protocol_converter_v2_1_37_a_axi3_conv/image_block_axi_mem_intercon_imp_auto_pc_0_axi_data_fifo_v2_1_36_axic_fifo/image_block_axi_mem_intercon_imp_auto_pc_0_axi_data_fifo_v2_1_36_fifo_gen_1/<hidden>/<hidden>/<hidden>/<hidden>/<hidden>/<hidden>/<hidden>
High Pulse Width  Fast    RAMD32/CLK          n/a            1.250         5.000       3.750      SLICE_X32Y59  image_block_wrapper/image_block/image_block_axi_mem_intercon_0/s00_couplers_imp_VHS1OY/image_block_axi_mem_intercon_imp_auto_pc_0/image_block_axi_mem_intercon_imp_auto_pc_0_axi_protocol_converter_v2_1_37_axi_protocol_converter/image_block_axi_mem_intercon_imp_auto_pc_0_axi_protocol_converter_v2_1_37_axi3_conv/image_block_axi_mem_intercon_imp_auto_pc_0_axi_protocol_converter_v2_1_37_a_axi3_conv/image_block_axi_mem_intercon_imp_auto_pc_0_axi_data_fifo_v2_1_36_axic_fifo/image_block_axi_mem_intercon_imp_auto_pc_0_axi_data_fifo_v2_1_36_fifo_gen_1/<hidden>/<hidden>/<hidden>/<hidden>/<hidden>/<hidden>/<hidden>
High Pulse Width  Slow    RAMD32/CLK          n/a            1.250         5.000       3.750      SLICE_X32Y59  image_block_wrapper/image_block/image_block_axi_mem_intercon_0/s00_couplers_imp_VHS1OY/image_block_axi_mem_intercon_imp_auto_pc_0/image_block_axi_mem_intercon_imp_auto_pc_0_axi_protocol_converter_v2_1_37_axi_protocol_converter/image_block_axi_mem_intercon_imp_auto_pc_0_axi_protocol_converter_v2_1_37_axi3_conv/image_block_axi_mem_intercon_imp_auto_pc_0_axi_protocol_converter_v2_1_37_a_axi3_conv/image_block_axi_mem_intercon_imp_auto_pc_0_axi_data_fifo_v2_1_36_axic_fifo/image_block_axi_mem_intercon_imp_auto_pc_0_axi_data_fifo_v2_1_36_fifo_gen_1/<hidden>/<hidden>/<hidden>/<hidden>/<hidden>/<hidden>/<hidden>
High Pulse Width  Fast    RAMD32/CLK          n/a            1.250         5.000       3.750      SLICE_X32Y59  image_block_wrapper/image_block/image_block_axi_mem_intercon_0/s00_couplers_imp_VHS1OY/image_block_axi_mem_intercon_imp_auto_pc_0/image_block_axi_mem_intercon_imp_auto_pc_0_axi_protocol_converter_v2_1_37_axi_protocol_converter/image_block_axi_mem_intercon_imp_auto_pc_0_axi_protocol_converter_v2_1_37_axi3_conv/image_block_axi_mem_intercon_imp_auto_pc_0_axi_protocol_converter_v2_1_37_a_axi3_conv/image_block_axi_mem_intercon_imp_auto_pc_0_axi_data_fifo_v2_1_36_axic_fifo/image_block_axi_mem_intercon_imp_auto_pc_0_axi_data_fifo_v2_1_36_fifo_gen_1/<hidden>/<hidden>/<hidden>/<hidden>/<hidden>/<hidden>/<hidden>



---------------------------------------------------------------------------------------------------
Path Group:  **async_default**
From Clock:  clk_fpga_0
  To Clock:  clk_fpga_0

Setup :            0  Failing Endpoints,  Worst Slack        6.989ns,  Total Violation        0.000ns
Hold  :            0  Failing Endpoints,  Worst Slack        0.328ns,  Total Violation        0.000ns
---------------------------------------------------------------------------------------------------


Max Delay Paths
--------------------------------------------------------------------------------------
Slack (MET) :             6.989ns  (required time - arrival time)
  Source:                 image_block_wrapper/image_block/image_block_axi_mem_intercon_0/s00_couplers_imp_VHS1OY/image_block_axi_mem_intercon_imp_auto_pc_0/image_block_axi_mem_intercon_imp_auto_pc_0_axi_protocol_converter_v2_1_37_axi_protocol_converter/image_block_axi_mem_intercon_imp_auto_pc_0_axi_protocol_converter_v2_1_37_axi3_conv/image_block_axi_mem_intercon_imp_auto_pc_0_axi_protocol_converter_v2_1_37_a_axi3_conv/image_block_axi_mem_intercon_imp_auto_pc_0_axi_data_fifo_v2_1_36_axic_fifo/image_block_axi_mem_intercon_imp_auto_pc_0_axi_data_fifo_v2_1_36_fifo_gen_1/<hidden>/<hidden>/<hidden>/<hidden>/<hidden>
                            (rising edge-triggered cell FDRE clocked by clk_fpga_0  {rise@0.000ns fall@5.000ns period=10.000ns})
  Destination:            image_block_wrapper/image_block/image_block_axi_mem_intercon_0/s00_couplers_imp_VHS1OY/image_block_axi_mem_intercon_imp_auto_pc_0/image_block_axi_mem_intercon_imp_auto_pc_0_axi_protocol_converter_v2_1_37_axi_protocol_converter/image_block_axi_mem_intercon_imp_auto_pc_0_axi_protocol_converter_v2_1_37_axi3_conv/image_block_axi_mem_intercon_imp_auto_pc_0_axi_protocol_converter_v2_1_37_a_axi3_conv/image_block_axi_mem_intercon_imp_auto_pc_0_axi_data_fifo_v2_1_36_axic_fifo/image_block_axi_mem_intercon_imp_auto_pc_0_axi_data_fifo_v2_1_36_fifo_gen_1/<hidden>/<hidden>/<hidden>/<hidden>/<hidden>/<hidden>
                            (recovery check against rising-edge clock clk_fpga_0  {rise@0.000ns fall@5.000ns period=10.000ns})
  Path Group:             **async_default**
  Path Type:              Recovery (Max at Slow Process Corner)
  Requirement:            10.000ns  (clk_fpga_0 rise@10.000ns - clk_fpga_0 rise@0.000ns)
  Data Path Delay:        2.395ns  (logic 0.642ns (26.806%)  route 1.753ns (73.194%))
  Logic Levels:           1  (LUT3=1)
  Clock Path Skew:        -0.057ns (DCD - SCD + CPR)
    Destination Clock Delay (DCD):    2.657ns = ( 12.657 - 10.000 ) 
    Source Clock Delay      (SCD):    2.943ns
    Clock Pessimism Removal (CPR):    0.229ns
  Clock Uncertainty:      0.154ns  ((TSJ^2 + TIJ^2)^1/2 + DJ) / 2 + PE
    Total System Jitter     (TSJ):    0.071ns
    Total Input Jitter      (TIJ):    0.300ns
    Discrete Jitter          (DJ):    0.000ns
    Phase Error              (PE):    0.000ns

    Location             Delay type                Incr(ns)  Path(ns)    Netlist Resource(s)
  -------------------------------------------------------------------    -------------------
                         (clock clk_fpga_0 rise edge)
                                                      0.000     0.000 r  
    PS7_X0Y0             PS7                          0.000     0.000 r  image_block_i/processing_system7_0/inst/PS7_i/FCLKCLK[0]
                         net (fo=1, routed)           1.193     1.193    image_block_i/processing_system7_0/inst/FCLK_CLK_unbuffered[0]
    BUFGCTRL_X0Y16       BUFG (Prop_bufg_I_O)         0.101     1.294 r  image_block_i/processing_system7_0/inst/buffer_fclk_clk_0.FCLK_CLK_0_BUFG/O
                         net (fo=5609, routed)        1.649     2.943    image_block_wrapper/image_block/image_block_axi_mem_intercon_0/s00_couplers_imp_VHS1OY/image_block_axi_mem_intercon_imp_auto_pc_0/image_block_axi_mem_intercon_imp_auto_pc_0_axi_protocol_converter_v2_1_37_axi_protocol_converter/image_block_axi_mem_intercon_imp_auto_pc_0_axi_protocol_converter_v2_1_37_axi3_conv/image_block_axi_mem_intercon_imp_auto_pc_0_axi_protocol_converter_v2_1_37_a_axi3_conv/image_block_axi_mem_intercon_imp_auto_pc_0_axi_data_fifo_v2_1_36_axic_fifo/image_block_axi_mem_intercon_imp_auto_pc_0_axi_data_fifo_v2_1_36_fifo_gen_1/<hidden>/<hidden>/<hidden>/<hidden>/<hidden>
    SLICE_X32Y61         FDRE                                         r  image_block_wrapper/image_block/image_block_axi_mem_intercon_0/s00_couplers_imp_VHS1OY/image_block_axi_mem_intercon_imp_auto_pc_0/image_block_axi_mem_intercon_imp_auto_pc_0_axi_protocol_converter_v2_1_37_axi_protocol_converter/image_block_axi_mem_intercon_imp_auto_pc_0_axi_protocol_converter_v2_1_37_axi3_conv/image_block_axi_mem_intercon_imp_auto_pc_0_axi_protocol_converter_v2_1_37_a_axi3_conv/image_block_axi_mem_intercon_imp_auto_pc_0_axi_data_fifo_v2_1_36_axic_fifo/image_block_axi_mem_intercon_imp_auto_pc_0_axi_data_fifo_v2_1_36_fifo_gen_1/<hidden>/<hidden>/<hidden>/<hidden>/<hidden>
  -------------------------------------------------------------------    -------------------
    SLICE_X32Y61         FDRE (Prop_fdre_C_Q)         0.518     3.461 f  image_block_wrapper/image_block/image_block_axi_mem_intercon_0/s00_couplers_imp_VHS1OY/image_block_axi_mem_intercon_imp_auto_pc_0/image_block_axi_mem_intercon_imp_auto_pc_0_axi_protocol_converter_v2_1_37_axi_protocol_converter/image_block_axi_mem_intercon_imp_auto_pc_0_axi_protocol_converter_v2_1_37_axi3_conv/image_block_axi_mem_intercon_imp_auto_pc_0_axi_protocol_converter_v2_1_37_a_axi3_conv/image_block_axi_mem_intercon_imp_auto_pc_0_axi_data_fifo_v2_1_36_axic_fifo/image_block_axi_mem_intercon_imp_auto_pc_0_axi_data_fifo_v2_1_36_fifo_gen_1/<hidden>/<hidden>/<hidden>/<hidden>/<hidden>
                         net (fo=2, routed)           0.664     4.125    image_block_wrapper/image_block/image_block_axi_mem_intercon_0/s00_couplers_imp_VHS1OY/image_block_axi_mem_intercon_imp_auto_pc_0/image_block_axi_mem_intercon_imp_auto_pc_0_axi_protocol_converter_v2_1_37_axi_protocol_converter/image_block_axi_mem_intercon_imp_auto_pc_0_axi_protocol_converter_v2_1_37_axi3_conv/image_block_axi_mem_intercon_imp_auto_pc_0_axi_protocol_converter_v2_1_37_a_axi3_conv/image_block_axi_mem_intercon_imp_auto_pc_0_axi_data_fifo_v2_1_36_axic_fifo/image_block_axi_mem_intercon_imp_auto_pc_0_axi_data_fifo_v2_1_36_fifo_gen_1/<hidden>/<hidden>/<hidden>/<hidden>/<hidden>
    SLICE_X32Y61         LUT3 (Prop_lut3_I0_O)        0.124     4.249 f  image_block_wrapper/image_block/image_block_axi_mem_intercon_0/s00_couplers_imp_VHS1OY/image_block_axi_mem_intercon_imp_auto_pc_0/image_block_axi_mem_intercon_imp_auto_pc_0_axi_protocol_converter_v2_1_37_axi_protocol_converter/image_block_axi_mem_intercon_imp_auto_pc_0_axi_protocol_converter_v2_1_37_axi3_conv/image_block_axi_mem_intercon_imp_auto_pc_0_axi_protocol_converter_v2_1_37_a_axi3_conv/image_block_axi_mem_intercon_imp_auto_pc_0_axi_data_fifo_v2_1_36_axic_fifo/image_block_axi_mem_intercon_imp_auto_pc_0_axi_data_fifo_v2_1_36_fifo_gen_1/<hidden>/<hidden>/<hidden>/<hidden>/<hidden>
                         net (fo=32, routed)          1.089     5.338    image_block_wrapper/image_block/image_block_axi_mem_intercon_0/s00_couplers_imp_VHS1OY/image_block_axi_mem_intercon_imp_auto_pc_0/image_block_axi_mem_intercon_imp_auto_pc_0_axi_protocol_converter_v2_1_37_axi_protocol_converter/image_block_axi_mem_intercon_imp_auto_pc_0_axi_protocol_converter_v2_1_37_axi3_conv/image_block_axi_mem_intercon_imp_auto_pc_0_axi_protocol_converter_v2_1_37_a_axi3_conv/image_block_axi_mem_intercon_imp_auto_pc_0_axi_data_fifo_v2_1_36_axic_fifo/image_block_axi_mem_intercon_imp_auto_pc_0_axi_data_fifo_v2_1_36_fifo_gen_1/<hidden>/<hidden>/<hidden>/<hidden>/<hidden>/<hidden>
    SLICE_X35Y59         FDCE                                         f  image_block_wrapper/image_block/image_block_axi_mem_intercon_0/s00_couplers_imp_VHS1OY/image_block_axi_mem_intercon_imp_auto_pc_0/image_block_axi_mem_intercon_imp_auto_pc_0_axi_protocol_converter_v2_1_37_axi_protocol_converter/image_block_axi_mem_intercon_imp_auto_pc_0_axi_protocol_converter_v2_1_37_axi3_conv/image_block_axi_mem_intercon_imp_auto_pc_0_axi_protocol_converter_v2_1_37_a_axi3_conv/image_block_axi_mem_intercon_imp_auto_pc_0_axi_data_fifo_v2_1_36_axic_fifo/image_block_axi_mem_intercon_imp_auto_pc_0_axi_data_fifo_v2_1_36_fifo_gen_1/<hidden>/<hidden>/<hidden>/<hidden>/<hidden>/<hidden>
  -------------------------------------------------------------------    -------------------

                         (clock clk_fpga_0 rise edge)
                                                     10.000    10.000 r  
    PS7_X0Y0             PS7                          0.000    10.000 r  image_block_i/processing_system7_0/inst/PS7_i/FCLKCLK[0]
                         net (fo=1, routed)           1.088    11.088    image_block_i/processing_system7_0/inst/FCLK_CLK_unbuffered[0]
    BUFGCTRL_X0Y16       BUFG (Prop_bufg_I_O)         0.091    11.179 r  image_block_i/processing_system7_0/inst/buffer_fclk_clk_0.FCLK_CLK_0_BUFG/O
                         net (fo=5609, routed)        1.478    12.657    image_block_wrapper/image_block/image_block_axi_mem_intercon_0/s00_couplers_imp_VHS1OY/image_block_axi_mem_intercon_imp_auto_pc_0/image_block_axi_mem_intercon_imp_auto_pc_0_axi_protocol_converter_v2_1_37_axi_protocol_converter/image_block_axi_mem_intercon_imp_auto_pc_0_axi_protocol_converter_v2_1_37_axi3_conv/image_block_axi_mem_intercon_imp_auto_pc_0_axi_protocol_converter_v2_1_37_a_axi3_conv/image_block_axi_mem_intercon_imp_auto_pc_0_axi_data_fifo_v2_1_36_axic_fifo/image_block_axi_mem_intercon_imp_auto_pc_0_axi_data_fifo_v2_1_36_fifo_gen_1/<hidden>/<hidden>/<hidden>/<hidden>/<hidden>/<hidden>
    SLICE_X35Y59         FDCE                                         r  image_block_wrapper/image_block/image_block_axi_mem_intercon_0/s00_couplers_imp_VHS1OY/image_block_axi_mem_intercon_imp_auto_pc_0/image_block_axi_mem_intercon_imp_auto_pc_0_axi_protocol_converter_v2_1_37_axi_protocol_converter/image_block_axi_mem_intercon_imp_auto_pc_0_axi_protocol_converter_v2_1_37_axi3_conv/image_block_axi_mem_intercon_imp_auto_pc_0_axi_protocol_converter_v2_1_37_a_axi3_conv/image_block_axi_mem_intercon_imp_auto_pc_0_axi_data_fifo_v2_1_36_axic_fifo/image_block_axi_mem_intercon_imp_auto_pc_0_axi_data_fifo_v2_1_36_fifo_gen_1/<hidden>/<hidden>/<hidden>/<hidden>/<hidden>/<hidden>
                         clock pessimism              0.229    12.886    
                         clock uncertainty           -0.154    12.732    
    SLICE_X35Y59         FDCE (Recov_fdce_C_CLR)     -0.405    12.327    image_block_wrapper/image_block/image_block_axi_mem_intercon_0/s00_couplers_imp_VHS1OY/image_block_axi_mem_intercon_imp_auto_pc_0/image_block_axi_mem_intercon_imp_auto_pc_0_axi_protocol_converter_v2_1_37_axi_protocol_converter/image_block_axi_mem_intercon_imp_auto_pc_0_axi_protocol_converter_v2_1_37_axi3_conv/image_block_axi_mem_intercon_imp_auto_pc_0_axi_protocol_converter_v2_1_37_a_axi3_conv/image_block_axi_mem_intercon_imp_auto_pc_0_axi_data_fifo_v2_1_36_axic_fifo/image_block_axi_mem_intercon_imp_auto_pc_0_axi_data_fifo_v2_1_36_fifo_gen_1/<hidden>/<hidden>/<hidden>/<hidden>/<hidden>/<hidden>
  -------------------------------------------------------------------
                         required time                         12.327    
                         arrival time                          -5.338    
  -------------------------------------------------------------------
                         slack                                  6.989    

Slack (MET) :             6.989ns  (required time - arrival time)
  Source:                 image_block_wrapper/image_block/image_block_axi_mem_intercon_0/s00_couplers_imp_VHS1OY/image_block_axi_mem_intercon_imp_auto_pc_0/image_block_axi_mem_intercon_imp_auto_pc_0_axi_protocol_converter_v2_1_37_axi_protocol_converter/image_block_axi_mem_intercon_imp_auto_pc_0_axi_protocol_converter_v2_1_37_axi3_conv/image_block_axi_mem_intercon_imp_auto_pc_0_axi_protocol_converter_v2_1_37_a_axi3_conv/image_block_axi_mem_intercon_imp_auto_pc_0_axi_data_fifo_v2_1_36_axic_fifo/image_block_axi_mem_intercon_imp_auto_pc_0_axi_data_fifo_v2_1_36_fifo_gen_1/<hidden>/<hidden>/<hidden>/<hidden>/<hidden>
                            (rising edge-triggered cell FDRE clocked by clk_fpga_0  {rise@0.000ns fall@5.000ns period=10.000ns})
  Destination:            image_block_wrapper/image_block/image_block_axi_mem_intercon_0/s00_couplers_imp_VHS1OY/image_block_axi_mem_intercon_imp_auto_pc_0/image_block_axi_mem_intercon_imp_auto_pc_0_axi_protocol_converter_v2_1_37_axi_protocol_converter/image_block_axi_mem_intercon_imp_auto_pc_0_axi_protocol_converter_v2_1_37_axi3_conv/image_block_axi_mem_intercon_imp_auto_pc_0_axi_protocol_converter_v2_1_37_a_axi3_conv/image_block_axi_mem_intercon_imp_auto_pc_0_axi_data_fifo_v2_1_36_axic_fifo/image_block_axi_mem_intercon_imp_auto_pc_0_axi_data_fifo_v2_1_36_fifo_gen_1/<hidden>/<hidden>/<hidden>/<hidden>/<hidden>/<hidden>
                            (recovery check against rising-edge clock clk_fpga_0  {rise@0.000ns fall@5.000ns period=10.000ns})
  Path Group:             **async_default**
  Path Type:              Recovery (Max at Slow Process Corner)
  Requirement:            10.000ns  (clk_fpga_0 rise@10.000ns - clk_fpga_0 rise@0.000ns)
  Data Path Delay:        2.395ns  (logic 0.642ns (26.806%)  route 1.753ns (73.194%))
  Logic Levels:           1  (LUT3=1)
  Clock Path Skew:        -0.057ns (DCD - SCD + CPR)
    Destination Clock Delay (DCD):    2.657ns = ( 12.657 - 10.000 ) 
    Source Clock Delay      (SCD):    2.943ns
    Clock Pessimism Removal (CPR):    0.229ns
  Clock Uncertainty:      0.154ns  ((TSJ^2 + TIJ^2)^1/2 + DJ) / 2 + PE
    Total System Jitter     (TSJ):    0.071ns
    Total Input Jitter      (TIJ):    0.300ns
    Discrete Jitter          (DJ):    0.000ns
    Phase Error              (PE):    0.000ns

    Location             Delay type                Incr(ns)  Path(ns)    Netlist Resource(s)
  -------------------------------------------------------------------    -------------------
                         (clock clk_fpga_0 rise edge)
                                                      0.000     0.000 r  
    PS7_X0Y0             PS7                          0.000     0.000 r  image_block_i/processing_system7_0/inst/PS7_i/FCLKCLK[0]
                         net (fo=1, routed)           1.193     1.193    image_block_i/processing_system7_0/inst/FCLK_CLK_unbuffered[0]
    BUFGCTRL_X0Y16       BUFG (Prop_bufg_I_O)         0.101     1.294 r  image_block_i/processing_system7_0/inst/buffer_fclk_clk_0.FCLK_CLK_0_BUFG/O
                         net (fo=5609, routed)        1.649     2.943    image_block_wrapper/image_block/image_block_axi_mem_intercon_0/s00_couplers_imp_VHS1OY/image_block_axi_mem_intercon_imp_auto_pc_0/image_block_axi_mem_intercon_imp_auto_pc_0_axi_protocol_converter_v2_1_37_axi_protocol_converter/image_block_axi_mem_intercon_imp_auto_pc_0_axi_protocol_converter_v2_1_37_axi3_conv/image_block_axi_mem_intercon_imp_auto_pc_0_axi_protocol_converter_v2_1_37_a_axi3_conv/image_block_axi_mem_intercon_imp_auto_pc_0_axi_data_fifo_v2_1_36_axic_fifo/image_block_axi_mem_intercon_imp_auto_pc_0_axi_data_fifo_v2_1_36_fifo_gen_1/<hidden>/<hidden>/<hidden>/<hidden>/<hidden>
    SLICE_X32Y61         FDRE                                         r  image_block_wrapper/image_block/image_block_axi_mem_intercon_0/s00_couplers_imp_VHS1OY/image_block_axi_mem_intercon_imp_auto_pc_0/image_block_axi_mem_intercon_imp_auto_pc_0_axi_protocol_converter_v2_1_37_axi_protocol_converter/image_block_axi_mem_intercon_imp_auto_pc_0_axi_protocol_converter_v2_1_37_axi3_conv/image_block_axi_mem_intercon_imp_auto_pc_0_axi_protocol_converter_v2_1_37_a_axi3_conv/image_block_axi_mem_intercon_imp_auto_pc_0_axi_data_fifo_v2_1_36_axic_fifo/image_block_axi_mem_intercon_imp_auto_pc_0_axi_data_fifo_v2_1_36_fifo_gen_1/<hidden>/<hidden>/<hidden>/<hidden>/<hidden>
  -------------------------------------------------------------------    -------------------
    SLICE_X32Y61         FDRE (Prop_fdre_C_Q)         0.518     3.461 f  image_block_wrapper/image_block/image_block_axi_mem_intercon_0/s00_couplers_imp_VHS1OY/image_block_axi_mem_intercon_imp_auto_pc_0/image_block_axi_mem_intercon_imp_auto_pc_0_axi_protocol_converter_v2_1_37_axi_protocol_converter/image_block_axi_mem_intercon_imp_auto_pc_0_axi_protocol_converter_v2_1_37_axi3_conv/image_block_axi_mem_intercon_imp_auto_pc_0_axi_protocol_converter_v2_1_37_a_axi3_conv/image_block_axi_mem_intercon_imp_auto_pc_0_axi_data_fifo_v2_1_36_axic_fifo/image_block_axi_mem_intercon_imp_auto_pc_0_axi_data_fifo_v2_1_36_fifo_gen_1/<hidden>/<hidden>/<hidden>/<hidden>/<hidden>
                         net (fo=2, routed)           0.664     4.125    image_block_wrapper/image_block/image_block_axi_mem_intercon_0/s00_couplers_imp_VHS1OY/image_block_axi_mem_intercon_imp_auto_pc_0/image_block_axi_mem_intercon_imp_auto_pc_0_axi_protocol_converter_v2_1_37_axi_protocol_converter/image_block_axi_mem_intercon_imp_auto_pc_0_axi_protocol_converter_v2_1_37_axi3_conv/image_block_axi_mem_intercon_imp_auto_pc_0_axi_protocol_converter_v2_1_37_a_axi3_conv/image_block_axi_mem_intercon_imp_auto_pc_0_axi_data_fifo_v2_1_36_axic_fifo/image_block_axi_mem_intercon_imp_auto_pc_0_axi_data_fifo_v2_1_36_fifo_gen_1/<hidden>/<hidden>/<hidden>/<hidden>/<hidden>
    SLICE_X32Y61         LUT3 (Prop_lut3_I0_O)        0.124     4.249 f  image_block_wrapper/image_block/image_block_axi_mem_intercon_0/s00_couplers_imp_VHS1OY/image_block_axi_mem_intercon_imp_auto_pc_0/image_block_axi_mem_intercon_imp_auto_pc_0_axi_protocol_converter_v2_1_37_axi_protocol_converter/image_block_axi_mem_intercon_imp_auto_pc_0_axi_protocol_converter_v2_1_37_axi3_conv/image_block_axi_mem_intercon_imp_auto_pc_0_axi_protocol_converter_v2_1_37_a_axi3_conv/image_block_axi_mem_intercon_imp_auto_pc_0_axi_data_fifo_v2_1_36_axic_fifo/image_block_axi_mem_intercon_imp_auto_pc_0_axi_data_fifo_v2_1_36_fifo_gen_1/<hidden>/<hidden>/<hidden>/<hidden>/<hidden>
                         net (fo=32, routed)          1.089     5.338    image_block_wrapper/image_block/image_block_axi_mem_intercon_0/s00_couplers_imp_VHS1OY/image_block_axi_mem_intercon_imp_auto_pc_0/image_block_axi_mem_intercon_imp_auto_pc_0_axi_protocol_converter_v2_1_37_axi_protocol_converter/image_block_axi_mem_intercon_imp_auto_pc_0_axi_protocol_converter_v2_1_37_axi3_conv/image_block_axi_mem_intercon_imp_auto_pc_0_axi_protocol_converter_v2_1_37_a_axi3_conv/image_block_axi_mem_intercon_imp_auto_pc_0_axi_data_fifo_v2_1_36_axic_fifo/image_block_axi_mem_intercon_imp_auto_pc_0_axi_data_fifo_v2_1_36_fifo_gen_1/<hidden>/<hidden>/<hidden>/<hidden>/<hidden>/<hidden>
    SLICE_X35Y59         FDCE                                         f  image_block_wrapper/image_block/image_block_axi_mem_intercon_0/s00_couplers_imp_VHS1OY/image_block_axi_mem_intercon_imp_auto_pc_0/image_block_axi_mem_intercon_imp_auto_pc_0_axi_protocol_converter_v2_1_37_axi_protocol_converter/image_block_axi_mem_intercon_imp_auto_pc_0_axi_protocol_converter_v2_1_37_axi3_conv/image_block_axi_mem_intercon_imp_auto_pc_0_axi_protocol_converter_v2_1_37_a_axi3_conv/image_block_axi_mem_intercon_imp_auto_pc_0_axi_data_fifo_v2_1_36_axic_fifo/image_block_axi_mem_intercon_imp_auto_pc_0_axi_data_fifo_v2_1_36_fifo_gen_1/<hidden>/<hidden>/<hidden>/<hidden>/<hidden>/<hidden>
  -------------------------------------------------------------------    -------------------

                         (clock clk_fpga_0 rise edge)
                                                     10.000    10.000 r  
    PS7_X0Y0             PS7                          0.000    10.000 r  image_block_i/processing_system7_0/inst/PS7_i/FCLKCLK[0]
                         net (fo=1, routed)           1.088    11.088    image_block_i/processing_system7_0/inst/FCLK_CLK_unbuffered[0]
    BUFGCTRL_X0Y16       BUFG (Prop_bufg_I_O)         0.091    11.179 r  image_block_i/processing_system7_0/inst/buffer_fclk_clk_0.FCLK_CLK_0_BUFG/O
                         net (fo=5609, routed)        1.478    12.657    image_block_wrapper/image_block/image_block_axi_mem_intercon_0/s00_couplers_imp_VHS1OY/image_block_axi_mem_intercon_imp_auto_pc_0/image_block_axi_mem_intercon_imp_auto_pc_0_axi_protocol_converter_v2_1_37_axi_protocol_converter/image_block_axi_mem_intercon_imp_auto_pc_0_axi_protocol_converter_v2_1_37_axi3_conv/image_block_axi_mem_intercon_imp_auto_pc_0_axi_protocol_converter_v2_1_37_a_axi3_conv/image_block_axi_mem_intercon_imp_auto_pc_0_axi_data_fifo_v2_1_36_axic_fifo/image_block_axi_mem_intercon_imp_auto_pc_0_axi_data_fifo_v2_1_36_fifo_gen_1/<hidden>/<hidden>/<hidden>/<hidden>/<hidden>/<hidden>
    SLICE_X35Y59         FDCE                                         r  image_block_wrapper/image_block/image_block_axi_mem_intercon_0/s00_couplers_imp_VHS1OY/image_block_axi_mem_intercon_imp_auto_pc_0/image_block_axi_mem_intercon_imp_auto_pc_0_axi_protocol_converter_v2_1_37_axi_protocol_converter/image_block_axi_mem_intercon_imp_auto_pc_0_axi_protocol_converter_v2_1_37_axi3_conv/image_block_axi_mem_intercon_imp_auto_pc_0_axi_protocol_converter_v2_1_37_a_axi3_conv/image_block_axi_mem_intercon_imp_auto_pc_0_axi_data_fifo_v2_1_36_axic_fifo/image_block_axi_mem_intercon_imp_auto_pc_0_axi_data_fifo_v2_1_36_fifo_gen_1/<hidden>/<hidden>/<hidden>/<hidden>/<hidden>/<hidden>
                         clock pessimism              0.229    12.886    
                         clock uncertainty           -0.154    12.732    
    SLICE_X35Y59         FDCE (Recov_fdce_C_CLR)     -0.405    12.327    image_block_wrapper/image_block/image_block_axi_mem_intercon_0/s00_couplers_imp_VHS1OY/image_block_axi_mem_intercon_imp_auto_pc_0/image_block_axi_mem_intercon_imp_auto_pc_0_axi_protocol_converter_v2_1_37_axi_protocol_converter/image_block_axi_mem_intercon_imp_auto_pc_0_axi_protocol_converter_v2_1_37_axi3_conv/image_block_axi_mem_intercon_imp_auto_pc_0_axi_protocol_converter_v2_1_37_a_axi3_conv/image_block_axi_mem_intercon_imp_auto_pc_0_axi_data_fifo_v2_1_36_axic_fifo/image_block_axi_mem_intercon_imp_auto_pc_0_axi_data_fifo_v2_1_36_fifo_gen_1/<hidden>/<hidden>/<hidden>/<hidden>/<hidden>/<hidden>
  -------------------------------------------------------------------
                         required time                         12.327    
                         arrival time                          -5.338    
  -------------------------------------------------------------------
                         slack                                  6.989    

Slack (MET) :             6.989ns  (required time - arrival time)
  Source:                 image_block_wrapper/image_block/image_block_axi_mem_intercon_0/s00_couplers_imp_VHS1OY/image_block_axi_mem_intercon_imp_auto_pc_0/image_block_axi_mem_intercon_imp_auto_pc_0_axi_protocol_converter_v2_1_37_axi_protocol_converter/image_block_axi_mem_intercon_imp_auto_pc_0_axi_protocol_converter_v2_1_37_axi3_conv/image_block_axi_mem_intercon_imp_auto_pc_0_axi_protocol_converter_v2_1_37_a_axi3_conv/image_block_axi_mem_intercon_imp_auto_pc_0_axi_data_fifo_v2_1_36_axic_fifo/image_block_axi_mem_intercon_imp_auto_pc_0_axi_data_fifo_v2_1_36_fifo_gen_1/<hidden>/<hidden>/<hidden>/<hidden>/<hidden>
                            (rising edge-triggered cell FDRE clocked by clk_fpga_0  {rise@0.000ns fall@5.000ns period=10.000ns})
  Destination:            image_block_wrapper/image_block/image_block_axi_mem_intercon_0/s00_couplers_imp_VHS1OY/image_block_axi_mem_intercon_imp_auto_pc_0/image_block_axi_mem_intercon_imp_auto_pc_0_axi_protocol_converter_v2_1_37_axi_protocol_converter/image_block_axi_mem_intercon_imp_auto_pc_0_axi_protocol_converter_v2_1_37_axi3_conv/image_block_axi_mem_intercon_imp_auto_pc_0_axi_protocol_converter_v2_1_37_a_axi3_conv/image_block_axi_mem_intercon_imp_auto_pc_0_axi_data_fifo_v2_1_36_axic_fifo/image_block_axi_mem_intercon_imp_auto_pc_0_axi_data_fifo_v2_1_36_fifo_gen_1/<hidden>/<hidden>/<hidden>/<hidden>/<hidden>/<hidden>
                            (recovery check against rising-edge clock clk_fpga_0  {rise@0.000ns fall@5.000ns period=10.000ns})
  Path Group:             **async_default**
  Path Type:              Recovery (Max at Slow Process Corner)
  Requirement:            10.000ns  (clk_fpga_0 rise@10.000ns - clk_fpga_0 rise@0.000ns)
  Data Path Delay:        2.395ns  (logic 0.642ns (26.806%)  route 1.753ns (73.194%))
  Logic Levels:           1  (LUT3=1)
  Clock Path Skew:        -0.057ns (DCD - SCD + CPR)
    Destination Clock Delay (DCD):    2.657ns = ( 12.657 - 10.000 ) 
    Source Clock Delay      (SCD):    2.943ns
    Clock Pessimism Removal (CPR):    0.229ns
  Clock Uncertainty:      0.154ns  ((TSJ^2 + TIJ^2)^1/2 + DJ) / 2 + PE
    Total System Jitter     (TSJ):    0.071ns
    Total Input Jitter      (TIJ):    0.300ns
    Discrete Jitter          (DJ):    0.000ns
    Phase Error              (PE):    0.000ns

    Location             Delay type                Incr(ns)  Path(ns)    Netlist Resource(s)
  -------------------------------------------------------------------    -------------------
                         (clock clk_fpga_0 rise edge)
                                                      0.000     0.000 r  
    PS7_X0Y0             PS7                          0.000     0.000 r  image_block_i/processing_system7_0/inst/PS7_i/FCLKCLK[0]
                         net (fo=1, routed)           1.193     1.193    image_block_i/processing_system7_0/inst/FCLK_CLK_unbuffered[0]
    BUFGCTRL_X0Y16       BUFG (Prop_bufg_I_O)         0.101     1.294 r  image_block_i/processing_system7_0/inst/buffer_fclk_clk_0.FCLK_CLK_0_BUFG/O
                         net (fo=5609, routed)        1.649     2.943    image_block_wrapper/image_block/image_block_axi_mem_intercon_0/s00_couplers_imp_VHS1OY/image_block_axi_mem_intercon_imp_auto_pc_0/image_block_axi_mem_intercon_imp_auto_pc_0_axi_protocol_converter_v2_1_37_axi_protocol_converter/image_block_axi_mem_intercon_imp_auto_pc_0_axi_protocol_converter_v2_1_37_axi3_conv/image_block_axi_mem_intercon_imp_auto_pc_0_axi_protocol_converter_v2_1_37_a_axi3_conv/image_block_axi_mem_intercon_imp_auto_pc_0_axi_data_fifo_v2_1_36_axic_fifo/image_block_axi_mem_intercon_imp_auto_pc_0_axi_data_fifo_v2_1_36_fifo_gen_1/<hidden>/<hidden>/<hidden>/<hidden>/<hidden>
    SLICE_X32Y61         FDRE                                         r  image_block_wrapper/image_block/image_block_axi_mem_intercon_0/s00_couplers_imp_VHS1OY/image_block_axi_mem_intercon_imp_auto_pc_0/image_block_axi_mem_intercon_imp_auto_pc_0_axi_protocol_converter_v2_1_37_axi_protocol_converter/image_block_axi_mem_intercon_imp_auto_pc_0_axi_protocol_converter_v2_1_37_axi3_conv/image_block_axi_mem_intercon_imp_auto_pc_0_axi_protocol_converter_v2_1_37_a_axi3_conv/image_block_axi_mem_intercon_imp_auto_pc_0_axi_data_fifo_v2_1_36_axic_fifo/image_block_axi_mem_intercon_imp_auto_pc_0_axi_data_fifo_v2_1_36_fifo_gen_1/<hidden>/<hidden>/<hidden>/<hidden>/<hidden>
  -------------------------------------------------------------------    -------------------
    SLICE_X32Y61         FDRE (Prop_fdre_C_Q)         0.518     3.461 f  image_block_wrapper/image_block/image_block_axi_mem_intercon_0/s00_couplers_imp_VHS1OY/image_block_axi_mem_intercon_imp_auto_pc_0/image_block_axi_mem_intercon_imp_auto_pc_0_axi_protocol_converter_v2_1_37_axi_protocol_converter/image_block_axi_mem_intercon_imp_auto_pc_0_axi_protocol_converter_v2_1_37_axi3_conv/image_block_axi_mem_intercon_imp_auto_pc_0_axi_protocol_converter_v2_1_37_a_axi3_conv/image_block_axi_mem_intercon_imp_auto_pc_0_axi_data_fifo_v2_1_36_axic_fifo/image_block_axi_mem_intercon_imp_auto_pc_0_axi_data_fifo_v2_1_36_fifo_gen_1/<hidden>/<hidden>/<hidden>/<hidden>/<hidden>
                         net (fo=2, routed)           0.664     4.125    image_block_wrapper/image_block/image_block_axi_mem_intercon_0/s00_couplers_imp_VHS1OY/image_block_axi_mem_intercon_imp_auto_pc_0/image_block_axi_mem_intercon_imp_auto_pc_0_axi_protocol_converter_v2_1_37_axi_protocol_converter/image_block_axi_mem_intercon_imp_auto_pc_0_axi_protocol_converter_v2_1_37_axi3_conv/image_block_axi_mem_intercon_imp_auto_pc_0_axi_protocol_converter_v2_1_37_a_axi3_conv/image_block_axi_mem_intercon_imp_auto_pc_0_axi_data_fifo_v2_1_36_axic_fifo/image_block_axi_mem_intercon_imp_auto_pc_0_axi_data_fifo_v2_1_36_fifo_gen_1/<hidden>/<hidden>/<hidden>/<hidden>/<hidden>
    SLICE_X32Y61         LUT3 (Prop_lut3_I0_O)        0.124     4.249 f  image_block_wrapper/image_block/image_block_axi_mem_intercon_0/s00_couplers_imp_VHS1OY/image_block_axi_mem_intercon_imp_auto_pc_0/image_block_axi_mem_intercon_imp_auto_pc_0_axi_protocol_converter_v2_1_37_axi_protocol_converter/image_block_axi_mem_intercon_imp_auto_pc_0_axi_protocol_converter_v2_1_37_axi3_conv/image_block_axi_mem_intercon_imp_auto_pc_0_axi_protocol_converter_v2_1_37_a_axi3_conv/image_block_axi_mem_intercon_imp_auto_pc_0_axi_data_fifo_v2_1_36_axic_fifo/image_block_axi_mem_intercon_imp_auto_pc_0_axi_data_fifo_v2_1_36_fifo_gen_1/<hidden>/<hidden>/<hidden>/<hidden>/<hidden>
                         net (fo=32, routed)          1.089     5.338    image_block_wrapper/image_block/image_block_axi_mem_intercon_0/s00_couplers_imp_VHS1OY/image_block_axi_mem_intercon_imp_auto_pc_0/image_block_axi_mem_intercon_imp_auto_pc_0_axi_protocol_converter_v2_1_37_axi_protocol_converter/image_block_axi_mem_intercon_imp_auto_pc_0_axi_protocol_converter_v2_1_37_axi3_conv/image_block_axi_mem_intercon_imp_auto_pc_0_axi_protocol_converter_v2_1_37_a_axi3_conv/image_block_axi_mem_intercon_imp_auto_pc_0_axi_data_fifo_v2_1_36_axic_fifo/image_block_axi_mem_intercon_imp_auto_pc_0_axi_data_fifo_v2_1_36_fifo_gen_1/<hidden>/<hidden>/<hidden>/<hidden>/<hidden>/<hidden>
    SLICE_X35Y59         FDCE                                         f  image_block_wrapper/image_block/image_block_axi_mem_intercon_0/s00_couplers_imp_VHS1OY/image_block_axi_mem_intercon_imp_auto_pc_0/image_block_axi_mem_intercon_imp_auto_pc_0_axi_protocol_converter_v2_1_37_axi_protocol_converter/image_block_axi_mem_intercon_imp_auto_pc_0_axi_protocol_converter_v2_1_37_axi3_conv/image_block_axi_mem_intercon_imp_auto_pc_0_axi_protocol_converter_v2_1_37_a_axi3_conv/image_block_axi_mem_intercon_imp_auto_pc_0_axi_data_fifo_v2_1_36_axic_fifo/image_block_axi_mem_intercon_imp_auto_pc_0_axi_data_fifo_v2_1_36_fifo_gen_1/<hidden>/<hidden>/<hidden>/<hidden>/<hidden>/<hidden>
  -------------------------------------------------------------------    -------------------

                         (clock clk_fpga_0 rise edge)
                                                     10.000    10.000 r  
    PS7_X0Y0             PS7                          0.000    10.000 r  image_block_i/processing_system7_0/inst/PS7_i/FCLKCLK[0]
                         net (fo=1, routed)           1.088    11.088    image_block_i/processing_system7_0/inst/FCLK_CLK_unbuffered[0]
    BUFGCTRL_X0Y16       BUFG (Prop_bufg_I_O)         0.091    11.179 r  image_block_i/processing_system7_0/inst/buffer_fclk_clk_0.FCLK_CLK_0_BUFG/O
                         net (fo=5609, routed)        1.478    12.657    image_block_wrapper/image_block/image_block_axi_mem_intercon_0/s00_couplers_imp_VHS1OY/image_block_axi_mem_intercon_imp_auto_pc_0/image_block_axi_mem_intercon_imp_auto_pc_0_axi_protocol_converter_v2_1_37_axi_protocol_converter/image_block_axi_mem_intercon_imp_auto_pc_0_axi_protocol_converter_v2_1_37_axi3_conv/image_block_axi_mem_intercon_imp_auto_pc_0_axi_protocol_converter_v2_1_37_a_axi3_conv/image_block_axi_mem_intercon_imp_auto_pc_0_axi_data_fifo_v2_1_36_axic_fifo/image_block_axi_mem_intercon_imp_auto_pc_0_axi_data_fifo_v2_1_36_fifo_gen_1/<hidden>/<hidden>/<hidden>/<hidden>/<hidden>/<hidden>
    SLICE_X35Y59         FDCE                                         r  image_block_wrapper/image_block/image_block_axi_mem_intercon_0/s00_couplers_imp_VHS1OY/image_block_axi_mem_intercon_imp_auto_pc_0/image_block_axi_mem_intercon_imp_auto_pc_0_axi_protocol_converter_v2_1_37_axi_protocol_converter/image_block_axi_mem_intercon_imp_auto_pc_0_axi_protocol_converter_v2_1_37_axi3_conv/image_block_axi_mem_intercon_imp_auto_pc_0_axi_protocol_converter_v2_1_37_a_axi3_conv/image_block_axi_mem_intercon_imp_auto_pc_0_axi_data_fifo_v2_1_36_axic_fifo/image_block_axi_mem_intercon_imp_auto_pc_0_axi_data_fifo_v2_1_36_fifo_gen_1/<hidden>/<hidden>/<hidden>/<hidden>/<hidden>/<hidden>
                         clock pessimism              0.229    12.886    
                         clock uncertainty           -0.154    12.732    
    SLICE_X35Y59         FDCE (Recov_fdce_C_CLR)     -0.405    12.327    image_block_wrapper/image_block/image_block_axi_mem_intercon_0/s00_couplers_imp_VHS1OY/image_block_axi_mem_intercon_imp_auto_pc_0/image_block_axi_mem_intercon_imp_auto_pc_0_axi_protocol_converter_v2_1_37_axi_protocol_converter/image_block_axi_mem_intercon_imp_auto_pc_0_axi_protocol_converter_v2_1_37_axi3_conv/image_block_axi_mem_intercon_imp_auto_pc_0_axi_protocol_converter_v2_1_37_a_axi3_conv/image_block_axi_mem_intercon_imp_auto_pc_0_axi_data_fifo_v2_1_36_axic_fifo/image_block_axi_mem_intercon_imp_auto_pc_0_axi_data_fifo_v2_1_36_fifo_gen_1/<hidden>/<hidden>/<hidden>/<hidden>/<hidden>/<hidden>
  -------------------------------------------------------------------
                         required time                         12.327    
                         arrival time                          -5.338    
  -------------------------------------------------------------------
                         slack                                  6.989    

Slack (MET) :             6.989ns  (required time - arrival time)
  Source:                 image_block_wrapper/image_block/image_block_axi_mem_intercon_0/s00_couplers_imp_VHS1OY/image_block_axi_mem_intercon_imp_auto_pc_0/image_block_axi_mem_intercon_imp_auto_pc_0_axi_protocol_converter_v2_1_37_axi_protocol_converter/image_block_axi_mem_intercon_imp_auto_pc_0_axi_protocol_converter_v2_1_37_axi3_conv/image_block_axi_mem_intercon_imp_auto_pc_0_axi_protocol_converter_v2_1_37_a_axi3_conv/image_block_axi_mem_intercon_imp_auto_pc_0_axi_data_fifo_v2_1_36_axic_fifo/image_block_axi_mem_intercon_imp_auto_pc_0_axi_data_fifo_v2_1_36_fifo_gen_1/<hidden>/<hidden>/<hidden>/<hidden>/<hidden>
                            (rising edge-triggered cell FDRE clocked by clk_fpga_0  {rise@0.000ns fall@5.000ns period=10.000ns})
  Destination:            image_block_wrapper/image_block/image_block_axi_mem_intercon_0/s00_couplers_imp_VHS1OY/image_block_axi_mem_intercon_imp_auto_pc_0/image_block_axi_mem_intercon_imp_auto_pc_0_axi_protocol_converter_v2_1_37_axi_protocol_converter/image_block_axi_mem_intercon_imp_auto_pc_0_axi_protocol_converter_v2_1_37_axi3_conv/image_block_axi_mem_intercon_imp_auto_pc_0_axi_protocol_converter_v2_1_37_a_axi3_conv/image_block_axi_mem_intercon_imp_auto_pc_0_axi_data_fifo_v2_1_36_axic_fifo/image_block_axi_mem_intercon_imp_auto_pc_0_axi_data_fifo_v2_1_36_fifo_gen_1/<hidden>/<hidden>/<hidden>/<hidden>/<hidden>/<hidden>
                            (recovery check against rising-edge clock clk_fpga_0  {rise@0.000ns fall@5.000ns period=10.000ns})
  Path Group:             **async_default**
  Path Type:              Recovery (Max at Slow Process Corner)
  Requirement:            10.000ns  (clk_fpga_0 rise@10.000ns - clk_fpga_0 rise@0.000ns)
  Data Path Delay:        2.395ns  (logic 0.642ns (26.806%)  route 1.753ns (73.194%))
  Logic Levels:           1  (LUT3=1)
  Clock Path Skew:        -0.057ns (DCD - SCD + CPR)
    Destination Clock Delay (DCD):    2.657ns = ( 12.657 - 10.000 ) 
    Source Clock Delay      (SCD):    2.943ns
    Clock Pessimism Removal (CPR):    0.229ns
  Clock Uncertainty:      0.154ns  ((TSJ^2 + TIJ^2)^1/2 + DJ) / 2 + PE
    Total System Jitter     (TSJ):    0.071ns
    Total Input Jitter      (TIJ):    0.300ns
    Discrete Jitter          (DJ):    0.000ns
    Phase Error              (PE):    0.000ns

    Location             Delay type                Incr(ns)  Path(ns)    Netlist Resource(s)
  -------------------------------------------------------------------    -------------------
                         (clock clk_fpga_0 rise edge)
                                                      0.000     0.000 r  
    PS7_X0Y0             PS7                          0.000     0.000 r  image_block_i/processing_system7_0/inst/PS7_i/FCLKCLK[0]
                         net (fo=1, routed)           1.193     1.193    image_block_i/processing_system7_0/inst/FCLK_CLK_unbuffered[0]
    BUFGCTRL_X0Y16       BUFG (Prop_bufg_I_O)         0.101     1.294 r  image_block_i/processing_system7_0/inst/buffer_fclk_clk_0.FCLK_CLK_0_BUFG/O
                         net (fo=5609, routed)        1.649     2.943    image_block_wrapper/image_block/image_block_axi_mem_intercon_0/s00_couplers_imp_VHS1OY/image_block_axi_mem_intercon_imp_auto_pc_0/image_block_axi_mem_intercon_imp_auto_pc_0_axi_protocol_converter_v2_1_37_axi_protocol_converter/image_block_axi_mem_intercon_imp_auto_pc_0_axi_protocol_converter_v2_1_37_axi3_conv/image_block_axi_mem_intercon_imp_auto_pc_0_axi_protocol_converter_v2_1_37_a_axi3_conv/image_block_axi_mem_intercon_imp_auto_pc_0_axi_data_fifo_v2_1_36_axic_fifo/image_block_axi_mem_intercon_imp_auto_pc_0_axi_data_fifo_v2_1_36_fifo_gen_1/<hidden>/<hidden>/<hidden>/<hidden>/<hidden>
    SLICE_X32Y61         FDRE                                         r  image_block_wrapper/image_block/image_block_axi_mem_intercon_0/s00_couplers_imp_VHS1OY/image_block_axi_mem_intercon_imp_auto_pc_0/image_block_axi_mem_intercon_imp_auto_pc_0_axi_protocol_converter_v2_1_37_axi_protocol_converter/image_block_axi_mem_intercon_imp_auto_pc_0_axi_protocol_converter_v2_1_37_axi3_conv/image_block_axi_mem_intercon_imp_auto_pc_0_axi_protocol_converter_v2_1_37_a_axi3_conv/image_block_axi_mem_intercon_imp_auto_pc_0_axi_data_fifo_v2_1_36_axic_fifo/image_block_axi_mem_intercon_imp_auto_pc_0_axi_data_fifo_v2_1_36_fifo_gen_1/<hidden>/<hidden>/<hidden>/<hidden>/<hidden>
  -------------------------------------------------------------------    -------------------
    SLICE_X32Y61         FDRE (Prop_fdre_C_Q)         0.518     3.461 f  image_block_wrapper/image_block/image_block_axi_mem_intercon_0/s00_couplers_imp_VHS1OY/image_block_axi_mem_intercon_imp_auto_pc_0/image_block_axi_mem_intercon_imp_auto_pc_0_axi_protocol_converter_v2_1_37_axi_protocol_converter/image_block_axi_mem_intercon_imp_auto_pc_0_axi_protocol_converter_v2_1_37_axi3_conv/image_block_axi_mem_intercon_imp_auto_pc_0_axi_protocol_converter_v2_1_37_a_axi3_conv/image_block_axi_mem_intercon_imp_auto_pc_0_axi_data_fifo_v2_1_36_axic_fifo/image_block_axi_mem_intercon_imp_auto_pc_0_axi_data_fifo_v2_1_36_fifo_gen_1/<hidden>/<hidden>/<hidden>/<hidden>/<hidden>
                         net (fo=2, routed)           0.664     4.125    image_block_wrapper/image_block/image_block_axi_mem_intercon_0/s00_couplers_imp_VHS1OY/image_block_axi_mem_intercon_imp_auto_pc_0/image_block_axi_mem_intercon_imp_auto_pc_0_axi_protocol_converter_v2_1_37_axi_protocol_converter/image_block_axi_mem_intercon_imp_auto_pc_0_axi_protocol_converter_v2_1_37_axi3_conv/image_block_axi_mem_intercon_imp_auto_pc_0_axi_protocol_converter_v2_1_37_a_axi3_conv/image_block_axi_mem_intercon_imp_auto_pc_0_axi_data_fifo_v2_1_36_axic_fifo/image_block_axi_mem_intercon_imp_auto_pc_0_axi_data_fifo_v2_1_36_fifo_gen_1/<hidden>/<hidden>/<hidden>/<hidden>/<hidden>
    SLICE_X32Y61         LUT3 (Prop_lut3_I0_O)        0.124     4.249 f  image_block_wrapper/image_block/image_block_axi_mem_intercon_0/s00_couplers_imp_VHS1OY/image_block_axi_mem_intercon_imp_auto_pc_0/image_block_axi_mem_intercon_imp_auto_pc_0_axi_protocol_converter_v2_1_37_axi_protocol_converter/image_block_axi_mem_intercon_imp_auto_pc_0_axi_protocol_converter_v2_1_37_axi3_conv/image_block_axi_mem_intercon_imp_auto_pc_0_axi_protocol_converter_v2_1_37_a_axi3_conv/image_block_axi_mem_intercon_imp_auto_pc_0_axi_data_fifo_v2_1_36_axic_fifo/image_block_axi_mem_intercon_imp_auto_pc_0_axi_data_fifo_v2_1_36_fifo_gen_1/<hidden>/<hidden>/<hidden>/<hidden>/<hidden>
                         net (fo=32, routed)          1.089     5.338    image_block_wrapper/image_block/image_block_axi_mem_intercon_0/s00_couplers_imp_VHS1OY/image_block_axi_mem_intercon_imp_auto_pc_0/image_block_axi_mem_intercon_imp_auto_pc_0_axi_protocol_converter_v2_1_37_axi_protocol_converter/image_block_axi_mem_intercon_imp_auto_pc_0_axi_protocol_converter_v2_1_37_axi3_conv/image_block_axi_mem_intercon_imp_auto_pc_0_axi_protocol_converter_v2_1_37_a_axi3_conv/image_block_axi_mem_intercon_imp_auto_pc_0_axi_data_fifo_v2_1_36_axic_fifo/image_block_axi_mem_intercon_imp_auto_pc_0_axi_data_fifo_v2_1_36_fifo_gen_1/<hidden>/<hidden>/<hidden>/<hidden>/<hidden>/<hidden>
    SLICE_X35Y59         FDCE                                         f  image_block_wrapper/image_block/image_block_axi_mem_intercon_0/s00_couplers_imp_VHS1OY/image_block_axi_mem_intercon_imp_auto_pc_0/image_block_axi_mem_intercon_imp_auto_pc_0_axi_protocol_converter_v2_1_37_axi_protocol_converter/image_block_axi_mem_intercon_imp_auto_pc_0_axi_protocol_converter_v2_1_37_axi3_conv/image_block_axi_mem_intercon_imp_auto_pc_0_axi_protocol_converter_v2_1_37_a_axi3_conv/image_block_axi_mem_intercon_imp_auto_pc_0_axi_data_fifo_v2_1_36_axic_fifo/image_block_axi_mem_intercon_imp_auto_pc_0_axi_data_fifo_v2_1_36_fifo_gen_1/<hidden>/<hidden>/<hidden>/<hidden>/<hidden>/<hidden>
  -------------------------------------------------------------------    -------------------

                         (clock clk_fpga_0 rise edge)
                                                     10.000    10.000 r  
    PS7_X0Y0             PS7                          0.000    10.000 r  image_block_i/processing_system7_0/inst/PS7_i/FCLKCLK[0]
                         net (fo=1, routed)           1.088    11.088    image_block_i/processing_system7_0/inst/FCLK_CLK_unbuffered[0]
    BUFGCTRL_X0Y16       BUFG (Prop_bufg_I_O)         0.091    11.179 r  image_block_i/processing_system7_0/inst/buffer_fclk_clk_0.FCLK_CLK_0_BUFG/O
                         net (fo=5609, routed)        1.478    12.657    image_block_wrapper/image_block/image_block_axi_mem_intercon_0/s00_couplers_imp_VHS1OY/image_block_axi_mem_intercon_imp_auto_pc_0/image_block_axi_mem_intercon_imp_auto_pc_0_axi_protocol_converter_v2_1_37_axi_protocol_converter/image_block_axi_mem_intercon_imp_auto_pc_0_axi_protocol_converter_v2_1_37_axi3_conv/image_block_axi_mem_intercon_imp_auto_pc_0_axi_protocol_converter_v2_1_37_a_axi3_conv/image_block_axi_mem_intercon_imp_auto_pc_0_axi_data_fifo_v2_1_36_axic_fifo/image_block_axi_mem_intercon_imp_auto_pc_0_axi_data_fifo_v2_1_36_fifo_gen_1/<hidden>/<hidden>/<hidden>/<hidden>/<hidden>/<hidden>
    SLICE_X35Y59         FDCE                                         r  image_block_wrapper/image_block/image_block_axi_mem_intercon_0/s00_couplers_imp_VHS1OY/image_block_axi_mem_intercon_imp_auto_pc_0/image_block_axi_mem_intercon_imp_auto_pc_0_axi_protocol_converter_v2_1_37_axi_protocol_converter/image_block_axi_mem_intercon_imp_auto_pc_0_axi_protocol_converter_v2_1_37_axi3_conv/image_block_axi_mem_intercon_imp_auto_pc_0_axi_protocol_converter_v2_1_37_a_axi3_conv/image_block_axi_mem_intercon_imp_auto_pc_0_axi_data_fifo_v2_1_36_axic_fifo/image_block_axi_mem_intercon_imp_auto_pc_0_axi_data_fifo_v2_1_36_fifo_gen_1/<hidden>/<hidden>/<hidden>/<hidden>/<hidden>/<hidden>
                         clock pessimism              0.229    12.886    
                         clock uncertainty           -0.154    12.732    
    SLICE_X35Y59         FDCE (Recov_fdce_C_CLR)     -0.405    12.327    image_block_wrapper/image_block/image_block_axi_mem_intercon_0/s00_couplers_imp_VHS1OY/image_block_axi_mem_intercon_imp_auto_pc_0/image_block_axi_mem_intercon_imp_auto_pc_0_axi_protocol_converter_v2_1_37_axi_protocol_converter/image_block_axi_mem_intercon_imp_auto_pc_0_axi_protocol_converter_v2_1_37_axi3_conv/image_block_axi_mem_intercon_imp_auto_pc_0_axi_protocol_converter_v2_1_37_a_axi3_conv/image_block_axi_mem_intercon_imp_auto_pc_0_axi_data_fifo_v2_1_36_axic_fifo/image_block_axi_mem_intercon_imp_auto_pc_0_axi_data_fifo_v2_1_36_fifo_gen_1/<hidden>/<hidden>/<hidden>/<hidden>/<hidden>/<hidden>
  -------------------------------------------------------------------
                         required time                         12.327    
                         arrival time                          -5.338    
  -------------------------------------------------------------------
                         slack                                  6.989    

Slack (MET) :             7.033ns  (required time - arrival time)
  Source:                 image_block_wrapper/image_block/image_block_axi_mem_intercon_0/s00_couplers_imp_VHS1OY/image_block_axi_mem_intercon_imp_auto_pc_0/image_block_axi_mem_intercon_imp_auto_pc_0_axi_protocol_converter_v2_1_37_axi_protocol_converter/image_block_axi_mem_intercon_imp_auto_pc_0_axi_protocol_converter_v2_1_37_axi3_conv/image_block_axi_mem_intercon_imp_auto_pc_0_axi_protocol_converter_v2_1_37_a_axi3_conv/image_block_axi_mem_intercon_imp_auto_pc_0_axi_data_fifo_v2_1_36_axic_fifo/image_block_axi_mem_intercon_imp_auto_pc_0_axi_data_fifo_v2_1_36_fifo_gen_1/<hidden>/<hidden>/<hidden>/<hidden>/<hidden>
                            (rising edge-triggered cell FDRE clocked by clk_fpga_0  {rise@0.000ns fall@5.000ns period=10.000ns})
  Destination:            image_block_wrapper/image_block/image_block_axi_mem_intercon_0/s00_couplers_imp_VHS1OY/image_block_axi_mem_intercon_imp_auto_pc_0/image_block_axi_mem_intercon_imp_auto_pc_0_axi_protocol_converter_v2_1_37_axi_protocol_converter/image_block_axi_mem_intercon_imp_auto_pc_0_axi_protocol_converter_v2_1_37_axi3_conv/image_block_axi_mem_intercon_imp_auto_pc_0_axi_protocol_converter_v2_1_37_a_axi3_conv/image_block_axi_mem_intercon_imp_auto_pc_0_axi_data_fifo_v2_1_36_axic_fifo/image_block_axi_mem_intercon_imp_auto_pc_0_axi_data_fifo_v2_1_36_fifo_gen_1/<hidden>/<hidden>/<hidden>/<hidden>/<hidden>/<hidden>
                            (recovery check against rising-edge clock clk_fpga_0  {rise@0.000ns fall@5.000ns period=10.000ns})
  Path Group:             **async_default**
  Path Type:              Recovery (Max at Slow Process Corner)
  Requirement:            10.000ns  (clk_fpga_0 rise@10.000ns - clk_fpga_0 rise@0.000ns)
  Data Path Delay:        2.395ns  (logic 0.642ns (26.806%)  route 1.753ns (73.194%))
  Logic Levels:           1  (LUT3=1)
  Clock Path Skew:        -0.057ns (DCD - SCD + CPR)
    Destination Clock Delay (DCD):    2.657ns = ( 12.657 - 10.000 ) 
    Source Clock Delay      (SCD):    2.943ns
    Clock Pessimism Removal (CPR):    0.229ns
  Clock Uncertainty:      0.154ns  ((TSJ^2 + TIJ^2)^1/2 + DJ) / 2 + PE
    Total System Jitter     (TSJ):    0.071ns
    Total Input Jitter      (TIJ):    0.300ns
    Discrete Jitter          (DJ):    0.000ns
    Phase Error              (PE):    0.000ns

    Location             Delay type                Incr(ns)  Path(ns)    Netlist Resource(s)
  -------------------------------------------------------------------    -------------------
                         (clock clk_fpga_0 rise edge)
                                                      0.000     0.000 r  
    PS7_X0Y0             PS7                          0.000     0.000 r  image_block_i/processing_system7_0/inst/PS7_i/FCLKCLK[0]
                         net (fo=1, routed)           1.193     1.193    image_block_i/processing_system7_0/inst/FCLK_CLK_unbuffered[0]
    BUFGCTRL_X0Y16       BUFG (Prop_bufg_I_O)         0.101     1.294 r  image_block_i/processing_system7_0/inst/buffer_fclk_clk_0.FCLK_CLK_0_BUFG/O
                         net (fo=5609, routed)        1.649     2.943    image_block_wrapper/image_block/image_block_axi_mem_intercon_0/s00_couplers_imp_VHS1OY/image_block_axi_mem_intercon_imp_auto_pc_0/image_block_axi_mem_intercon_imp_auto_pc_0_axi_protocol_converter_v2_1_37_axi_protocol_converter/image_block_axi_mem_intercon_imp_auto_pc_0_axi_protocol_converter_v2_1_37_axi3_conv/image_block_axi_mem_intercon_imp_auto_pc_0_axi_protocol_converter_v2_1_37_a_axi3_conv/image_block_axi_mem_intercon_imp_auto_pc_0_axi_data_fifo_v2_1_36_axic_fifo/image_block_axi_mem_intercon_imp_auto_pc_0_axi_data_fifo_v2_1_36_fifo_gen_1/<hidden>/<hidden>/<hidden>/<hidden>/<hidden>
    SLICE_X32Y61         FDRE                                         r  image_block_wrapper/image_block/image_block_axi_mem_intercon_0/s00_couplers_imp_VHS1OY/image_block_axi_mem_intercon_imp_auto_pc_0/image_block_axi_mem_intercon_imp_auto_pc_0_axi_protocol_converter_v2_1_37_axi_protocol_converter/image_block_axi_mem_intercon_imp_auto_pc_0_axi_protocol_converter_v2_1_37_axi3_conv/image_block_axi_mem_intercon_imp_auto_pc_0_axi_protocol_converter_v2_1_37_a_axi3_conv/image_block_axi_mem_intercon_imp_auto_pc_0_axi_data_fifo_v2_1_36_axic_fifo/image_block_axi_mem_intercon_imp_auto_pc_0_axi_data_fifo_v2_1_36_fifo_gen_1/<hidden>/<hidden>/<hidden>/<hidden>/<hidden>
  -------------------------------------------------------------------    -------------------
    SLICE_X32Y61         FDRE (Prop_fdre_C_Q)         0.518     3.461 f  image_block_wrapper/image_block/image_block_axi_mem_intercon_0/s00_couplers_imp_VHS1OY/image_block_axi_mem_intercon_imp_auto_pc_0/image_block_axi_mem_intercon_imp_auto_pc_0_axi_protocol_converter_v2_1_37_axi_protocol_converter/image_block_axi_mem_intercon_imp_auto_pc_0_axi_protocol_converter_v2_1_37_axi3_conv/image_block_axi_mem_intercon_imp_auto_pc_0_axi_protocol_converter_v2_1_37_a_axi3_conv/image_block_axi_mem_intercon_imp_auto_pc_0_axi_data_fifo_v2_1_36_axic_fifo/image_block_axi_mem_intercon_imp_auto_pc_0_axi_data_fifo_v2_1_36_fifo_gen_1/<hidden>/<hidden>/<hidden>/<hidden>/<hidden>
                         net (fo=2, routed)           0.664     4.125    image_block_wrapper/image_block/image_block_axi_mem_intercon_0/s00_couplers_imp_VHS1OY/image_block_axi_mem_intercon_imp_auto_pc_0/image_block_axi_mem_intercon_imp_auto_pc_0_axi_protocol_converter_v2_1_37_axi_protocol_converter/image_block_axi_mem_intercon_imp_auto_pc_0_axi_protocol_converter_v2_1_37_axi3_conv/image_block_axi_mem_intercon_imp_auto_pc_0_axi_protocol_converter_v2_1_37_a_axi3_conv/image_block_axi_mem_intercon_imp_auto_pc_0_axi_data_fifo_v2_1_36_axic_fifo/image_block_axi_mem_intercon_imp_auto_pc_0_axi_data_fifo_v2_1_36_fifo_gen_1/<hidden>/<hidden>/<hidden>/<hidden>/<hidden>
    SLICE_X32Y61         LUT3 (Prop_lut3_I0_O)        0.124     4.249 f  image_block_wrapper/image_block/image_block_axi_mem_intercon_0/s00_couplers_imp_VHS1OY/image_block_axi_mem_intercon_imp_auto_pc_0/image_block_axi_mem_intercon_imp_auto_pc_0_axi_protocol_converter_v2_1_37_axi_protocol_converter/image_block_axi_mem_intercon_imp_auto_pc_0_axi_protocol_converter_v2_1_37_axi3_conv/image_block_axi_mem_intercon_imp_auto_pc_0_axi_protocol_converter_v2_1_37_a_axi3_conv/image_block_axi_mem_intercon_imp_auto_pc_0_axi_data_fifo_v2_1_36_axic_fifo/image_block_axi_mem_intercon_imp_auto_pc_0_axi_data_fifo_v2_1_36_fifo_gen_1/<hidden>/<hidden>/<hidden>/<hidden>/<hidden>
                         net (fo=32, routed)          1.089     5.338    image_block_wrapper/image_block/image_block_axi_mem_intercon_0/s00_couplers_imp_VHS1OY/image_block_axi_mem_intercon_imp_auto_pc_0/image_block_axi_mem_intercon_imp_auto_pc_0_axi_protocol_converter_v2_1_37_axi_protocol_converter/image_block_axi_mem_intercon_imp_auto_pc_0_axi_protocol_converter_v2_1_37_axi3_conv/image_block_axi_mem_intercon_imp_auto_pc_0_axi_protocol_converter_v2_1_37_a_axi3_conv/image_block_axi_mem_intercon_imp_auto_pc_0_axi_data_fifo_v2_1_36_axic_fifo/image_block_axi_mem_intercon_imp_auto_pc_0_axi_data_fifo_v2_1_36_fifo_gen_1/<hidden>/<hidden>/<hidden>/<hidden>/<hidden>/<hidden>
    SLICE_X34Y59         FDCE                                         f  image_block_wrapper/image_block/image_block_axi_mem_intercon_0/s00_couplers_imp_VHS1OY/image_block_axi_mem_intercon_imp_auto_pc_0/image_block_axi_mem_intercon_imp_auto_pc_0_axi_protocol_converter_v2_1_37_axi_protocol_converter/image_block_axi_mem_intercon_imp_auto_pc_0_axi_protocol_converter_v2_1_37_axi3_conv/image_block_axi_mem_intercon_imp_auto_pc_0_axi_protocol_converter_v2_1_37_a_axi3_conv/image_block_axi_mem_intercon_imp_auto_pc_0_axi_data_fifo_v2_1_36_axic_fifo/image_block_axi_mem_intercon_imp_auto_pc_0_axi_data_fifo_v2_1_36_fifo_gen_1/<hidden>/<hidden>/<hidden>/<hidden>/<hidden>/<hidden>
  -------------------------------------------------------------------    -------------------

                         (clock clk_fpga_0 rise edge)
                                                     10.000    10.000 r  
    PS7_X0Y0             PS7                          0.000    10.000 r  image_block_i/processing_system7_0/inst/PS7_i/FCLKCLK[0]
                         net (fo=1, routed)           1.088    11.088    image_block_i/processing_system7_0/inst/FCLK_CLK_unbuffered[0]
    BUFGCTRL_X0Y16       BUFG (Prop_bufg_I_O)         0.091    11.179 r  image_block_i/processing_system7_0/inst/buffer_fclk_clk_0.FCLK_CLK_0_BUFG/O
                         net (fo=5609, routed)        1.478    12.657    image_block_wrapper/image_block/image_block_axi_mem_intercon_0/s00_couplers_imp_VHS1OY/image_block_axi_mem_intercon_imp_auto_pc_0/image_block_axi_mem_intercon_imp_auto_pc_0_axi_protocol_converter_v2_1_37_axi_protocol_converter/image_block_axi_mem_intercon_imp_auto_pc_0_axi_protocol_converter_v2_1_37_axi3_conv/image_block_axi_mem_intercon_imp_auto_pc_0_axi_protocol_converter_v2_1_37_a_axi3_conv/image_block_axi_mem_intercon_imp_auto_pc_0_axi_data_fifo_v2_1_36_axic_fifo/image_block_axi_mem_intercon_imp_auto_pc_0_axi_data_fifo_v2_1_36_fifo_gen_1/<hidden>/<hidden>/<hidden>/<hidden>/<hidden>/<hidden>
    SLICE_X34Y59         FDCE                                         r  image_block_wrapper/image_block/image_block_axi_mem_intercon_0/s00_couplers_imp_VHS1OY/image_block_axi_mem_intercon_imp_auto_pc_0/image_block_axi_mem_intercon_imp_auto_pc_0_axi_protocol_converter_v2_1_37_axi_protocol_converter/image_block_axi_mem_intercon_imp_auto_pc_0_axi_protocol_converter_v2_1_37_axi3_conv/image_block_axi_mem_intercon_imp_auto_pc_0_axi_protocol_converter_v2_1_37_a_axi3_conv/image_block_axi_mem_intercon_imp_auto_pc_0_axi_data_fifo_v2_1_36_axic_fifo/image_block_axi_mem_intercon_imp_auto_pc_0_axi_data_fifo_v2_1_36_fifo_gen_1/<hidden>/<hidden>/<hidden>/<hidden>/<hidden>/<hidden>
                         clock pessimism              0.229    12.886    
                         clock uncertainty           -0.154    12.732    
    SLICE_X34Y59         FDCE (Recov_fdce_C_CLR)     -0.361    12.371    image_block_wrapper/image_block/image_block_axi_mem_intercon_0/s00_couplers_imp_VHS1OY/image_block_axi_mem_intercon_imp_auto_pc_0/image_block_axi_mem_intercon_imp_auto_pc_0_axi_protocol_converter_v2_1_37_axi_protocol_converter/image_block_axi_mem_intercon_imp_auto_pc_0_axi_protocol_converter_v2_1_37_axi3_conv/image_block_axi_mem_intercon_imp_auto_pc_0_axi_protocol_converter_v2_1_37_a_axi3_conv/image_block_axi_mem_intercon_imp_auto_pc_0_axi_data_fifo_v2_1_36_axic_fifo/image_block_axi_mem_intercon_imp_auto_pc_0_axi_data_fifo_v2_1_36_fifo_gen_1/<hidden>/<hidden>/<hidden>/<hidden>/<hidden>/<hidden>
  -------------------------------------------------------------------
                         required time                         12.371    
                         arrival time                          -5.338    
  -------------------------------------------------------------------
                         slack                                  7.033    

Slack (MET) :             7.033ns  (required time - arrival time)
  Source:                 image_block_wrapper/image_block/image_block_axi_mem_intercon_0/s00_couplers_imp_VHS1OY/image_block_axi_mem_intercon_imp_auto_pc_0/image_block_axi_mem_intercon_imp_auto_pc_0_axi_protocol_converter_v2_1_37_axi_protocol_converter/image_block_axi_mem_intercon_imp_auto_pc_0_axi_protocol_converter_v2_1_37_axi3_conv/image_block_axi_mem_intercon_imp_auto_pc_0_axi_protocol_converter_v2_1_37_a_axi3_conv/image_block_axi_mem_intercon_imp_auto_pc_0_axi_data_fifo_v2_1_36_axic_fifo/image_block_axi_mem_intercon_imp_auto_pc_0_axi_data_fifo_v2_1_36_fifo_gen_1/<hidden>/<hidden>/<hidden>/<hidden>/<hidden>
                            (rising edge-triggered cell FDRE clocked by clk_fpga_0  {rise@0.000ns fall@5.000ns period=10.000ns})
  Destination:            image_block_wrapper/image_block/image_block_axi_mem_intercon_0/s00_couplers_imp_VHS1OY/image_block_axi_mem_intercon_imp_auto_pc_0/image_block_axi_mem_intercon_imp_auto_pc_0_axi_protocol_converter_v2_1_37_axi_protocol_converter/image_block_axi_mem_intercon_imp_auto_pc_0_axi_protocol_converter_v2_1_37_axi3_conv/image_block_axi_mem_intercon_imp_auto_pc_0_axi_protocol_converter_v2_1_37_a_axi3_conv/image_block_axi_mem_intercon_imp_auto_pc_0_axi_data_fifo_v2_1_36_axic_fifo/image_block_axi_mem_intercon_imp_auto_pc_0_axi_data_fifo_v2_1_36_fifo_gen_1/<hidden>/<hidden>/<hidden>/<hidden>/<hidden>/<hidden>
                            (recovery check against rising-edge clock clk_fpga_0  {rise@0.000ns fall@5.000ns period=10.000ns})
  Path Group:             **async_default**
  Path Type:              Recovery (Max at Slow Process Corner)
  Requirement:            10.000ns  (clk_fpga_0 rise@10.000ns - clk_fpga_0 rise@0.000ns)
  Data Path Delay:        2.395ns  (logic 0.642ns (26.806%)  route 1.753ns (73.194%))
  Logic Levels:           1  (LUT3=1)
  Clock Path Skew:        -0.057ns (DCD - SCD + CPR)
    Destination Clock Delay (DCD):    2.657ns = ( 12.657 - 10.000 ) 
    Source Clock Delay      (SCD):    2.943ns
    Clock Pessimism Removal (CPR):    0.229ns
  Clock Uncertainty:      0.154ns  ((TSJ^2 + TIJ^2)^1/2 + DJ) / 2 + PE
    Total System Jitter     (TSJ):    0.071ns
    Total Input Jitter      (TIJ):    0.300ns
    Discrete Jitter          (DJ):    0.000ns
    Phase Error              (PE):    0.000ns

    Location             Delay type                Incr(ns)  Path(ns)    Netlist Resource(s)
  -------------------------------------------------------------------    -------------------
                         (clock clk_fpga_0 rise edge)
                                                      0.000     0.000 r  
    PS7_X0Y0             PS7                          0.000     0.000 r  image_block_i/processing_system7_0/inst/PS7_i/FCLKCLK[0]
                         net (fo=1, routed)           1.193     1.193    image_block_i/processing_system7_0/inst/FCLK_CLK_unbuffered[0]
    BUFGCTRL_X0Y16       BUFG (Prop_bufg_I_O)         0.101     1.294 r  image_block_i/processing_system7_0/inst/buffer_fclk_clk_0.FCLK_CLK_0_BUFG/O
                         net (fo=5609, routed)        1.649     2.943    image_block_wrapper/image_block/image_block_axi_mem_intercon_0/s00_couplers_imp_VHS1OY/image_block_axi_mem_intercon_imp_auto_pc_0/image_block_axi_mem_intercon_imp_auto_pc_0_axi_protocol_converter_v2_1_37_axi_protocol_converter/image_block_axi_mem_intercon_imp_auto_pc_0_axi_protocol_converter_v2_1_37_axi3_conv/image_block_axi_mem_intercon_imp_auto_pc_0_axi_protocol_converter_v2_1_37_a_axi3_conv/image_block_axi_mem_intercon_imp_auto_pc_0_axi_data_fifo_v2_1_36_axic_fifo/image_block_axi_mem_intercon_imp_auto_pc_0_axi_data_fifo_v2_1_36_fifo_gen_1/<hidden>/<hidden>/<hidden>/<hidden>/<hidden>
    SLICE_X32Y61         FDRE                                         r  image_block_wrapper/image_block/image_block_axi_mem_intercon_0/s00_couplers_imp_VHS1OY/image_block_axi_mem_intercon_imp_auto_pc_0/image_block_axi_mem_intercon_imp_auto_pc_0_axi_protocol_converter_v2_1_37_axi_protocol_converter/image_block_axi_mem_intercon_imp_auto_pc_0_axi_protocol_converter_v2_1_37_axi3_conv/image_block_axi_mem_intercon_imp_auto_pc_0_axi_protocol_converter_v2_1_37_a_axi3_conv/image_block_axi_mem_intercon_imp_auto_pc_0_axi_data_fifo_v2_1_36_axic_fifo/image_block_axi_mem_intercon_imp_auto_pc_0_axi_data_fifo_v2_1_36_fifo_gen_1/<hidden>/<hidden>/<hidden>/<hidden>/<hidden>
  -------------------------------------------------------------------    -------------------
    SLICE_X32Y61         FDRE (Prop_fdre_C_Q)         0.518     3.461 f  image_block_wrapper/image_block/image_block_axi_mem_intercon_0/s00_couplers_imp_VHS1OY/image_block_axi_mem_intercon_imp_auto_pc_0/image_block_axi_mem_intercon_imp_auto_pc_0_axi_protocol_converter_v2_1_37_axi_protocol_converter/image_block_axi_mem_intercon_imp_auto_pc_0_axi_protocol_converter_v2_1_37_axi3_conv/image_block_axi_mem_intercon_imp_auto_pc_0_axi_protocol_converter_v2_1_37_a_axi3_conv/image_block_axi_mem_intercon_imp_auto_pc_0_axi_data_fifo_v2_1_36_axic_fifo/image_block_axi_mem_intercon_imp_auto_pc_0_axi_data_fifo_v2_1_36_fifo_gen_1/<hidden>/<hidden>/<hidden>/<hidden>/<hidden>
                         net (fo=2, routed)           0.664     4.125    image_block_wrapper/image_block/image_block_axi_mem_intercon_0/s00_couplers_imp_VHS1OY/image_block_axi_mem_intercon_imp_auto_pc_0/image_block_axi_mem_intercon_imp_auto_pc_0_axi_protocol_converter_v2_1_37_axi_protocol_converter/image_block_axi_mem_intercon_imp_auto_pc_0_axi_protocol_converter_v2_1_37_axi3_conv/image_block_axi_mem_intercon_imp_auto_pc_0_axi_protocol_converter_v2_1_37_a_axi3_conv/image_block_axi_mem_intercon_imp_auto_pc_0_axi_data_fifo_v2_1_36_axic_fifo/image_block_axi_mem_intercon_imp_auto_pc_0_axi_data_fifo_v2_1_36_fifo_gen_1/<hidden>/<hidden>/<hidden>/<hidden>/<hidden>
    SLICE_X32Y61         LUT3 (Prop_lut3_I0_O)        0.124     4.249 f  image_block_wrapper/image_block/image_block_axi_mem_intercon_0/s00_couplers_imp_VHS1OY/image_block_axi_mem_intercon_imp_auto_pc_0/image_block_axi_mem_intercon_imp_auto_pc_0_axi_protocol_converter_v2_1_37_axi_protocol_converter/image_block_axi_mem_intercon_imp_auto_pc_0_axi_protocol_converter_v2_1_37_axi3_conv/image_block_axi_mem_intercon_imp_auto_pc_0_axi_protocol_converter_v2_1_37_a_axi3_conv/image_block_axi_mem_intercon_imp_auto_pc_0_axi_data_fifo_v2_1_36_axic_fifo/image_block_axi_mem_intercon_imp_auto_pc_0_axi_data_fifo_v2_1_36_fifo_gen_1/<hidden>/<hidden>/<hidden>/<hidden>/<hidden>
                         net (fo=32, routed)          1.089     5.338    image_block_wrapper/image_block/image_block_axi_mem_intercon_0/s00_couplers_imp_VHS1OY/image_block_axi_mem_intercon_imp_auto_pc_0/image_block_axi_mem_intercon_imp_auto_pc_0_axi_protocol_converter_v2_1_37_axi_protocol_converter/image_block_axi_mem_intercon_imp_auto_pc_0_axi_protocol_converter_v2_1_37_axi3_conv/image_block_axi_mem_intercon_imp_auto_pc_0_axi_protocol_converter_v2_1_37_a_axi3_conv/image_block_axi_mem_intercon_imp_auto_pc_0_axi_data_fifo_v2_1_36_axic_fifo/image_block_axi_mem_intercon_imp_auto_pc_0_axi_data_fifo_v2_1_36_fifo_gen_1/<hidden>/<hidden>/<hidden>/<hidden>/<hidden>/<hidden>
    SLICE_X34Y59         FDCE                                         f  image_block_wrapper/image_block/image_block_axi_mem_intercon_0/s00_couplers_imp_VHS1OY/image_block_axi_mem_intercon_imp_auto_pc_0/image_block_axi_mem_intercon_imp_auto_pc_0_axi_protocol_converter_v2_1_37_axi_protocol_converter/image_block_axi_mem_intercon_imp_auto_pc_0_axi_protocol_converter_v2_1_37_axi3_conv/image_block_axi_mem_intercon_imp_auto_pc_0_axi_protocol_converter_v2_1_37_a_axi3_conv/image_block_axi_mem_intercon_imp_auto_pc_0_axi_data_fifo_v2_1_36_axic_fifo/image_block_axi_mem_intercon_imp_auto_pc_0_axi_data_fifo_v2_1_36_fifo_gen_1/<hidden>/<hidden>/<hidden>/<hidden>/<hidden>/<hidden>
  -------------------------------------------------------------------    -------------------

                         (clock clk_fpga_0 rise edge)
                                                     10.000    10.000 r  
    PS7_X0Y0             PS7                          0.000    10.000 r  image_block_i/processing_system7_0/inst/PS7_i/FCLKCLK[0]
                         net (fo=1, routed)           1.088    11.088    image_block_i/processing_system7_0/inst/FCLK_CLK_unbuffered[0]
    BUFGCTRL_X0Y16       BUFG (Prop_bufg_I_O)         0.091    11.179 r  image_block_i/processing_system7_0/inst/buffer_fclk_clk_0.FCLK_CLK_0_BUFG/O
                         net (fo=5609, routed)        1.478    12.657    image_block_wrapper/image_block/image_block_axi_mem_intercon_0/s00_couplers_imp_VHS1OY/image_block_axi_mem_intercon_imp_auto_pc_0/image_block_axi_mem_intercon_imp_auto_pc_0_axi_protocol_converter_v2_1_37_axi_protocol_converter/image_block_axi_mem_intercon_imp_auto_pc_0_axi_protocol_converter_v2_1_37_axi3_conv/image_block_axi_mem_intercon_imp_auto_pc_0_axi_protocol_converter_v2_1_37_a_axi3_conv/image_block_axi_mem_intercon_imp_auto_pc_0_axi_data_fifo_v2_1_36_axic_fifo/image_block_axi_mem_intercon_imp_auto_pc_0_axi_data_fifo_v2_1_36_fifo_gen_1/<hidden>/<hidden>/<hidden>/<hidden>/<hidden>/<hidden>
    SLICE_X34Y59         FDCE                                         r  image_block_wrapper/image_block/image_block_axi_mem_intercon_0/s00_couplers_imp_VHS1OY/image_block_axi_mem_intercon_imp_auto_pc_0/image_block_axi_mem_intercon_imp_auto_pc_0_axi_protocol_converter_v2_1_37_axi_protocol_converter/image_block_axi_mem_intercon_imp_auto_pc_0_axi_protocol_converter_v2_1_37_axi3_conv/image_block_axi_mem_intercon_imp_auto_pc_0_axi_protocol_converter_v2_1_37_a_axi3_conv/image_block_axi_mem_intercon_imp_auto_pc_0_axi_data_fifo_v2_1_36_axic_fifo/image_block_axi_mem_intercon_imp_auto_pc_0_axi_data_fifo_v2_1_36_fifo_gen_1/<hidden>/<hidden>/<hidden>/<hidden>/<hidden>/<hidden>
                         clock pessimism              0.229    12.886    
                         clock uncertainty           -0.154    12.732    
    SLICE_X34Y59         FDCE (Recov_fdce_C_CLR)     -0.361    12.371    image_block_wrapper/image_block/image_block_axi_mem_intercon_0/s00_couplers_imp_VHS1OY/image_block_axi_mem_intercon_imp_auto_pc_0/image_block_axi_mem_intercon_imp_auto_pc_0_axi_protocol_converter_v2_1_37_axi_protocol_converter/image_block_axi_mem_intercon_imp_auto_pc_0_axi_protocol_converter_v2_1_37_axi3_conv/image_block_axi_mem_intercon_imp_auto_pc_0_axi_protocol_converter_v2_1_37_a_axi3_conv/image_block_axi_mem_intercon_imp_auto_pc_0_axi_data_fifo_v2_1_36_axic_fifo/image_block_axi_mem_intercon_imp_auto_pc_0_axi_data_fifo_v2_1_36_fifo_gen_1/<hidden>/<hidden>/<hidden>/<hidden>/<hidden>/<hidden>
  -------------------------------------------------------------------
                         required time                         12.371    
                         arrival time                          -5.338    
  -------------------------------------------------------------------
                         slack                                  7.033    

Slack (MET) :             7.033ns  (required time - arrival time)
  Source:                 image_block_wrapper/image_block/image_block_axi_mem_intercon_0/s00_couplers_imp_VHS1OY/image_block_axi_mem_intercon_imp_auto_pc_0/image_block_axi_mem_intercon_imp_auto_pc_0_axi_protocol_converter_v2_1_37_axi_protocol_converter/image_block_axi_mem_intercon_imp_auto_pc_0_axi_protocol_converter_v2_1_37_axi3_conv/image_block_axi_mem_intercon_imp_auto_pc_0_axi_protocol_converter_v2_1_37_a_axi3_conv/image_block_axi_mem_intercon_imp_auto_pc_0_axi_data_fifo_v2_1_36_axic_fifo/image_block_axi_mem_intercon_imp_auto_pc_0_axi_data_fifo_v2_1_36_fifo_gen_1/<hidden>/<hidden>/<hidden>/<hidden>/<hidden>
                            (rising edge-triggered cell FDRE clocked by clk_fpga_0  {rise@0.000ns fall@5.000ns period=10.000ns})
  Destination:            image_block_wrapper/image_block/image_block_axi_mem_intercon_0/s00_couplers_imp_VHS1OY/image_block_axi_mem_intercon_imp_auto_pc_0/image_block_axi_mem_intercon_imp_auto_pc_0_axi_protocol_converter_v2_1_37_axi_protocol_converter/image_block_axi_mem_intercon_imp_auto_pc_0_axi_protocol_converter_v2_1_37_axi3_conv/image_block_axi_mem_intercon_imp_auto_pc_0_axi_protocol_converter_v2_1_37_a_axi3_conv/image_block_axi_mem_intercon_imp_auto_pc_0_axi_data_fifo_v2_1_36_axic_fifo/image_block_axi_mem_intercon_imp_auto_pc_0_axi_data_fifo_v2_1_36_fifo_gen_1/<hidden>/<hidden>/<hidden>/<hidden>/<hidden>/<hidden>
                            (recovery check against rising-edge clock clk_fpga_0  {rise@0.000ns fall@5.000ns period=10.000ns})
  Path Group:             **async_default**
  Path Type:              Recovery (Max at Slow Process Corner)
  Requirement:            10.000ns  (clk_fpga_0 rise@10.000ns - clk_fpga_0 rise@0.000ns)
  Data Path Delay:        2.395ns  (logic 0.642ns (26.806%)  route 1.753ns (73.194%))
  Logic Levels:           1  (LUT3=1)
  Clock Path Skew:        -0.057ns (DCD - SCD + CPR)
    Destination Clock Delay (DCD):    2.657ns = ( 12.657 - 10.000 ) 
    Source Clock Delay      (SCD):    2.943ns
    Clock Pessimism Removal (CPR):    0.229ns
  Clock Uncertainty:      0.154ns  ((TSJ^2 + TIJ^2)^1/2 + DJ) / 2 + PE
    Total System Jitter     (TSJ):    0.071ns
    Total Input Jitter      (TIJ):    0.300ns
    Discrete Jitter          (DJ):    0.000ns
    Phase Error              (PE):    0.000ns

    Location             Delay type                Incr(ns)  Path(ns)    Netlist Resource(s)
  -------------------------------------------------------------------    -------------------
                         (clock clk_fpga_0 rise edge)
                                                      0.000     0.000 r  
    PS7_X0Y0             PS7                          0.000     0.000 r  image_block_i/processing_system7_0/inst/PS7_i/FCLKCLK[0]
                         net (fo=1, routed)           1.193     1.193    image_block_i/processing_system7_0/inst/FCLK_CLK_unbuffered[0]
    BUFGCTRL_X0Y16       BUFG (Prop_bufg_I_O)         0.101     1.294 r  image_block_i/processing_system7_0/inst/buffer_fclk_clk_0.FCLK_CLK_0_BUFG/O
                         net (fo=5609, routed)        1.649     2.943    image_block_wrapper/image_block/image_block_axi_mem_intercon_0/s00_couplers_imp_VHS1OY/image_block_axi_mem_intercon_imp_auto_pc_0/image_block_axi_mem_intercon_imp_auto_pc_0_axi_protocol_converter_v2_1_37_axi_protocol_converter/image_block_axi_mem_intercon_imp_auto_pc_0_axi_protocol_converter_v2_1_37_axi3_conv/image_block_axi_mem_intercon_imp_auto_pc_0_axi_protocol_converter_v2_1_37_a_axi3_conv/image_block_axi_mem_intercon_imp_auto_pc_0_axi_data_fifo_v2_1_36_axic_fifo/image_block_axi_mem_intercon_imp_auto_pc_0_axi_data_fifo_v2_1_36_fifo_gen_1/<hidden>/<hidden>/<hidden>/<hidden>/<hidden>
    SLICE_X32Y61         FDRE                                         r  image_block_wrapper/image_block/image_block_axi_mem_intercon_0/s00_couplers_imp_VHS1OY/image_block_axi_mem_intercon_imp_auto_pc_0/image_block_axi_mem_intercon_imp_auto_pc_0_axi_protocol_converter_v2_1_37_axi_protocol_converter/image_block_axi_mem_intercon_imp_auto_pc_0_axi_protocol_converter_v2_1_37_axi3_conv/image_block_axi_mem_intercon_imp_auto_pc_0_axi_protocol_converter_v2_1_37_a_axi3_conv/image_block_axi_mem_intercon_imp_auto_pc_0_axi_data_fifo_v2_1_36_axic_fifo/image_block_axi_mem_intercon_imp_auto_pc_0_axi_data_fifo_v2_1_36_fifo_gen_1/<hidden>/<hidden>/<hidden>/<hidden>/<hidden>
  -------------------------------------------------------------------    -------------------
    SLICE_X32Y61         FDRE (Prop_fdre_C_Q)         0.518     3.461 f  image_block_wrapper/image_block/image_block_axi_mem_intercon_0/s00_couplers_imp_VHS1OY/image_block_axi_mem_intercon_imp_auto_pc_0/image_block_axi_mem_intercon_imp_auto_pc_0_axi_protocol_converter_v2_1_37_axi_protocol_converter/image_block_axi_mem_intercon_imp_auto_pc_0_axi_protocol_converter_v2_1_37_axi3_conv/image_block_axi_mem_intercon_imp_auto_pc_0_axi_protocol_converter_v2_1_37_a_axi3_conv/image_block_axi_mem_intercon_imp_auto_pc_0_axi_data_fifo_v2_1_36_axic_fifo/image_block_axi_mem_intercon_imp_auto_pc_0_axi_data_fifo_v2_1_36_fifo_gen_1/<hidden>/<hidden>/<hidden>/<hidden>/<hidden>
                         net (fo=2, routed)           0.664     4.125    image_block_wrapper/image_block/image_block_axi_mem_intercon_0/s00_couplers_imp_VHS1OY/image_block_axi_mem_intercon_imp_auto_pc_0/image_block_axi_mem_intercon_imp_auto_pc_0_axi_protocol_converter_v2_1_37_axi_protocol_converter/image_block_axi_mem_intercon_imp_auto_pc_0_axi_protocol_converter_v2_1_37_axi3_conv/image_block_axi_mem_intercon_imp_auto_pc_0_axi_protocol_converter_v2_1_37_a_axi3_conv/image_block_axi_mem_intercon_imp_auto_pc_0_axi_data_fifo_v2_1_36_axic_fifo/image_block_axi_mem_intercon_imp_auto_pc_0_axi_data_fifo_v2_1_36_fifo_gen_1/<hidden>/<hidden>/<hidden>/<hidden>/<hidden>
    SLICE_X32Y61         LUT3 (Prop_lut3_I0_O)        0.124     4.249 f  image_block_wrapper/image_block/image_block_axi_mem_intercon_0/s00_couplers_imp_VHS1OY/image_block_axi_mem_intercon_imp_auto_pc_0/image_block_axi_mem_intercon_imp_auto_pc_0_axi_protocol_converter_v2_1_37_axi_protocol_converter/image_block_axi_mem_intercon_imp_auto_pc_0_axi_protocol_converter_v2_1_37_axi3_conv/image_block_axi_mem_intercon_imp_auto_pc_0_axi_protocol_converter_v2_1_37_a_axi3_conv/image_block_axi_mem_intercon_imp_auto_pc_0_axi_data_fifo_v2_1_36_axic_fifo/image_block_axi_mem_intercon_imp_auto_pc_0_axi_data_fifo_v2_1_36_fifo_gen_1/<hidden>/<hidden>/<hidden>/<hidden>/<hidden>
                         net (fo=32, routed)          1.089     5.338    image_block_wrapper/image_block/image_block_axi_mem_intercon_0/s00_couplers_imp_VHS1OY/image_block_axi_mem_intercon_imp_auto_pc_0/image_block_axi_mem_intercon_imp_auto_pc_0_axi_protocol_converter_v2_1_37_axi_protocol_converter/image_block_axi_mem_intercon_imp_auto_pc_0_axi_protocol_converter_v2_1_37_axi3_conv/image_block_axi_mem_intercon_imp_auto_pc_0_axi_protocol_converter_v2_1_37_a_axi3_conv/image_block_axi_mem_intercon_imp_auto_pc_0_axi_data_fifo_v2_1_36_axic_fifo/image_block_axi_mem_intercon_imp_auto_pc_0_axi_data_fifo_v2_1_36_fifo_gen_1/<hidden>/<hidden>/<hidden>/<hidden>/<hidden>/<hidden>
    SLICE_X34Y59         FDCE                                         f  image_block_wrapper/image_block/image_block_axi_mem_intercon_0/s00_couplers_imp_VHS1OY/image_block_axi_mem_intercon_imp_auto_pc_0/image_block_axi_mem_intercon_imp_auto_pc_0_axi_protocol_converter_v2_1_37_axi_protocol_converter/image_block_axi_mem_intercon_imp_auto_pc_0_axi_protocol_converter_v2_1_37_axi3_conv/image_block_axi_mem_intercon_imp_auto_pc_0_axi_protocol_converter_v2_1_37_a_axi3_conv/image_block_axi_mem_intercon_imp_auto_pc_0_axi_data_fifo_v2_1_36_axic_fifo/image_block_axi_mem_intercon_imp_auto_pc_0_axi_data_fifo_v2_1_36_fifo_gen_1/<hidden>/<hidden>/<hidden>/<hidden>/<hidden>/<hidden>
  -------------------------------------------------------------------    -------------------

                         (clock clk_fpga_0 rise edge)
                                                     10.000    10.000 r  
    PS7_X0Y0             PS7                          0.000    10.000 r  image_block_i/processing_system7_0/inst/PS7_i/FCLKCLK[0]
                         net (fo=1, routed)           1.088    11.088    image_block_i/processing_system7_0/inst/FCLK_CLK_unbuffered[0]
    BUFGCTRL_X0Y16       BUFG (Prop_bufg_I_O)         0.091    11.179 r  image_block_i/processing_system7_0/inst/buffer_fclk_clk_0.FCLK_CLK_0_BUFG/O
                         net (fo=5609, routed)        1.478    12.657    image_block_wrapper/image_block/image_block_axi_mem_intercon_0/s00_couplers_imp_VHS1OY/image_block_axi_mem_intercon_imp_auto_pc_0/image_block_axi_mem_intercon_imp_auto_pc_0_axi_protocol_converter_v2_1_37_axi_protocol_converter/image_block_axi_mem_intercon_imp_auto_pc_0_axi_protocol_converter_v2_1_37_axi3_conv/image_block_axi_mem_intercon_imp_auto_pc_0_axi_protocol_converter_v2_1_37_a_axi3_conv/image_block_axi_mem_intercon_imp_auto_pc_0_axi_data_fifo_v2_1_36_axic_fifo/image_block_axi_mem_intercon_imp_auto_pc_0_axi_data_fifo_v2_1_36_fifo_gen_1/<hidden>/<hidden>/<hidden>/<hidden>/<hidden>/<hidden>
    SLICE_X34Y59         FDCE                                         r  image_block_wrapper/image_block/image_block_axi_mem_intercon_0/s00_couplers_imp_VHS1OY/image_block_axi_mem_intercon_imp_auto_pc_0/image_block_axi_mem_intercon_imp_auto_pc_0_axi_protocol_converter_v2_1_37_axi_protocol_converter/image_block_axi_mem_intercon_imp_auto_pc_0_axi_protocol_converter_v2_1_37_axi3_conv/image_block_axi_mem_intercon_imp_auto_pc_0_axi_protocol_converter_v2_1_37_a_axi3_conv/image_block_axi_mem_intercon_imp_auto_pc_0_axi_data_fifo_v2_1_36_axic_fifo/image_block_axi_mem_intercon_imp_auto_pc_0_axi_data_fifo_v2_1_36_fifo_gen_1/<hidden>/<hidden>/<hidden>/<hidden>/<hidden>/<hidden>
                         clock pessimism              0.229    12.886    
                         clock uncertainty           -0.154    12.732    
    SLICE_X34Y59         FDCE (Recov_fdce_C_CLR)     -0.361    12.371    image_block_wrapper/image_block/image_block_axi_mem_intercon_0/s00_couplers_imp_VHS1OY/image_block_axi_mem_intercon_imp_auto_pc_0/image_block_axi_mem_intercon_imp_auto_pc_0_axi_protocol_converter_v2_1_37_axi_protocol_converter/image_block_axi_mem_intercon_imp_auto_pc_0_axi_protocol_converter_v2_1_37_axi3_conv/image_block_axi_mem_intercon_imp_auto_pc_0_axi_protocol_converter_v2_1_37_a_axi3_conv/image_block_axi_mem_intercon_imp_auto_pc_0_axi_data_fifo_v2_1_36_axic_fifo/image_block_axi_mem_intercon_imp_auto_pc_0_axi_data_fifo_v2_1_36_fifo_gen_1/<hidden>/<hidden>/<hidden>/<hidden>/<hidden>/<hidden>
  -------------------------------------------------------------------
                         required time                         12.371    
                         arrival time                          -5.338    
  -------------------------------------------------------------------
                         slack                                  7.033    

Slack (MET) :             7.035ns  (required time - arrival time)
  Source:                 image_block_wrapper/image_block/image_block_axi_mem_intercon_0/s00_couplers_imp_VHS1OY/image_block_axi_mem_intercon_imp_auto_pc_0/image_block_axi_mem_intercon_imp_auto_pc_0_axi_protocol_converter_v2_1_37_axi_protocol_converter/image_block_axi_mem_intercon_imp_auto_pc_0_axi_protocol_converter_v2_1_37_axi3_conv/image_block_axi_mem_intercon_imp_auto_pc_0_axi_protocol_converter_v2_1_37_a_axi3_conv/image_block_axi_mem_intercon_imp_auto_pc_0_axi_data_fifo_v2_1_36_axic_fifo/image_block_axi_mem_intercon_imp_auto_pc_0_axi_data_fifo_v2_1_36_fifo_gen_1/<hidden>/<hidden>/<hidden>/<hidden>/<hidden>
                            (rising edge-triggered cell FDRE clocked by clk_fpga_0  {rise@0.000ns fall@5.000ns period=10.000ns})
  Destination:            image_block_wrapper/image_block/image_block_axi_mem_intercon_0/s00_couplers_imp_VHS1OY/image_block_axi_mem_intercon_imp_auto_pc_0/image_block_axi_mem_intercon_imp_auto_pc_0_axi_protocol_converter_v2_1_37_axi_protocol_converter/image_block_axi_mem_intercon_imp_auto_pc_0_axi_protocol_converter_v2_1_37_axi3_conv/image_block_axi_mem_intercon_imp_auto_pc_0_axi_protocol_converter_v2_1_37_a_axi3_conv/image_block_axi_mem_intercon_imp_auto_pc_0_axi_data_fifo_v2_1_36_axic_fifo/image_block_axi_mem_intercon_imp_auto_pc_0_axi_data_fifo_v2_1_36_fifo_gen_1/<hidden>/<hidden>/<hidden>/<hidden>/<hidden>/<hidden>
                            (recovery check against rising-edge clock clk_fpga_0  {rise@0.000ns fall@5.000ns period=10.000ns})
  Path Group:             **async_default**
  Path Type:              Recovery (Max at Slow Process Corner)
  Requirement:            10.000ns  (clk_fpga_0 rise@10.000ns - clk_fpga_0 rise@0.000ns)
  Data Path Delay:        2.395ns  (logic 0.642ns (26.806%)  route 1.753ns (73.194%))
  Logic Levels:           1  (LUT3=1)
  Clock Path Skew:        -0.057ns (DCD - SCD + CPR)
    Destination Clock Delay (DCD):    2.657ns = ( 12.657 - 10.000 ) 
    Source Clock Delay      (SCD):    2.943ns
    Clock Pessimism Removal (CPR):    0.229ns
  Clock Uncertainty:      0.154ns  ((TSJ^2 + TIJ^2)^1/2 + DJ) / 2 + PE
    Total System Jitter     (TSJ):    0.071ns
    Total Input Jitter      (TIJ):    0.300ns
    Discrete Jitter          (DJ):    0.000ns
    Phase Error              (PE):    0.000ns

    Location             Delay type                Incr(ns)  Path(ns)    Netlist Resource(s)
  -------------------------------------------------------------------    -------------------
                         (clock clk_fpga_0 rise edge)
                                                      0.000     0.000 r  
    PS7_X0Y0             PS7                          0.000     0.000 r  image_block_i/processing_system7_0/inst/PS7_i/FCLKCLK[0]
                         net (fo=1, routed)           1.193     1.193    image_block_i/processing_system7_0/inst/FCLK_CLK_unbuffered[0]
    BUFGCTRL_X0Y16       BUFG (Prop_bufg_I_O)         0.101     1.294 r  image_block_i/processing_system7_0/inst/buffer_fclk_clk_0.FCLK_CLK_0_BUFG/O
                         net (fo=5609, routed)        1.649     2.943    image_block_wrapper/image_block/image_block_axi_mem_intercon_0/s00_couplers_imp_VHS1OY/image_block_axi_mem_intercon_imp_auto_pc_0/image_block_axi_mem_intercon_imp_auto_pc_0_axi_protocol_converter_v2_1_37_axi_protocol_converter/image_block_axi_mem_intercon_imp_auto_pc_0_axi_protocol_converter_v2_1_37_axi3_conv/image_block_axi_mem_intercon_imp_auto_pc_0_axi_protocol_converter_v2_1_37_a_axi3_conv/image_block_axi_mem_intercon_imp_auto_pc_0_axi_data_fifo_v2_1_36_axic_fifo/image_block_axi_mem_intercon_imp_auto_pc_0_axi_data_fifo_v2_1_36_fifo_gen_1/<hidden>/<hidden>/<hidden>/<hidden>/<hidden>
    SLICE_X32Y61         FDRE                                         r  image_block_wrapper/image_block/image_block_axi_mem_intercon_0/s00_couplers_imp_VHS1OY/image_block_axi_mem_intercon_imp_auto_pc_0/image_block_axi_mem_intercon_imp_auto_pc_0_axi_protocol_converter_v2_1_37_axi_protocol_converter/image_block_axi_mem_intercon_imp_auto_pc_0_axi_protocol_converter_v2_1_37_axi3_conv/image_block_axi_mem_intercon_imp_auto_pc_0_axi_protocol_converter_v2_1_37_a_axi3_conv/image_block_axi_mem_intercon_imp_auto_pc_0_axi_data_fifo_v2_1_36_axic_fifo/image_block_axi_mem_intercon_imp_auto_pc_0_axi_data_fifo_v2_1_36_fifo_gen_1/<hidden>/<hidden>/<hidden>/<hidden>/<hidden>
  -------------------------------------------------------------------    -------------------
    SLICE_X32Y61         FDRE (Prop_fdre_C_Q)         0.518     3.461 f  image_block_wrapper/image_block/image_block_axi_mem_intercon_0/s00_couplers_imp_VHS1OY/image_block_axi_mem_intercon_imp_auto_pc_0/image_block_axi_mem_intercon_imp_auto_pc_0_axi_protocol_converter_v2_1_37_axi_protocol_converter/image_block_axi_mem_intercon_imp_auto_pc_0_axi_protocol_converter_v2_1_37_axi3_conv/image_block_axi_mem_intercon_imp_auto_pc_0_axi_protocol_converter_v2_1_37_a_axi3_conv/image_block_axi_mem_intercon_imp_auto_pc_0_axi_data_fifo_v2_1_36_axic_fifo/image_block_axi_mem_intercon_imp_auto_pc_0_axi_data_fifo_v2_1_36_fifo_gen_1/<hidden>/<hidden>/<hidden>/<hidden>/<hidden>
                         net (fo=2, routed)           0.664     4.125    image_block_wrapper/image_block/image_block_axi_mem_intercon_0/s00_couplers_imp_VHS1OY/image_block_axi_mem_intercon_imp_auto_pc_0/image_block_axi_mem_intercon_imp_auto_pc_0_axi_protocol_converter_v2_1_37_axi_protocol_converter/image_block_axi_mem_intercon_imp_auto_pc_0_axi_protocol_converter_v2_1_37_axi3_conv/image_block_axi_mem_intercon_imp_auto_pc_0_axi_protocol_converter_v2_1_37_a_axi3_conv/image_block_axi_mem_intercon_imp_auto_pc_0_axi_data_fifo_v2_1_36_axic_fifo/image_block_axi_mem_intercon_imp_auto_pc_0_axi_data_fifo_v2_1_36_fifo_gen_1/<hidden>/<hidden>/<hidden>/<hidden>/<hidden>
    SLICE_X32Y61         LUT3 (Prop_lut3_I0_O)        0.124     4.249 f  image_block_wrapper/image_block/image_block_axi_mem_intercon_0/s00_couplers_imp_VHS1OY/image_block_axi_mem_intercon_imp_auto_pc_0/image_block_axi_mem_intercon_imp_auto_pc_0_axi_protocol_converter_v2_1_37_axi_protocol_converter/image_block_axi_mem_intercon_imp_auto_pc_0_axi_protocol_converter_v2_1_37_axi3_conv/image_block_axi_mem_intercon_imp_auto_pc_0_axi_protocol_converter_v2_1_37_a_axi3_conv/image_block_axi_mem_intercon_imp_auto_pc_0_axi_data_fifo_v2_1_36_axic_fifo/image_block_axi_mem_intercon_imp_auto_pc_0_axi_data_fifo_v2_1_36_fifo_gen_1/<hidden>/<hidden>/<hidden>/<hidden>/<hidden>
                         net (fo=32, routed)          1.089     5.338    image_block_wrapper/image_block/image_block_axi_mem_intercon_0/s00_couplers_imp_VHS1OY/image_block_axi_mem_intercon_imp_auto_pc_0/image_block_axi_mem_intercon_imp_auto_pc_0_axi_protocol_converter_v2_1_37_axi_protocol_converter/image_block_axi_mem_intercon_imp_auto_pc_0_axi_protocol_converter_v2_1_37_axi3_conv/image_block_axi_mem_intercon_imp_auto_pc_0_axi_protocol_converter_v2_1_37_a_axi3_conv/image_block_axi_mem_intercon_imp_auto_pc_0_axi_data_fifo_v2_1_36_axic_fifo/image_block_axi_mem_intercon_imp_auto_pc_0_axi_data_fifo_v2_1_36_fifo_gen_1/<hidden>/<hidden>/<hidden>/<hidden>/<hidden>/<hidden>
    SLICE_X35Y59         FDPE                                         f  image_block_wrapper/image_block/image_block_axi_mem_intercon_0/s00_couplers_imp_VHS1OY/image_block_axi_mem_intercon_imp_auto_pc_0/image_block_axi_mem_intercon_imp_auto_pc_0_axi_protocol_converter_v2_1_37_axi_protocol_converter/image_block_axi_mem_intercon_imp_auto_pc_0_axi_protocol_converter_v2_1_37_axi3_conv/image_block_axi_mem_intercon_imp_auto_pc_0_axi_protocol_converter_v2_1_37_a_axi3_conv/image_block_axi_mem_intercon_imp_auto_pc_0_axi_data_fifo_v2_1_36_axic_fifo/image_block_axi_mem_intercon_imp_auto_pc_0_axi_data_fifo_v2_1_36_fifo_gen_1/<hidden>/<hidden>/<hidden>/<hidden>/<hidden>/<hidden>
  -------------------------------------------------------------------    -------------------

                         (clock clk_fpga_0 rise edge)
                                                     10.000    10.000 r  
    PS7_X0Y0             PS7                          0.000    10.000 r  image_block_i/processing_system7_0/inst/PS7_i/FCLKCLK[0]
                         net (fo=1, routed)           1.088    11.088    image_block_i/processing_system7_0/inst/FCLK_CLK_unbuffered[0]
    BUFGCTRL_X0Y16       BUFG (Prop_bufg_I_O)         0.091    11.179 r  image_block_i/processing_system7_0/inst/buffer_fclk_clk_0.FCLK_CLK_0_BUFG/O
                         net (fo=5609, routed)        1.478    12.657    image_block_wrapper/image_block/image_block_axi_mem_intercon_0/s00_couplers_imp_VHS1OY/image_block_axi_mem_intercon_imp_auto_pc_0/image_block_axi_mem_intercon_imp_auto_pc_0_axi_protocol_converter_v2_1_37_axi_protocol_converter/image_block_axi_mem_intercon_imp_auto_pc_0_axi_protocol_converter_v2_1_37_axi3_conv/image_block_axi_mem_intercon_imp_auto_pc_0_axi_protocol_converter_v2_1_37_a_axi3_conv/image_block_axi_mem_intercon_imp_auto_pc_0_axi_data_fifo_v2_1_36_axic_fifo/image_block_axi_mem_intercon_imp_auto_pc_0_axi_data_fifo_v2_1_36_fifo_gen_1/<hidden>/<hidden>/<hidden>/<hidden>/<hidden>/<hidden>
    SLICE_X35Y59         FDPE                                         r  image_block_wrapper/image_block/image_block_axi_mem_intercon_0/s00_couplers_imp_VHS1OY/image_block_axi_mem_intercon_imp_auto_pc_0/image_block_axi_mem_intercon_imp_auto_pc_0_axi_protocol_converter_v2_1_37_axi_protocol_converter/image_block_axi_mem_intercon_imp_auto_pc_0_axi_protocol_converter_v2_1_37_axi3_conv/image_block_axi_mem_intercon_imp_auto_pc_0_axi_protocol_converter_v2_1_37_a_axi3_conv/image_block_axi_mem_intercon_imp_auto_pc_0_axi_data_fifo_v2_1_36_axic_fifo/image_block_axi_mem_intercon_imp_auto_pc_0_axi_data_fifo_v2_1_36_fifo_gen_1/<hidden>/<hidden>/<hidden>/<hidden>/<hidden>/<hidden>
                         clock pessimism              0.229    12.886    
                         clock uncertainty           -0.154    12.732    
    SLICE_X35Y59         FDPE (Recov_fdpe_C_PRE)     -0.359    12.373    image_block_wrapper/image_block/image_block_axi_mem_intercon_0/s00_couplers_imp_VHS1OY/image_block_axi_mem_intercon_imp_auto_pc_0/image_block_axi_mem_intercon_imp_auto_pc_0_axi_protocol_converter_v2_1_37_axi_protocol_converter/image_block_axi_mem_intercon_imp_auto_pc_0_axi_protocol_converter_v2_1_37_axi3_conv/image_block_axi_mem_intercon_imp_auto_pc_0_axi_protocol_converter_v2_1_37_a_axi3_conv/image_block_axi_mem_intercon_imp_auto_pc_0_axi_data_fifo_v2_1_36_axic_fifo/image_block_axi_mem_intercon_imp_auto_pc_0_axi_data_fifo_v2_1_36_fifo_gen_1/<hidden>/<hidden>/<hidden>/<hidden>/<hidden>/<hidden>
  -------------------------------------------------------------------
                         required time                         12.373    
                         arrival time                          -5.338    
  -------------------------------------------------------------------
                         slack                                  7.035    

Slack (MET) :             7.075ns  (required time - arrival time)
  Source:                 image_block_wrapper/image_block/image_block_axi_mem_intercon_0/s00_couplers_imp_VHS1OY/image_block_axi_mem_intercon_imp_auto_pc_0/image_block_axi_mem_intercon_imp_auto_pc_0_axi_protocol_converter_v2_1_37_axi_protocol_converter/image_block_axi_mem_intercon_imp_auto_pc_0_axi_protocol_converter_v2_1_37_axi3_conv/image_block_axi_mem_intercon_imp_auto_pc_0_axi_protocol_converter_v2_1_37_a_axi3_conv/image_block_axi_mem_intercon_imp_auto_pc_0_axi_data_fifo_v2_1_36_axic_fifo/image_block_axi_mem_intercon_imp_auto_pc_0_axi_data_fifo_v2_1_36_fifo_gen_1/<hidden>/<hidden>/<hidden>/<hidden>/<hidden>
                            (rising edge-triggered cell FDRE clocked by clk_fpga_0  {rise@0.000ns fall@5.000ns period=10.000ns})
  Destination:            image_block_wrapper/image_block/image_block_axi_mem_intercon_0/s00_couplers_imp_VHS1OY/image_block_axi_mem_intercon_imp_auto_pc_0/image_block_axi_mem_intercon_imp_auto_pc_0_axi_protocol_converter_v2_1_37_axi_protocol_converter/image_block_axi_mem_intercon_imp_auto_pc_0_axi_protocol_converter_v2_1_37_axi3_conv/image_block_axi_mem_intercon_imp_auto_pc_0_axi_protocol_converter_v2_1_37_a_axi3_conv/image_block_axi_mem_intercon_imp_auto_pc_0_axi_data_fifo_v2_1_36_axic_fifo/image_block_axi_mem_intercon_imp_auto_pc_0_axi_data_fifo_v2_1_36_fifo_gen_1/<hidden>/<hidden>/<hidden>/<hidden>/<hidden>/<hidden>
                            (recovery check against rising-edge clock clk_fpga_0  {rise@0.000ns fall@5.000ns period=10.000ns})
  Path Group:             **async_default**
  Path Type:              Recovery (Max at Slow Process Corner)
  Requirement:            10.000ns  (clk_fpga_0 rise@10.000ns - clk_fpga_0 rise@0.000ns)
  Data Path Delay:        2.395ns  (logic 0.642ns (26.806%)  route 1.753ns (73.194%))
  Logic Levels:           1  (LUT3=1)
  Clock Path Skew:        -0.057ns (DCD - SCD + CPR)
    Destination Clock Delay (DCD):    2.657ns = ( 12.657 - 10.000 ) 
    Source Clock Delay      (SCD):    2.943ns
    Clock Pessimism Removal (CPR):    0.229ns
  Clock Uncertainty:      0.154ns  ((TSJ^2 + TIJ^2)^1/2 + DJ) / 2 + PE
    Total System Jitter     (TSJ):    0.071ns
    Total Input Jitter      (TIJ):    0.300ns
    Discrete Jitter          (DJ):    0.000ns
    Phase Error              (PE):    0.000ns

    Location             Delay type                Incr(ns)  Path(ns)    Netlist Resource(s)
  -------------------------------------------------------------------    -------------------
                         (clock clk_fpga_0 rise edge)
                                                      0.000     0.000 r  
    PS7_X0Y0             PS7                          0.000     0.000 r  image_block_i/processing_system7_0/inst/PS7_i/FCLKCLK[0]
                         net (fo=1, routed)           1.193     1.193    image_block_i/processing_system7_0/inst/FCLK_CLK_unbuffered[0]
    BUFGCTRL_X0Y16       BUFG (Prop_bufg_I_O)         0.101     1.294 r  image_block_i/processing_system7_0/inst/buffer_fclk_clk_0.FCLK_CLK_0_BUFG/O
                         net (fo=5609, routed)        1.649     2.943    image_block_wrapper/image_block/image_block_axi_mem_intercon_0/s00_couplers_imp_VHS1OY/image_block_axi_mem_intercon_imp_auto_pc_0/image_block_axi_mem_intercon_imp_auto_pc_0_axi_protocol_converter_v2_1_37_axi_protocol_converter/image_block_axi_mem_intercon_imp_auto_pc_0_axi_protocol_converter_v2_1_37_axi3_conv/image_block_axi_mem_intercon_imp_auto_pc_0_axi_protocol_converter_v2_1_37_a_axi3_conv/image_block_axi_mem_intercon_imp_auto_pc_0_axi_data_fifo_v2_1_36_axic_fifo/image_block_axi_mem_intercon_imp_auto_pc_0_axi_data_fifo_v2_1_36_fifo_gen_1/<hidden>/<hidden>/<hidden>/<hidden>/<hidden>
    SLICE_X32Y61         FDRE                                         r  image_block_wrapper/image_block/image_block_axi_mem_intercon_0/s00_couplers_imp_VHS1OY/image_block_axi_mem_intercon_imp_auto_pc_0/image_block_axi_mem_intercon_imp_auto_pc_0_axi_protocol_converter_v2_1_37_axi_protocol_converter/image_block_axi_mem_intercon_imp_auto_pc_0_axi_protocol_converter_v2_1_37_axi3_conv/image_block_axi_mem_intercon_imp_auto_pc_0_axi_protocol_converter_v2_1_37_a_axi3_conv/image_block_axi_mem_intercon_imp_auto_pc_0_axi_data_fifo_v2_1_36_axic_fifo/image_block_axi_mem_intercon_imp_auto_pc_0_axi_data_fifo_v2_1_36_fifo_gen_1/<hidden>/<hidden>/<hidden>/<hidden>/<hidden>
  -------------------------------------------------------------------    -------------------
    SLICE_X32Y61         FDRE (Prop_fdre_C_Q)         0.518     3.461 f  image_block_wrapper/image_block/image_block_axi_mem_intercon_0/s00_couplers_imp_VHS1OY/image_block_axi_mem_intercon_imp_auto_pc_0/image_block_axi_mem_intercon_imp_auto_pc_0_axi_protocol_converter_v2_1_37_axi_protocol_converter/image_block_axi_mem_intercon_imp_auto_pc_0_axi_protocol_converter_v2_1_37_axi3_conv/image_block_axi_mem_intercon_imp_auto_pc_0_axi_protocol_converter_v2_1_37_a_axi3_conv/image_block_axi_mem_intercon_imp_auto_pc_0_axi_data_fifo_v2_1_36_axic_fifo/image_block_axi_mem_intercon_imp_auto_pc_0_axi_data_fifo_v2_1_36_fifo_gen_1/<hidden>/<hidden>/<hidden>/<hidden>/<hidden>
                         net (fo=2, routed)           0.664     4.125    image_block_wrapper/image_block/image_block_axi_mem_intercon_0/s00_couplers_imp_VHS1OY/image_block_axi_mem_intercon_imp_auto_pc_0/image_block_axi_mem_intercon_imp_auto_pc_0_axi_protocol_converter_v2_1_37_axi_protocol_converter/image_block_axi_mem_intercon_imp_auto_pc_0_axi_protocol_converter_v2_1_37_axi3_conv/image_block_axi_mem_intercon_imp_auto_pc_0_axi_protocol_converter_v2_1_37_a_axi3_conv/image_block_axi_mem_intercon_imp_auto_pc_0_axi_data_fifo_v2_1_36_axic_fifo/image_block_axi_mem_intercon_imp_auto_pc_0_axi_data_fifo_v2_1_36_fifo_gen_1/<hidden>/<hidden>/<hidden>/<hidden>/<hidden>
    SLICE_X32Y61         LUT3 (Prop_lut3_I0_O)        0.124     4.249 f  image_block_wrapper/image_block/image_block_axi_mem_intercon_0/s00_couplers_imp_VHS1OY/image_block_axi_mem_intercon_imp_auto_pc_0/image_block_axi_mem_intercon_imp_auto_pc_0_axi_protocol_converter_v2_1_37_axi_protocol_converter/image_block_axi_mem_intercon_imp_auto_pc_0_axi_protocol_converter_v2_1_37_axi3_conv/image_block_axi_mem_intercon_imp_auto_pc_0_axi_protocol_converter_v2_1_37_a_axi3_conv/image_block_axi_mem_intercon_imp_auto_pc_0_axi_data_fifo_v2_1_36_axic_fifo/image_block_axi_mem_intercon_imp_auto_pc_0_axi_data_fifo_v2_1_36_fifo_gen_1/<hidden>/<hidden>/<hidden>/<hidden>/<hidden>
                         net (fo=32, routed)          1.089     5.338    image_block_wrapper/image_block/image_block_axi_mem_intercon_0/s00_couplers_imp_VHS1OY/image_block_axi_mem_intercon_imp_auto_pc_0/image_block_axi_mem_intercon_imp_auto_pc_0_axi_protocol_converter_v2_1_37_axi_protocol_converter/image_block_axi_mem_intercon_imp_auto_pc_0_axi_protocol_converter_v2_1_37_axi3_conv/image_block_axi_mem_intercon_imp_auto_pc_0_axi_protocol_converter_v2_1_37_a_axi3_conv/image_block_axi_mem_intercon_imp_auto_pc_0_axi_data_fifo_v2_1_36_axic_fifo/image_block_axi_mem_intercon_imp_auto_pc_0_axi_data_fifo_v2_1_36_fifo_gen_1/<hidden>/<hidden>/<hidden>/<hidden>/<hidden>/<hidden>
    SLICE_X34Y59         FDCE                                         f  image_block_wrapper/image_block/image_block_axi_mem_intercon_0/s00_couplers_imp_VHS1OY/image_block_axi_mem_intercon_imp_auto_pc_0/image_block_axi_mem_intercon_imp_auto_pc_0_axi_protocol_converter_v2_1_37_axi_protocol_converter/image_block_axi_mem_intercon_imp_auto_pc_0_axi_protocol_converter_v2_1_37_axi3_conv/image_block_axi_mem_intercon_imp_auto_pc_0_axi_protocol_converter_v2_1_37_a_axi3_conv/image_block_axi_mem_intercon_imp_auto_pc_0_axi_data_fifo_v2_1_36_axic_fifo/image_block_axi_mem_intercon_imp_auto_pc_0_axi_data_fifo_v2_1_36_fifo_gen_1/<hidden>/<hidden>/<hidden>/<hidden>/<hidden>/<hidden>
  -------------------------------------------------------------------    -------------------

                         (clock clk_fpga_0 rise edge)
                                                     10.000    10.000 r  
    PS7_X0Y0             PS7                          0.000    10.000 r  image_block_i/processing_system7_0/inst/PS7_i/FCLKCLK[0]
                         net (fo=1, routed)           1.088    11.088    image_block_i/processing_system7_0/inst/FCLK_CLK_unbuffered[0]
    BUFGCTRL_X0Y16       BUFG (Prop_bufg_I_O)         0.091    11.179 r  image_block_i/processing_system7_0/inst/buffer_fclk_clk_0.FCLK_CLK_0_BUFG/O
                         net (fo=5609, routed)        1.478    12.657    image_block_wrapper/image_block/image_block_axi_mem_intercon_0/s00_couplers_imp_VHS1OY/image_block_axi_mem_intercon_imp_auto_pc_0/image_block_axi_mem_intercon_imp_auto_pc_0_axi_protocol_converter_v2_1_37_axi_protocol_converter/image_block_axi_mem_intercon_imp_auto_pc_0_axi_protocol_converter_v2_1_37_axi3_conv/image_block_axi_mem_intercon_imp_auto_pc_0_axi_protocol_converter_v2_1_37_a_axi3_conv/image_block_axi_mem_intercon_imp_auto_pc_0_axi_data_fifo_v2_1_36_axic_fifo/image_block_axi_mem_intercon_imp_auto_pc_0_axi_data_fifo_v2_1_36_fifo_gen_1/<hidden>/<hidden>/<hidden>/<hidden>/<hidden>/<hidden>
    SLICE_X34Y59         FDCE                                         r  image_block_wrapper/image_block/image_block_axi_mem_intercon_0/s00_couplers_imp_VHS1OY/image_block_axi_mem_intercon_imp_auto_pc_0/image_block_axi_mem_intercon_imp_auto_pc_0_axi_protocol_converter_v2_1_37_axi_protocol_converter/image_block_axi_mem_intercon_imp_auto_pc_0_axi_protocol_converter_v2_1_37_axi3_conv/image_block_axi_mem_intercon_imp_auto_pc_0_axi_protocol_converter_v2_1_37_a_axi3_conv/image_block_axi_mem_intercon_imp_auto_pc_0_axi_data_fifo_v2_1_36_axic_fifo/image_block_axi_mem_intercon_imp_auto_pc_0_axi_data_fifo_v2_1_36_fifo_gen_1/<hidden>/<hidden>/<hidden>/<hidden>/<hidden>/<hidden>
                         clock pessimism              0.229    12.886    
                         clock uncertainty           -0.154    12.732    
    SLICE_X34Y59         FDCE (Recov_fdce_C_CLR)     -0.319    12.413    image_block_wrapper/image_block/image_block_axi_mem_intercon_0/s00_couplers_imp_VHS1OY/image_block_axi_mem_intercon_imp_auto_pc_0/image_block_axi_mem_intercon_imp_auto_pc_0_axi_protocol_converter_v2_1_37_axi_protocol_converter/image_block_axi_mem_intercon_imp_auto_pc_0_axi_protocol_converter_v2_1_37_axi3_conv/image_block_axi_mem_intercon_imp_auto_pc_0_axi_protocol_converter_v2_1_37_a_axi3_conv/image_block_axi_mem_intercon_imp_auto_pc_0_axi_data_fifo_v2_1_36_axic_fifo/image_block_axi_mem_intercon_imp_auto_pc_0_axi_data_fifo_v2_1_36_fifo_gen_1/<hidden>/<hidden>/<hidden>/<hidden>/<hidden>/<hidden>
  -------------------------------------------------------------------
                         required time                         12.413    
                         arrival time                          -5.338    
  -------------------------------------------------------------------
                         slack                                  7.075    

Slack (MET) :             7.075ns  (required time - arrival time)
  Source:                 image_block_wrapper/image_block/image_block_axi_mem_intercon_0/s00_couplers_imp_VHS1OY/image_block_axi_mem_intercon_imp_auto_pc_0/image_block_axi_mem_intercon_imp_auto_pc_0_axi_protocol_converter_v2_1_37_axi_protocol_converter/image_block_axi_mem_intercon_imp_auto_pc_0_axi_protocol_converter_v2_1_37_axi3_conv/image_block_axi_mem_intercon_imp_auto_pc_0_axi_protocol_converter_v2_1_37_a_axi3_conv/image_block_axi_mem_intercon_imp_auto_pc_0_axi_data_fifo_v2_1_36_axic_fifo/image_block_axi_mem_intercon_imp_auto_pc_0_axi_data_fifo_v2_1_36_fifo_gen_1/<hidden>/<hidden>/<hidden>/<hidden>/<hidden>
                            (rising edge-triggered cell FDRE clocked by clk_fpga_0  {rise@0.000ns fall@5.000ns period=10.000ns})
  Destination:            image_block_wrapper/image_block/image_block_axi_mem_intercon_0/s00_couplers_imp_VHS1OY/image_block_axi_mem_intercon_imp_auto_pc_0/image_block_axi_mem_intercon_imp_auto_pc_0_axi_protocol_converter_v2_1_37_axi_protocol_converter/image_block_axi_mem_intercon_imp_auto_pc_0_axi_protocol_converter_v2_1_37_axi3_conv/image_block_axi_mem_intercon_imp_auto_pc_0_axi_protocol_converter_v2_1_37_a_axi3_conv/image_block_axi_mem_intercon_imp_auto_pc_0_axi_data_fifo_v2_1_36_axic_fifo/image_block_axi_mem_intercon_imp_auto_pc_0_axi_data_fifo_v2_1_36_fifo_gen_1/<hidden>/<hidden>/<hidden>/<hidden>/<hidden>/<hidden>
                            (recovery check against rising-edge clock clk_fpga_0  {rise@0.000ns fall@5.000ns period=10.000ns})
  Path Group:             **async_default**
  Path Type:              Recovery (Max at Slow Process Corner)
  Requirement:            10.000ns  (clk_fpga_0 rise@10.000ns - clk_fpga_0 rise@0.000ns)
  Data Path Delay:        2.395ns  (logic 0.642ns (26.806%)  route 1.753ns (73.194%))
  Logic Levels:           1  (LUT3=1)
  Clock Path Skew:        -0.057ns (DCD - SCD + CPR)
    Destination Clock Delay (DCD):    2.657ns = ( 12.657 - 10.000 ) 
    Source Clock Delay      (SCD):    2.943ns
    Clock Pessimism Removal (CPR):    0.229ns
  Clock Uncertainty:      0.154ns  ((TSJ^2 + TIJ^2)^1/2 + DJ) / 2 + PE
    Total System Jitter     (TSJ):    0.071ns
    Total Input Jitter      (TIJ):    0.300ns
    Discrete Jitter          (DJ):    0.000ns
    Phase Error              (PE):    0.000ns

    Location             Delay type                Incr(ns)  Path(ns)    Netlist Resource(s)
  -------------------------------------------------------------------    -------------------
                         (clock clk_fpga_0 rise edge)
                                                      0.000     0.000 r  
    PS7_X0Y0             PS7                          0.000     0.000 r  image_block_i/processing_system7_0/inst/PS7_i/FCLKCLK[0]
                         net (fo=1, routed)           1.193     1.193    image_block_i/processing_system7_0/inst/FCLK_CLK_unbuffered[0]
    BUFGCTRL_X0Y16       BUFG (Prop_bufg_I_O)         0.101     1.294 r  image_block_i/processing_system7_0/inst/buffer_fclk_clk_0.FCLK_CLK_0_BUFG/O
                         net (fo=5609, routed)        1.649     2.943    image_block_wrapper/image_block/image_block_axi_mem_intercon_0/s00_couplers_imp_VHS1OY/image_block_axi_mem_intercon_imp_auto_pc_0/image_block_axi_mem_intercon_imp_auto_pc_0_axi_protocol_converter_v2_1_37_axi_protocol_converter/image_block_axi_mem_intercon_imp_auto_pc_0_axi_protocol_converter_v2_1_37_axi3_conv/image_block_axi_mem_intercon_imp_auto_pc_0_axi_protocol_converter_v2_1_37_a_axi3_conv/image_block_axi_mem_intercon_imp_auto_pc_0_axi_data_fifo_v2_1_36_axic_fifo/image_block_axi_mem_intercon_imp_auto_pc_0_axi_data_fifo_v2_1_36_fifo_gen_1/<hidden>/<hidden>/<hidden>/<hidden>/<hidden>
    SLICE_X32Y61         FDRE                                         r  image_block_wrapper/image_block/image_block_axi_mem_intercon_0/s00_couplers_imp_VHS1OY/image_block_axi_mem_intercon_imp_auto_pc_0/image_block_axi_mem_intercon_imp_auto_pc_0_axi_protocol_converter_v2_1_37_axi_protocol_converter/image_block_axi_mem_intercon_imp_auto_pc_0_axi_protocol_converter_v2_1_37_axi3_conv/image_block_axi_mem_intercon_imp_auto_pc_0_axi_protocol_converter_v2_1_37_a_axi3_conv/image_block_axi_mem_intercon_imp_auto_pc_0_axi_data_fifo_v2_1_36_axic_fifo/image_block_axi_mem_intercon_imp_auto_pc_0_axi_data_fifo_v2_1_36_fifo_gen_1/<hidden>/<hidden>/<hidden>/<hidden>/<hidden>
  -------------------------------------------------------------------    -------------------
    SLICE_X32Y61         FDRE (Prop_fdre_C_Q)         0.518     3.461 f  image_block_wrapper/image_block/image_block_axi_mem_intercon_0/s00_couplers_imp_VHS1OY/image_block_axi_mem_intercon_imp_auto_pc_0/image_block_axi_mem_intercon_imp_auto_pc_0_axi_protocol_converter_v2_1_37_axi_protocol_converter/image_block_axi_mem_intercon_imp_auto_pc_0_axi_protocol_converter_v2_1_37_axi3_conv/image_block_axi_mem_intercon_imp_auto_pc_0_axi_protocol_converter_v2_1_37_a_axi3_conv/image_block_axi_mem_intercon_imp_auto_pc_0_axi_data_fifo_v2_1_36_axic_fifo/image_block_axi_mem_intercon_imp_auto_pc_0_axi_data_fifo_v2_1_36_fifo_gen_1/<hidden>/<hidden>/<hidden>/<hidden>/<hidden>
                         net (fo=2, routed)           0.664     4.125    image_block_wrapper/image_block/image_block_axi_mem_intercon_0/s00_couplers_imp_VHS1OY/image_block_axi_mem_intercon_imp_auto_pc_0/image_block_axi_mem_intercon_imp_auto_pc_0_axi_protocol_converter_v2_1_37_axi_protocol_converter/image_block_axi_mem_intercon_imp_auto_pc_0_axi_protocol_converter_v2_1_37_axi3_conv/image_block_axi_mem_intercon_imp_auto_pc_0_axi_protocol_converter_v2_1_37_a_axi3_conv/image_block_axi_mem_intercon_imp_auto_pc_0_axi_data_fifo_v2_1_36_axic_fifo/image_block_axi_mem_intercon_imp_auto_pc_0_axi_data_fifo_v2_1_36_fifo_gen_1/<hidden>/<hidden>/<hidden>/<hidden>/<hidden>
    SLICE_X32Y61         LUT3 (Prop_lut3_I0_O)        0.124     4.249 f  image_block_wrapper/image_block/image_block_axi_mem_intercon_0/s00_couplers_imp_VHS1OY/image_block_axi_mem_intercon_imp_auto_pc_0/image_block_axi_mem_intercon_imp_auto_pc_0_axi_protocol_converter_v2_1_37_axi_protocol_converter/image_block_axi_mem_intercon_imp_auto_pc_0_axi_protocol_converter_v2_1_37_axi3_conv/image_block_axi_mem_intercon_imp_auto_pc_0_axi_protocol_converter_v2_1_37_a_axi3_conv/image_block_axi_mem_intercon_imp_auto_pc_0_axi_data_fifo_v2_1_36_axic_fifo/image_block_axi_mem_intercon_imp_auto_pc_0_axi_data_fifo_v2_1_36_fifo_gen_1/<hidden>/<hidden>/<hidden>/<hidden>/<hidden>
                         net (fo=32, routed)          1.089     5.338    image_block_wrapper/image_block/image_block_axi_mem_intercon_0/s00_couplers_imp_VHS1OY/image_block_axi_mem_intercon_imp_auto_pc_0/image_block_axi_mem_intercon_imp_auto_pc_0_axi_protocol_converter_v2_1_37_axi_protocol_converter/image_block_axi_mem_intercon_imp_auto_pc_0_axi_protocol_converter_v2_1_37_axi3_conv/image_block_axi_mem_intercon_imp_auto_pc_0_axi_protocol_converter_v2_1_37_a_axi3_conv/image_block_axi_mem_intercon_imp_auto_pc_0_axi_data_fifo_v2_1_36_axic_fifo/image_block_axi_mem_intercon_imp_auto_pc_0_axi_data_fifo_v2_1_36_fifo_gen_1/<hidden>/<hidden>/<hidden>/<hidden>/<hidden>/<hidden>
    SLICE_X34Y59         FDCE                                         f  image_block_wrapper/image_block/image_block_axi_mem_intercon_0/s00_couplers_imp_VHS1OY/image_block_axi_mem_intercon_imp_auto_pc_0/image_block_axi_mem_intercon_imp_auto_pc_0_axi_protocol_converter_v2_1_37_axi_protocol_converter/image_block_axi_mem_intercon_imp_auto_pc_0_axi_protocol_converter_v2_1_37_axi3_conv/image_block_axi_mem_intercon_imp_auto_pc_0_axi_protocol_converter_v2_1_37_a_axi3_conv/image_block_axi_mem_intercon_imp_auto_pc_0_axi_data_fifo_v2_1_36_axic_fifo/image_block_axi_mem_intercon_imp_auto_pc_0_axi_data_fifo_v2_1_36_fifo_gen_1/<hidden>/<hidden>/<hidden>/<hidden>/<hidden>/<hidden>
  -------------------------------------------------------------------    -------------------

                         (clock clk_fpga_0 rise edge)
                                                     10.000    10.000 r  
    PS7_X0Y0             PS7                          0.000    10.000 r  image_block_i/processing_system7_0/inst/PS7_i/FCLKCLK[0]
                         net (fo=1, routed)           1.088    11.088    image_block_i/processing_system7_0/inst/FCLK_CLK_unbuffered[0]
    BUFGCTRL_X0Y16       BUFG (Prop_bufg_I_O)         0.091    11.179 r  image_block_i/processing_system7_0/inst/buffer_fclk_clk_0.FCLK_CLK_0_BUFG/O
                         net (fo=5609, routed)        1.478    12.657    image_block_wrapper/image_block/image_block_axi_mem_intercon_0/s00_couplers_imp_VHS1OY/image_block_axi_mem_intercon_imp_auto_pc_0/image_block_axi_mem_intercon_imp_auto_pc_0_axi_protocol_converter_v2_1_37_axi_protocol_converter/image_block_axi_mem_intercon_imp_auto_pc_0_axi_protocol_converter_v2_1_37_axi3_conv/image_block_axi_mem_intercon_imp_auto_pc_0_axi_protocol_converter_v2_1_37_a_axi3_conv/image_block_axi_mem_intercon_imp_auto_pc_0_axi_data_fifo_v2_1_36_axic_fifo/image_block_axi_mem_intercon_imp_auto_pc_0_axi_data_fifo_v2_1_36_fifo_gen_1/<hidden>/<hidden>/<hidden>/<hidden>/<hidden>/<hidden>
    SLICE_X34Y59         FDCE                                         r  image_block_wrapper/image_block/image_block_axi_mem_intercon_0/s00_couplers_imp_VHS1OY/image_block_axi_mem_intercon_imp_auto_pc_0/image_block_axi_mem_intercon_imp_auto_pc_0_axi_protocol_converter_v2_1_37_axi_protocol_converter/image_block_axi_mem_intercon_imp_auto_pc_0_axi_protocol_converter_v2_1_37_axi3_conv/image_block_axi_mem_intercon_imp_auto_pc_0_axi_protocol_converter_v2_1_37_a_axi3_conv/image_block_axi_mem_intercon_imp_auto_pc_0_axi_data_fifo_v2_1_36_axic_fifo/image_block_axi_mem_intercon_imp_auto_pc_0_axi_data_fifo_v2_1_36_fifo_gen_1/<hidden>/<hidden>/<hidden>/<hidden>/<hidden>/<hidden>
                         clock pessimism              0.229    12.886    
                         clock uncertainty           -0.154    12.732    
    SLICE_X34Y59         FDCE (Recov_fdce_C_CLR)     -0.319    12.413    image_block_wrapper/image_block/image_block_axi_mem_intercon_0/s00_couplers_imp_VHS1OY/image_block_axi_mem_intercon_imp_auto_pc_0/image_block_axi_mem_intercon_imp_auto_pc_0_axi_protocol_converter_v2_1_37_axi_protocol_converter/image_block_axi_mem_intercon_imp_auto_pc_0_axi_protocol_converter_v2_1_37_axi3_conv/image_block_axi_mem_intercon_imp_auto_pc_0_axi_protocol_converter_v2_1_37_a_axi3_conv/image_block_axi_mem_intercon_imp_auto_pc_0_axi_data_fifo_v2_1_36_axic_fifo/image_block_axi_mem_intercon_imp_auto_pc_0_axi_data_fifo_v2_1_36_fifo_gen_1/<hidden>/<hidden>/<hidden>/<hidden>/<hidden>/<hidden>
  -------------------------------------------------------------------
                         required time                         12.413    
                         arrival time                          -5.338    
  -------------------------------------------------------------------
                         slack                                  7.075    





Min Delay Paths
--------------------------------------------------------------------------------------
Slack (MET) :             0.328ns  (arrival time - required time)
  Source:                 image_block_wrapper/image_block/image_block_axi_mem_intercon_0/s00_couplers_imp_VHS1OY/image_block_axi_mem_intercon_imp_auto_pc_0/image_block_axi_mem_intercon_imp_auto_pc_0_axi_protocol_converter_v2_1_37_axi_protocol_converter/image_block_axi_mem_intercon_imp_auto_pc_0_axi_protocol_converter_v2_1_37_axi3_conv/image_block_axi_mem_intercon_imp_auto_pc_0_axi_protocol_converter_v2_1_37_a_axi3_conv/image_block_axi_mem_intercon_imp_auto_pc_0_axi_data_fifo_v2_1_36_axic_fifo_0/image_block_axi_mem_intercon_imp_auto_pc_0_axi_data_fifo_v2_1_36_fifo_gen/<hidden>/<hidden>/<hidden>/<hidden>/<hidden>/<hidden>
                            (rising edge-triggered cell FDPE clocked by clk_fpga_0  {rise@0.000ns fall@5.000ns period=10.000ns})
  Destination:            image_block_wrapper/image_block/image_block_axi_mem_intercon_0/s00_couplers_imp_VHS1OY/image_block_axi_mem_intercon_imp_auto_pc_0/image_block_axi_mem_intercon_imp_auto_pc_0_axi_protocol_converter_v2_1_37_axi_protocol_converter/image_block_axi_mem_intercon_imp_auto_pc_0_axi_protocol_converter_v2_1_37_axi3_conv/image_block_axi_mem_intercon_imp_auto_pc_0_axi_protocol_converter_v2_1_37_a_axi3_conv/image_block_axi_mem_intercon_imp_auto_pc_0_axi_data_fifo_v2_1_36_axic_fifo_0/image_block_axi_mem_intercon_imp_auto_pc_0_axi_data_fifo_v2_1_36_fifo_gen/<hidden>/<hidden>/<hidden>/<hidden>/<hidden>/<hidden>
                            (removal check against rising-edge clock clk_fpga_0  {rise@0.000ns fall@5.000ns period=10.000ns})
  Path Group:             **async_default**
  Path Type:              Removal (Min at Fast Process Corner)
  Requirement:            0.000ns  (clk_fpga_0 rise@0.000ns - clk_fpga_0 rise@0.000ns)
  Data Path Delay:        0.497ns  (logic 0.227ns (45.718%)  route 0.270ns (54.282%))
  Logic Levels:           1  (LUT3=1)
  Clock Path Skew:        0.260ns (DCD - SCD - CPR)
    Destination Clock Delay (DCD):    1.185ns
    Source Clock Delay      (SCD):    0.890ns
    Clock Pessimism Removal (CPR):    0.035ns

    Location             Delay type                Incr(ns)  Path(ns)    Netlist Resource(s)
  -------------------------------------------------------------------    -------------------
                         (clock clk_fpga_0 rise edge)
                                                      0.000     0.000 r  
    PS7_X0Y0             PS7                          0.000     0.000 r  image_block_i/processing_system7_0/inst/PS7_i/FCLKCLK[0]
                         net (fo=1, routed)           0.310     0.310    image_block_i/processing_system7_0/inst/FCLK_CLK_unbuffered[0]
    BUFGCTRL_X0Y16       BUFG (Prop_bufg_I_O)         0.026     0.336 r  image_block_i/processing_system7_0/inst/buffer_fclk_clk_0.FCLK_CLK_0_BUFG/O
                         net (fo=5609, routed)        0.554     0.890    image_block_wrapper/image_block/image_block_axi_mem_intercon_0/s00_couplers_imp_VHS1OY/image_block_axi_mem_intercon_imp_auto_pc_0/image_block_axi_mem_intercon_imp_auto_pc_0_axi_protocol_converter_v2_1_37_axi_protocol_converter/image_block_axi_mem_intercon_imp_auto_pc_0_axi_protocol_converter_v2_1_37_axi3_conv/image_block_axi_mem_intercon_imp_auto_pc_0_axi_protocol_converter_v2_1_37_a_axi3_conv/image_block_axi_mem_intercon_imp_auto_pc_0_axi_data_fifo_v2_1_36_axic_fifo_0/image_block_axi_mem_intercon_imp_auto_pc_0_axi_data_fifo_v2_1_36_fifo_gen/<hidden>/<hidden>/<hidden>/<hidden>/<hidden>/<hidden>
    SLICE_X48Y57         FDPE                                         r  image_block_wrapper/image_block/image_block_axi_mem_intercon_0/s00_couplers_imp_VHS1OY/image_block_axi_mem_intercon_imp_auto_pc_0/image_block_axi_mem_intercon_imp_auto_pc_0_axi_protocol_converter_v2_1_37_axi_protocol_converter/image_block_axi_mem_intercon_imp_auto_pc_0_axi_protocol_converter_v2_1_37_axi3_conv/image_block_axi_mem_intercon_imp_auto_pc_0_axi_protocol_converter_v2_1_37_a_axi3_conv/image_block_axi_mem_intercon_imp_auto_pc_0_axi_data_fifo_v2_1_36_axic_fifo_0/image_block_axi_mem_intercon_imp_auto_pc_0_axi_data_fifo_v2_1_36_fifo_gen/<hidden>/<hidden>/<hidden>/<hidden>/<hidden>/<hidden>
  -------------------------------------------------------------------    -------------------
    SLICE_X48Y57         FDPE (Prop_fdpe_C_Q)         0.128     1.018 f  image_block_wrapper/image_block/image_block_axi_mem_intercon_0/s00_couplers_imp_VHS1OY/image_block_axi_mem_intercon_imp_auto_pc_0/image_block_axi_mem_intercon_imp_auto_pc_0_axi_protocol_converter_v2_1_37_axi_protocol_converter/image_block_axi_mem_intercon_imp_auto_pc_0_axi_protocol_converter_v2_1_37_axi3_conv/image_block_axi_mem_intercon_imp_auto_pc_0_axi_protocol_converter_v2_1_37_a_axi3_conv/image_block_axi_mem_intercon_imp_auto_pc_0_axi_data_fifo_v2_1_36_axic_fifo_0/image_block_axi_mem_intercon_imp_auto_pc_0_axi_data_fifo_v2_1_36_fifo_gen/<hidden>/<hidden>/<hidden>/<hidden>/<hidden>/<hidden>
                         net (fo=3, routed)           0.136     1.153    image_block_wrapper/image_block/image_block_axi_mem_intercon_0/s00_couplers_imp_VHS1OY/image_block_axi_mem_intercon_imp_auto_pc_0/image_block_axi_mem_intercon_imp_auto_pc_0_axi_protocol_converter_v2_1_37_axi_protocol_converter/image_block_axi_mem_intercon_imp_auto_pc_0_axi_protocol_converter_v2_1_37_axi3_conv/image_block_axi_mem_intercon_imp_auto_pc_0_axi_protocol_converter_v2_1_37_a_axi3_conv/image_block_axi_mem_intercon_imp_auto_pc_0_axi_data_fifo_v2_1_36_axic_fifo_0/image_block_axi_mem_intercon_imp_auto_pc_0_axi_data_fifo_v2_1_36_fifo_gen/<hidden>/<hidden>/<hidden>/<hidden>/<hidden>
    SLICE_X50Y57         LUT3 (Prop_lut3_I2_O)        0.099     1.252 f  image_block_wrapper/image_block/image_block_axi_mem_intercon_0/s00_couplers_imp_VHS1OY/image_block_axi_mem_intercon_imp_auto_pc_0/image_block_axi_mem_intercon_imp_auto_pc_0_axi_protocol_converter_v2_1_37_axi_protocol_converter/image_block_axi_mem_intercon_imp_auto_pc_0_axi_protocol_converter_v2_1_37_axi3_conv/image_block_axi_mem_intercon_imp_auto_pc_0_axi_protocol_converter_v2_1_37_a_axi3_conv/image_block_axi_mem_intercon_imp_auto_pc_0_axi_data_fifo_v2_1_36_axic_fifo_0/image_block_axi_mem_intercon_imp_auto_pc_0_axi_data_fifo_v2_1_36_fifo_gen/<hidden>/<hidden>/<hidden>/<hidden>/<hidden>
                         net (fo=32, routed)          0.134     1.386    image_block_wrapper/image_block/image_block_axi_mem_intercon_0/s00_couplers_imp_VHS1OY/image_block_axi_mem_intercon_imp_auto_pc_0/image_block_axi_mem_intercon_imp_auto_pc_0_axi_protocol_converter_v2_1_37_axi_protocol_converter/image_block_axi_mem_intercon_imp_auto_pc_0_axi_protocol_converter_v2_1_37_axi3_conv/image_block_axi_mem_intercon_imp_auto_pc_0_axi_protocol_converter_v2_1_37_a_axi3_conv/image_block_axi_mem_intercon_imp_auto_pc_0_axi_data_fifo_v2_1_36_axic_fifo_0/image_block_axi_mem_intercon_imp_auto_pc_0_axi_data_fifo_v2_1_36_fifo_gen/<hidden>/<hidden>/<hidden>/<hidden>/<hidden>/<hidden>
    SLICE_X52Y57         FDCE                                         f  image_block_wrapper/image_block/image_block_axi_mem_intercon_0/s00_couplers_imp_VHS1OY/image_block_axi_mem_intercon_imp_auto_pc_0/image_block_axi_mem_intercon_imp_auto_pc_0_axi_protocol_converter_v2_1_37_axi_protocol_converter/image_block_axi_mem_intercon_imp_auto_pc_0_axi_protocol_converter_v2_1_37_axi3_conv/image_block_axi_mem_intercon_imp_auto_pc_0_axi_protocol_converter_v2_1_37_a_axi3_conv/image_block_axi_mem_intercon_imp_auto_pc_0_axi_data_fifo_v2_1_36_axic_fifo_0/image_block_axi_mem_intercon_imp_auto_pc_0_axi_data_fifo_v2_1_36_fifo_gen/<hidden>/<hidden>/<hidden>/<hidden>/<hidden>/<hidden>
  -------------------------------------------------------------------    -------------------

                         (clock clk_fpga_0 rise edge)
                                                      0.000     0.000 r  
    PS7_X0Y0             PS7                          0.000     0.000 r  image_block_i/processing_system7_0/inst/PS7_i/FCLKCLK[0]
                         net (fo=1, routed)           0.337     0.337    image_block_i/processing_system7_0/inst/FCLK_CLK_unbuffered[0]
    BUFGCTRL_X0Y16       BUFG (Prop_bufg_I_O)         0.029     0.366 r  image_block_i/processing_system7_0/inst/buffer_fclk_clk_0.FCLK_CLK_0_BUFG/O
                         net (fo=5609, routed)        0.819     1.185    image_block_wrapper/image_block/image_block_axi_mem_intercon_0/s00_couplers_imp_VHS1OY/image_block_axi_mem_intercon_imp_auto_pc_0/image_block_axi_mem_intercon_imp_auto_pc_0_axi_protocol_converter_v2_1_37_axi_protocol_converter/image_block_axi_mem_intercon_imp_auto_pc_0_axi_protocol_converter_v2_1_37_axi3_conv/image_block_axi_mem_intercon_imp_auto_pc_0_axi_protocol_converter_v2_1_37_a_axi3_conv/image_block_axi_mem_intercon_imp_auto_pc_0_axi_data_fifo_v2_1_36_axic_fifo_0/image_block_axi_mem_intercon_imp_auto_pc_0_axi_data_fifo_v2_1_36_fifo_gen/<hidden>/<hidden>/<hidden>/<hidden>/<hidden>/<hidden>
    SLICE_X52Y57         FDCE                                         r  image_block_wrapper/image_block/image_block_axi_mem_intercon_0/s00_couplers_imp_VHS1OY/image_block_axi_mem_intercon_imp_auto_pc_0/image_block_axi_mem_intercon_imp_auto_pc_0_axi_protocol_converter_v2_1_37_axi_protocol_converter/image_block_axi_mem_intercon_imp_auto_pc_0_axi_protocol_converter_v2_1_37_axi3_conv/image_block_axi_mem_intercon_imp_auto_pc_0_axi_protocol_converter_v2_1_37_a_axi3_conv/image_block_axi_mem_intercon_imp_auto_pc_0_axi_data_fifo_v2_1_36_axic_fifo_0/image_block_axi_mem_intercon_imp_auto_pc_0_axi_data_fifo_v2_1_36_fifo_gen/<hidden>/<hidden>/<hidden>/<hidden>/<hidden>/<hidden>
                         clock pessimism             -0.035     1.150    
    SLICE_X52Y57         FDCE (Remov_fdce_C_CLR)     -0.092     1.058    image_block_wrapper/image_block/image_block_axi_mem_intercon_0/s00_couplers_imp_VHS1OY/image_block_axi_mem_intercon_imp_auto_pc_0/image_block_axi_mem_intercon_imp_auto_pc_0_axi_protocol_converter_v2_1_37_axi_protocol_converter/image_block_axi_mem_intercon_imp_auto_pc_0_axi_protocol_converter_v2_1_37_axi3_conv/image_block_axi_mem_intercon_imp_auto_pc_0_axi_protocol_converter_v2_1_37_a_axi3_conv/image_block_axi_mem_intercon_imp_auto_pc_0_axi_data_fifo_v2_1_36_axic_fifo_0/image_block_axi_mem_intercon_imp_auto_pc_0_axi_data_fifo_v2_1_36_fifo_gen/<hidden>/<hidden>/<hidden>/<hidden>/<hidden>/<hidden>
  -------------------------------------------------------------------
                         required time                         -1.058    
                         arrival time                           1.386    
  -------------------------------------------------------------------
                         slack                                  0.328    

Slack (MET) :             0.328ns  (arrival time - required time)
  Source:                 image_block_wrapper/image_block/image_block_axi_mem_intercon_0/s00_couplers_imp_VHS1OY/image_block_axi_mem_intercon_imp_auto_pc_0/image_block_axi_mem_intercon_imp_auto_pc_0_axi_protocol_converter_v2_1_37_axi_protocol_converter/image_block_axi_mem_intercon_imp_auto_pc_0_axi_protocol_converter_v2_1_37_axi3_conv/image_block_axi_mem_intercon_imp_auto_pc_0_axi_protocol_converter_v2_1_37_a_axi3_conv/image_block_axi_mem_intercon_imp_auto_pc_0_axi_data_fifo_v2_1_36_axic_fifo_0/image_block_axi_mem_intercon_imp_auto_pc_0_axi_data_fifo_v2_1_36_fifo_gen/<hidden>/<hidden>/<hidden>/<hidden>/<hidden>/<hidden>
                            (rising edge-triggered cell FDPE clocked by clk_fpga_0  {rise@0.000ns fall@5.000ns period=10.000ns})
  Destination:            image_block_wrapper/image_block/image_block_axi_mem_intercon_0/s00_couplers_imp_VHS1OY/image_block_axi_mem_intercon_imp_auto_pc_0/image_block_axi_mem_intercon_imp_auto_pc_0_axi_protocol_converter_v2_1_37_axi_protocol_converter/image_block_axi_mem_intercon_imp_auto_pc_0_axi_protocol_converter_v2_1_37_axi3_conv/image_block_axi_mem_intercon_imp_auto_pc_0_axi_protocol_converter_v2_1_37_a_axi3_conv/image_block_axi_mem_intercon_imp_auto_pc_0_axi_data_fifo_v2_1_36_axic_fifo_0/image_block_axi_mem_intercon_imp_auto_pc_0_axi_data_fifo_v2_1_36_fifo_gen/<hidden>/<hidden>/<hidden>/<hidden>/<hidden>/<hidden>
                            (removal check against rising-edge clock clk_fpga_0  {rise@0.000ns fall@5.000ns period=10.000ns})
  Path Group:             **async_default**
  Path Type:              Removal (Min at Fast Process Corner)
  Requirement:            0.000ns  (clk_fpga_0 rise@0.000ns - clk_fpga_0 rise@0.000ns)
  Data Path Delay:        0.497ns  (logic 0.227ns (45.718%)  route 0.270ns (54.282%))
  Logic Levels:           1  (LUT3=1)
  Clock Path Skew:        0.260ns (DCD - SCD - CPR)
    Destination Clock Delay (DCD):    1.185ns
    Source Clock Delay      (SCD):    0.890ns
    Clock Pessimism Removal (CPR):    0.035ns

    Location             Delay type                Incr(ns)  Path(ns)    Netlist Resource(s)
  -------------------------------------------------------------------    -------------------
                         (clock clk_fpga_0 rise edge)
                                                      0.000     0.000 r  
    PS7_X0Y0             PS7                          0.000     0.000 r  image_block_i/processing_system7_0/inst/PS7_i/FCLKCLK[0]
                         net (fo=1, routed)           0.310     0.310    image_block_i/processing_system7_0/inst/FCLK_CLK_unbuffered[0]
    BUFGCTRL_X0Y16       BUFG (Prop_bufg_I_O)         0.026     0.336 r  image_block_i/processing_system7_0/inst/buffer_fclk_clk_0.FCLK_CLK_0_BUFG/O
                         net (fo=5609, routed)        0.554     0.890    image_block_wrapper/image_block/image_block_axi_mem_intercon_0/s00_couplers_imp_VHS1OY/image_block_axi_mem_intercon_imp_auto_pc_0/image_block_axi_mem_intercon_imp_auto_pc_0_axi_protocol_converter_v2_1_37_axi_protocol_converter/image_block_axi_mem_intercon_imp_auto_pc_0_axi_protocol_converter_v2_1_37_axi3_conv/image_block_axi_mem_intercon_imp_auto_pc_0_axi_protocol_converter_v2_1_37_a_axi3_conv/image_block_axi_mem_intercon_imp_auto_pc_0_axi_data_fifo_v2_1_36_axic_fifo_0/image_block_axi_mem_intercon_imp_auto_pc_0_axi_data_fifo_v2_1_36_fifo_gen/<hidden>/<hidden>/<hidden>/<hidden>/<hidden>/<hidden>
    SLICE_X48Y57         FDPE                                         r  image_block_wrapper/image_block/image_block_axi_mem_intercon_0/s00_couplers_imp_VHS1OY/image_block_axi_mem_intercon_imp_auto_pc_0/image_block_axi_mem_intercon_imp_auto_pc_0_axi_protocol_converter_v2_1_37_axi_protocol_converter/image_block_axi_mem_intercon_imp_auto_pc_0_axi_protocol_converter_v2_1_37_axi3_conv/image_block_axi_mem_intercon_imp_auto_pc_0_axi_protocol_converter_v2_1_37_a_axi3_conv/image_block_axi_mem_intercon_imp_auto_pc_0_axi_data_fifo_v2_1_36_axic_fifo_0/image_block_axi_mem_intercon_imp_auto_pc_0_axi_data_fifo_v2_1_36_fifo_gen/<hidden>/<hidden>/<hidden>/<hidden>/<hidden>/<hidden>
  -------------------------------------------------------------------    -------------------
    SLICE_X48Y57         FDPE (Prop_fdpe_C_Q)         0.128     1.018 f  image_block_wrapper/image_block/image_block_axi_mem_intercon_0/s00_couplers_imp_VHS1OY/image_block_axi_mem_intercon_imp_auto_pc_0/image_block_axi_mem_intercon_imp_auto_pc_0_axi_protocol_converter_v2_1_37_axi_protocol_converter/image_block_axi_mem_intercon_imp_auto_pc_0_axi_protocol_converter_v2_1_37_axi3_conv/image_block_axi_mem_intercon_imp_auto_pc_0_axi_protocol_converter_v2_1_37_a_axi3_conv/image_block_axi_mem_intercon_imp_auto_pc_0_axi_data_fifo_v2_1_36_axic_fifo_0/image_block_axi_mem_intercon_imp_auto_pc_0_axi_data_fifo_v2_1_36_fifo_gen/<hidden>/<hidden>/<hidden>/<hidden>/<hidden>/<hidden>
                         net (fo=3, routed)           0.136     1.153    image_block_wrapper/image_block/image_block_axi_mem_intercon_0/s00_couplers_imp_VHS1OY/image_block_axi_mem_intercon_imp_auto_pc_0/image_block_axi_mem_intercon_imp_auto_pc_0_axi_protocol_converter_v2_1_37_axi_protocol_converter/image_block_axi_mem_intercon_imp_auto_pc_0_axi_protocol_converter_v2_1_37_axi3_conv/image_block_axi_mem_intercon_imp_auto_pc_0_axi_protocol_converter_v2_1_37_a_axi3_conv/image_block_axi_mem_intercon_imp_auto_pc_0_axi_data_fifo_v2_1_36_axic_fifo_0/image_block_axi_mem_intercon_imp_auto_pc_0_axi_data_fifo_v2_1_36_fifo_gen/<hidden>/<hidden>/<hidden>/<hidden>/<hidden>
    SLICE_X50Y57         LUT3 (Prop_lut3_I2_O)        0.099     1.252 f  image_block_wrapper/image_block/image_block_axi_mem_intercon_0/s00_couplers_imp_VHS1OY/image_block_axi_mem_intercon_imp_auto_pc_0/image_block_axi_mem_intercon_imp_auto_pc_0_axi_protocol_converter_v2_1_37_axi_protocol_converter/image_block_axi_mem_intercon_imp_auto_pc_0_axi_protocol_converter_v2_1_37_axi3_conv/image_block_axi_mem_intercon_imp_auto_pc_0_axi_protocol_converter_v2_1_37_a_axi3_conv/image_block_axi_mem_intercon_imp_auto_pc_0_axi_data_fifo_v2_1_36_axic_fifo_0/image_block_axi_mem_intercon_imp_auto_pc_0_axi_data_fifo_v2_1_36_fifo_gen/<hidden>/<hidden>/<hidden>/<hidden>/<hidden>
                         net (fo=32, routed)          0.134     1.386    image_block_wrapper/image_block/image_block_axi_mem_intercon_0/s00_couplers_imp_VHS1OY/image_block_axi_mem_intercon_imp_auto_pc_0/image_block_axi_mem_intercon_imp_auto_pc_0_axi_protocol_converter_v2_1_37_axi_protocol_converter/image_block_axi_mem_intercon_imp_auto_pc_0_axi_protocol_converter_v2_1_37_axi3_conv/image_block_axi_mem_intercon_imp_auto_pc_0_axi_protocol_converter_v2_1_37_a_axi3_conv/image_block_axi_mem_intercon_imp_auto_pc_0_axi_data_fifo_v2_1_36_axic_fifo_0/image_block_axi_mem_intercon_imp_auto_pc_0_axi_data_fifo_v2_1_36_fifo_gen/<hidden>/<hidden>/<hidden>/<hidden>/<hidden>/<hidden>
    SLICE_X52Y57         FDCE                                         f  image_block_wrapper/image_block/image_block_axi_mem_intercon_0/s00_couplers_imp_VHS1OY/image_block_axi_mem_intercon_imp_auto_pc_0/image_block_axi_mem_intercon_imp_auto_pc_0_axi_protocol_converter_v2_1_37_axi_protocol_converter/image_block_axi_mem_intercon_imp_auto_pc_0_axi_protocol_converter_v2_1_37_axi3_conv/image_block_axi_mem_intercon_imp_auto_pc_0_axi_protocol_converter_v2_1_37_a_axi3_conv/image_block_axi_mem_intercon_imp_auto_pc_0_axi_data_fifo_v2_1_36_axic_fifo_0/image_block_axi_mem_intercon_imp_auto_pc_0_axi_data_fifo_v2_1_36_fifo_gen/<hidden>/<hidden>/<hidden>/<hidden>/<hidden>/<hidden>
  -------------------------------------------------------------------    -------------------

                         (clock clk_fpga_0 rise edge)
                                                      0.000     0.000 r  
    PS7_X0Y0             PS7                          0.000     0.000 r  image_block_i/processing_system7_0/inst/PS7_i/FCLKCLK[0]
                         net (fo=1, routed)           0.337     0.337    image_block_i/processing_system7_0/inst/FCLK_CLK_unbuffered[0]
    BUFGCTRL_X0Y16       BUFG (Prop_bufg_I_O)         0.029     0.366 r  image_block_i/processing_system7_0/inst/buffer_fclk_clk_0.FCLK_CLK_0_BUFG/O
                         net (fo=5609, routed)        0.819     1.185    image_block_wrapper/image_block/image_block_axi_mem_intercon_0/s00_couplers_imp_VHS1OY/image_block_axi_mem_intercon_imp_auto_pc_0/image_block_axi_mem_intercon_imp_auto_pc_0_axi_protocol_converter_v2_1_37_axi_protocol_converter/image_block_axi_mem_intercon_imp_auto_pc_0_axi_protocol_converter_v2_1_37_axi3_conv/image_block_axi_mem_intercon_imp_auto_pc_0_axi_protocol_converter_v2_1_37_a_axi3_conv/image_block_axi_mem_intercon_imp_auto_pc_0_axi_data_fifo_v2_1_36_axic_fifo_0/image_block_axi_mem_intercon_imp_auto_pc_0_axi_data_fifo_v2_1_36_fifo_gen/<hidden>/<hidden>/<hidden>/<hidden>/<hidden>/<hidden>
    SLICE_X52Y57         FDCE                                         r  image_block_wrapper/image_block/image_block_axi_mem_intercon_0/s00_couplers_imp_VHS1OY/image_block_axi_mem_intercon_imp_auto_pc_0/image_block_axi_mem_intercon_imp_auto_pc_0_axi_protocol_converter_v2_1_37_axi_protocol_converter/image_block_axi_mem_intercon_imp_auto_pc_0_axi_protocol_converter_v2_1_37_axi3_conv/image_block_axi_mem_intercon_imp_auto_pc_0_axi_protocol_converter_v2_1_37_a_axi3_conv/image_block_axi_mem_intercon_imp_auto_pc_0_axi_data_fifo_v2_1_36_axic_fifo_0/image_block_axi_mem_intercon_imp_auto_pc_0_axi_data_fifo_v2_1_36_fifo_gen/<hidden>/<hidden>/<hidden>/<hidden>/<hidden>/<hidden>
                         clock pessimism             -0.035     1.150    
    SLICE_X52Y57         FDCE (Remov_fdce_C_CLR)     -0.092     1.058    image_block_wrapper/image_block/image_block_axi_mem_intercon_0/s00_couplers_imp_VHS1OY/image_block_axi_mem_intercon_imp_auto_pc_0/image_block_axi_mem_intercon_imp_auto_pc_0_axi_protocol_converter_v2_1_37_axi_protocol_converter/image_block_axi_mem_intercon_imp_auto_pc_0_axi_protocol_converter_v2_1_37_axi3_conv/image_block_axi_mem_intercon_imp_auto_pc_0_axi_protocol_converter_v2_1_37_a_axi3_conv/image_block_axi_mem_intercon_imp_auto_pc_0_axi_data_fifo_v2_1_36_axic_fifo_0/image_block_axi_mem_intercon_imp_auto_pc_0_axi_data_fifo_v2_1_36_fifo_gen/<hidden>/<hidden>/<hidden>/<hidden>/<hidden>/<hidden>
  -------------------------------------------------------------------
                         required time                         -1.058    
                         arrival time                           1.386    
  -------------------------------------------------------------------
                         slack                                  0.328    

Slack (MET) :             0.331ns  (arrival time - required time)
  Source:                 image_block_wrapper/image_block/image_block_axi_mem_intercon_0/s00_couplers_imp_VHS1OY/image_block_axi_mem_intercon_imp_auto_pc_0/image_block_axi_mem_intercon_imp_auto_pc_0_axi_protocol_converter_v2_1_37_axi_protocol_converter/image_block_axi_mem_intercon_imp_auto_pc_0_axi_protocol_converter_v2_1_37_axi3_conv/image_block_axi_mem_intercon_imp_auto_pc_0_axi_protocol_converter_v2_1_37_a_axi3_conv/image_block_axi_mem_intercon_imp_auto_pc_0_axi_data_fifo_v2_1_36_axic_fifo_0/image_block_axi_mem_intercon_imp_auto_pc_0_axi_data_fifo_v2_1_36_fifo_gen/<hidden>/<hidden>/<hidden>/<hidden>/<hidden>/<hidden>
                            (rising edge-triggered cell FDPE clocked by clk_fpga_0  {rise@0.000ns fall@5.000ns period=10.000ns})
  Destination:            image_block_wrapper/image_block/image_block_axi_mem_intercon_0/s00_couplers_imp_VHS1OY/image_block_axi_mem_intercon_imp_auto_pc_0/image_block_axi_mem_intercon_imp_auto_pc_0_axi_protocol_converter_v2_1_37_axi_protocol_converter/image_block_axi_mem_intercon_imp_auto_pc_0_axi_protocol_converter_v2_1_37_axi3_conv/image_block_axi_mem_intercon_imp_auto_pc_0_axi_protocol_converter_v2_1_37_a_axi3_conv/image_block_axi_mem_intercon_imp_auto_pc_0_axi_data_fifo_v2_1_36_axic_fifo_0/image_block_axi_mem_intercon_imp_auto_pc_0_axi_data_fifo_v2_1_36_fifo_gen/<hidden>/<hidden>/<hidden>/<hidden>/<hidden>/<hidden>
                            (removal check against rising-edge clock clk_fpga_0  {rise@0.000ns fall@5.000ns period=10.000ns})
  Path Group:             **async_default**
  Path Type:              Removal (Min at Fast Process Corner)
  Requirement:            0.000ns  (clk_fpga_0 rise@0.000ns - clk_fpga_0 rise@0.000ns)
  Data Path Delay:        0.497ns  (logic 0.227ns (45.718%)  route 0.270ns (54.282%))
  Logic Levels:           1  (LUT3=1)
  Clock Path Skew:        0.260ns (DCD - SCD - CPR)
    Destination Clock Delay (DCD):    1.185ns
    Source Clock Delay      (SCD):    0.890ns
    Clock Pessimism Removal (CPR):    0.035ns

    Location             Delay type                Incr(ns)  Path(ns)    Netlist Resource(s)
  -------------------------------------------------------------------    -------------------
                         (clock clk_fpga_0 rise edge)
                                                      0.000     0.000 r  
    PS7_X0Y0             PS7                          0.000     0.000 r  image_block_i/processing_system7_0/inst/PS7_i/FCLKCLK[0]
                         net (fo=1, routed)           0.310     0.310    image_block_i/processing_system7_0/inst/FCLK_CLK_unbuffered[0]
    BUFGCTRL_X0Y16       BUFG (Prop_bufg_I_O)         0.026     0.336 r  image_block_i/processing_system7_0/inst/buffer_fclk_clk_0.FCLK_CLK_0_BUFG/O
                         net (fo=5609, routed)        0.554     0.890    image_block_wrapper/image_block/image_block_axi_mem_intercon_0/s00_couplers_imp_VHS1OY/image_block_axi_mem_intercon_imp_auto_pc_0/image_block_axi_mem_intercon_imp_auto_pc_0_axi_protocol_converter_v2_1_37_axi_protocol_converter/image_block_axi_mem_intercon_imp_auto_pc_0_axi_protocol_converter_v2_1_37_axi3_conv/image_block_axi_mem_intercon_imp_auto_pc_0_axi_protocol_converter_v2_1_37_a_axi3_conv/image_block_axi_mem_intercon_imp_auto_pc_0_axi_data_fifo_v2_1_36_axic_fifo_0/image_block_axi_mem_intercon_imp_auto_pc_0_axi_data_fifo_v2_1_36_fifo_gen/<hidden>/<hidden>/<hidden>/<hidden>/<hidden>/<hidden>
    SLICE_X48Y57         FDPE                                         r  image_block_wrapper/image_block/image_block_axi_mem_intercon_0/s00_couplers_imp_VHS1OY/image_block_axi_mem_intercon_imp_auto_pc_0/image_block_axi_mem_intercon_imp_auto_pc_0_axi_protocol_converter_v2_1_37_axi_protocol_converter/image_block_axi_mem_intercon_imp_auto_pc_0_axi_protocol_converter_v2_1_37_axi3_conv/image_block_axi_mem_intercon_imp_auto_pc_0_axi_protocol_converter_v2_1_37_a_axi3_conv/image_block_axi_mem_intercon_imp_auto_pc_0_axi_data_fifo_v2_1_36_axic_fifo_0/image_block_axi_mem_intercon_imp_auto_pc_0_axi_data_fifo_v2_1_36_fifo_gen/<hidden>/<hidden>/<hidden>/<hidden>/<hidden>/<hidden>
  -------------------------------------------------------------------    -------------------
    SLICE_X48Y57         FDPE (Prop_fdpe_C_Q)         0.128     1.018 f  image_block_wrapper/image_block/image_block_axi_mem_intercon_0/s00_couplers_imp_VHS1OY/image_block_axi_mem_intercon_imp_auto_pc_0/image_block_axi_mem_intercon_imp_auto_pc_0_axi_protocol_converter_v2_1_37_axi_protocol_converter/image_block_axi_mem_intercon_imp_auto_pc_0_axi_protocol_converter_v2_1_37_axi3_conv/image_block_axi_mem_intercon_imp_auto_pc_0_axi_protocol_converter_v2_1_37_a_axi3_conv/image_block_axi_mem_intercon_imp_auto_pc_0_axi_data_fifo_v2_1_36_axic_fifo_0/image_block_axi_mem_intercon_imp_auto_pc_0_axi_data_fifo_v2_1_36_fifo_gen/<hidden>/<hidden>/<hidden>/<hidden>/<hidden>/<hidden>
                         net (fo=3, routed)           0.136     1.153    image_block_wrapper/image_block/image_block_axi_mem_intercon_0/s00_couplers_imp_VHS1OY/image_block_axi_mem_intercon_imp_auto_pc_0/image_block_axi_mem_intercon_imp_auto_pc_0_axi_protocol_converter_v2_1_37_axi_protocol_converter/image_block_axi_mem_intercon_imp_auto_pc_0_axi_protocol_converter_v2_1_37_axi3_conv/image_block_axi_mem_intercon_imp_auto_pc_0_axi_protocol_converter_v2_1_37_a_axi3_conv/image_block_axi_mem_intercon_imp_auto_pc_0_axi_data_fifo_v2_1_36_axic_fifo_0/image_block_axi_mem_intercon_imp_auto_pc_0_axi_data_fifo_v2_1_36_fifo_gen/<hidden>/<hidden>/<hidden>/<hidden>/<hidden>
    SLICE_X50Y57         LUT3 (Prop_lut3_I2_O)        0.099     1.252 f  image_block_wrapper/image_block/image_block_axi_mem_intercon_0/s00_couplers_imp_VHS1OY/image_block_axi_mem_intercon_imp_auto_pc_0/image_block_axi_mem_intercon_imp_auto_pc_0_axi_protocol_converter_v2_1_37_axi_protocol_converter/image_block_axi_mem_intercon_imp_auto_pc_0_axi_protocol_converter_v2_1_37_axi3_conv/image_block_axi_mem_intercon_imp_auto_pc_0_axi_protocol_converter_v2_1_37_a_axi3_conv/image_block_axi_mem_intercon_imp_auto_pc_0_axi_data_fifo_v2_1_36_axic_fifo_0/image_block_axi_mem_intercon_imp_auto_pc_0_axi_data_fifo_v2_1_36_fifo_gen/<hidden>/<hidden>/<hidden>/<hidden>/<hidden>
                         net (fo=32, routed)          0.134     1.386    image_block_wrapper/image_block/image_block_axi_mem_intercon_0/s00_couplers_imp_VHS1OY/image_block_axi_mem_intercon_imp_auto_pc_0/image_block_axi_mem_intercon_imp_auto_pc_0_axi_protocol_converter_v2_1_37_axi_protocol_converter/image_block_axi_mem_intercon_imp_auto_pc_0_axi_protocol_converter_v2_1_37_axi3_conv/image_block_axi_mem_intercon_imp_auto_pc_0_axi_protocol_converter_v2_1_37_a_axi3_conv/image_block_axi_mem_intercon_imp_auto_pc_0_axi_data_fifo_v2_1_36_axic_fifo_0/image_block_axi_mem_intercon_imp_auto_pc_0_axi_data_fifo_v2_1_36_fifo_gen/<hidden>/<hidden>/<hidden>/<hidden>/<hidden>/<hidden>
    SLICE_X52Y57         FDPE                                         f  image_block_wrapper/image_block/image_block_axi_mem_intercon_0/s00_couplers_imp_VHS1OY/image_block_axi_mem_intercon_imp_auto_pc_0/image_block_axi_mem_intercon_imp_auto_pc_0_axi_protocol_converter_v2_1_37_axi_protocol_converter/image_block_axi_mem_intercon_imp_auto_pc_0_axi_protocol_converter_v2_1_37_axi3_conv/image_block_axi_mem_intercon_imp_auto_pc_0_axi_protocol_converter_v2_1_37_a_axi3_conv/image_block_axi_mem_intercon_imp_auto_pc_0_axi_data_fifo_v2_1_36_axic_fifo_0/image_block_axi_mem_intercon_imp_auto_pc_0_axi_data_fifo_v2_1_36_fifo_gen/<hidden>/<hidden>/<hidden>/<hidden>/<hidden>/<hidden>
  -------------------------------------------------------------------    -------------------

                         (clock clk_fpga_0 rise edge)
                                                      0.000     0.000 r  
    PS7_X0Y0             PS7                          0.000     0.000 r  image_block_i/processing_system7_0/inst/PS7_i/FCLKCLK[0]
                         net (fo=1, routed)           0.337     0.337    image_block_i/processing_system7_0/inst/FCLK_CLK_unbuffered[0]
    BUFGCTRL_X0Y16       BUFG (Prop_bufg_I_O)         0.029     0.366 r  image_block_i/processing_system7_0/inst/buffer_fclk_clk_0.FCLK_CLK_0_BUFG/O
                         net (fo=5609, routed)        0.819     1.185    image_block_wrapper/image_block/image_block_axi_mem_intercon_0/s00_couplers_imp_VHS1OY/image_block_axi_mem_intercon_imp_auto_pc_0/image_block_axi_mem_intercon_imp_auto_pc_0_axi_protocol_converter_v2_1_37_axi_protocol_converter/image_block_axi_mem_intercon_imp_auto_pc_0_axi_protocol_converter_v2_1_37_axi3_conv/image_block_axi_mem_intercon_imp_auto_pc_0_axi_protocol_converter_v2_1_37_a_axi3_conv/image_block_axi_mem_intercon_imp_auto_pc_0_axi_data_fifo_v2_1_36_axic_fifo_0/image_block_axi_mem_intercon_imp_auto_pc_0_axi_data_fifo_v2_1_36_fifo_gen/<hidden>/<hidden>/<hidden>/<hidden>/<hidden>/<hidden>
    SLICE_X52Y57         FDPE                                         r  image_block_wrapper/image_block/image_block_axi_mem_intercon_0/s00_couplers_imp_VHS1OY/image_block_axi_mem_intercon_imp_auto_pc_0/image_block_axi_mem_intercon_imp_auto_pc_0_axi_protocol_converter_v2_1_37_axi_protocol_converter/image_block_axi_mem_intercon_imp_auto_pc_0_axi_protocol_converter_v2_1_37_axi3_conv/image_block_axi_mem_intercon_imp_auto_pc_0_axi_protocol_converter_v2_1_37_a_axi3_conv/image_block_axi_mem_intercon_imp_auto_pc_0_axi_data_fifo_v2_1_36_axic_fifo_0/image_block_axi_mem_intercon_imp_auto_pc_0_axi_data_fifo_v2_1_36_fifo_gen/<hidden>/<hidden>/<hidden>/<hidden>/<hidden>/<hidden>
                         clock pessimism             -0.035     1.150    
    SLICE_X52Y57         FDPE (Remov_fdpe_C_PRE)     -0.095     1.055    image_block_wrapper/image_block/image_block_axi_mem_intercon_0/s00_couplers_imp_VHS1OY/image_block_axi_mem_intercon_imp_auto_pc_0/image_block_axi_mem_intercon_imp_auto_pc_0_axi_protocol_converter_v2_1_37_axi_protocol_converter/image_block_axi_mem_intercon_imp_auto_pc_0_axi_protocol_converter_v2_1_37_axi3_conv/image_block_axi_mem_intercon_imp_auto_pc_0_axi_protocol_converter_v2_1_37_a_axi3_conv/image_block_axi_mem_intercon_imp_auto_pc_0_axi_data_fifo_v2_1_36_axic_fifo_0/image_block_axi_mem_intercon_imp_auto_pc_0_axi_data_fifo_v2_1_36_fifo_gen/<hidden>/<hidden>/<hidden>/<hidden>/<hidden>/<hidden>
  -------------------------------------------------------------------
                         required time                         -1.055    
                         arrival time                           1.386    
  -------------------------------------------------------------------
                         slack                                  0.331    

Slack (MET) :             0.394ns  (arrival time - required time)
  Source:                 image_block_wrapper/image_block/image_block_axi_mem_intercon_0/s00_couplers_imp_VHS1OY/image_block_axi_mem_intercon_imp_auto_pc_0/image_block_axi_mem_intercon_imp_auto_pc_0_axi_protocol_converter_v2_1_37_axi_protocol_converter/image_block_axi_mem_intercon_imp_auto_pc_0_axi_protocol_converter_v2_1_37_axi3_conv/image_block_axi_mem_intercon_imp_auto_pc_0_axi_protocol_converter_v2_1_37_a_axi3_conv/image_block_axi_mem_intercon_imp_auto_pc_0_axi_data_fifo_v2_1_36_axic_fifo_0/image_block_axi_mem_intercon_imp_auto_pc_0_axi_data_fifo_v2_1_36_fifo_gen/<hidden>/<hidden>/<hidden>/<hidden>/<hidden>/<hidden>
                            (rising edge-triggered cell FDPE clocked by clk_fpga_0  {rise@0.000ns fall@5.000ns period=10.000ns})
  Destination:            image_block_wrapper/image_block/image_block_axi_mem_intercon_0/s00_couplers_imp_VHS1OY/image_block_axi_mem_intercon_imp_auto_pc_0/image_block_axi_mem_intercon_imp_auto_pc_0_axi_protocol_converter_v2_1_37_axi_protocol_converter/image_block_axi_mem_intercon_imp_auto_pc_0_axi_protocol_converter_v2_1_37_axi3_conv/image_block_axi_mem_intercon_imp_auto_pc_0_axi_protocol_converter_v2_1_37_a_axi3_conv/image_block_axi_mem_intercon_imp_auto_pc_0_axi_data_fifo_v2_1_36_axic_fifo_0/image_block_axi_mem_intercon_imp_auto_pc_0_axi_data_fifo_v2_1_36_fifo_gen/<hidden>/<hidden>/<hidden>/<hidden>/<hidden>/<hidden>
                            (removal check against rising-edge clock clk_fpga_0  {rise@0.000ns fall@5.000ns period=10.000ns})
  Path Group:             **async_default**
  Path Type:              Removal (Min at Fast Process Corner)
  Requirement:            0.000ns  (clk_fpga_0 rise@0.000ns - clk_fpga_0 rise@0.000ns)
  Data Path Delay:        0.563ns  (logic 0.227ns (40.296%)  route 0.336ns (59.704%))
  Logic Levels:           1  (LUT3=1)
  Clock Path Skew:        0.261ns (DCD - SCD - CPR)
    Destination Clock Delay (DCD):    1.186ns
    Source Clock Delay      (SCD):    0.890ns
    Clock Pessimism Removal (CPR):    0.035ns

    Location             Delay type                Incr(ns)  Path(ns)    Netlist Resource(s)
  -------------------------------------------------------------------    -------------------
                         (clock clk_fpga_0 rise edge)
                                                      0.000     0.000 r  
    PS7_X0Y0             PS7                          0.000     0.000 r  image_block_i/processing_system7_0/inst/PS7_i/FCLKCLK[0]
                         net (fo=1, routed)           0.310     0.310    image_block_i/processing_system7_0/inst/FCLK_CLK_unbuffered[0]
    BUFGCTRL_X0Y16       BUFG (Prop_bufg_I_O)         0.026     0.336 r  image_block_i/processing_system7_0/inst/buffer_fclk_clk_0.FCLK_CLK_0_BUFG/O
                         net (fo=5609, routed)        0.554     0.890    image_block_wrapper/image_block/image_block_axi_mem_intercon_0/s00_couplers_imp_VHS1OY/image_block_axi_mem_intercon_imp_auto_pc_0/image_block_axi_mem_intercon_imp_auto_pc_0_axi_protocol_converter_v2_1_37_axi_protocol_converter/image_block_axi_mem_intercon_imp_auto_pc_0_axi_protocol_converter_v2_1_37_axi3_conv/image_block_axi_mem_intercon_imp_auto_pc_0_axi_protocol_converter_v2_1_37_a_axi3_conv/image_block_axi_mem_intercon_imp_auto_pc_0_axi_data_fifo_v2_1_36_axic_fifo_0/image_block_axi_mem_intercon_imp_auto_pc_0_axi_data_fifo_v2_1_36_fifo_gen/<hidden>/<hidden>/<hidden>/<hidden>/<hidden>/<hidden>
    SLICE_X48Y57         FDPE                                         r  image_block_wrapper/image_block/image_block_axi_mem_intercon_0/s00_couplers_imp_VHS1OY/image_block_axi_mem_intercon_imp_auto_pc_0/image_block_axi_mem_intercon_imp_auto_pc_0_axi_protocol_converter_v2_1_37_axi_protocol_converter/image_block_axi_mem_intercon_imp_auto_pc_0_axi_protocol_converter_v2_1_37_axi3_conv/image_block_axi_mem_intercon_imp_auto_pc_0_axi_protocol_converter_v2_1_37_a_axi3_conv/image_block_axi_mem_intercon_imp_auto_pc_0_axi_data_fifo_v2_1_36_axic_fifo_0/image_block_axi_mem_intercon_imp_auto_pc_0_axi_data_fifo_v2_1_36_fifo_gen/<hidden>/<hidden>/<hidden>/<hidden>/<hidden>/<hidden>
  -------------------------------------------------------------------    -------------------
    SLICE_X48Y57         FDPE (Prop_fdpe_C_Q)         0.128     1.018 f  image_block_wrapper/image_block/image_block_axi_mem_intercon_0/s00_couplers_imp_VHS1OY/image_block_axi_mem_intercon_imp_auto_pc_0/image_block_axi_mem_intercon_imp_auto_pc_0_axi_protocol_converter_v2_1_37_axi_protocol_converter/image_block_axi_mem_intercon_imp_auto_pc_0_axi_protocol_converter_v2_1_37_axi3_conv/image_block_axi_mem_intercon_imp_auto_pc_0_axi_protocol_converter_v2_1_37_a_axi3_conv/image_block_axi_mem_intercon_imp_auto_pc_0_axi_data_fifo_v2_1_36_axic_fifo_0/image_block_axi_mem_intercon_imp_auto_pc_0_axi_data_fifo_v2_1_36_fifo_gen/<hidden>/<hidden>/<hidden>/<hidden>/<hidden>/<hidden>
                         net (fo=3, routed)           0.136     1.153    image_block_wrapper/image_block/image_block_axi_mem_intercon_0/s00_couplers_imp_VHS1OY/image_block_axi_mem_intercon_imp_auto_pc_0/image_block_axi_mem_intercon_imp_auto_pc_0_axi_protocol_converter_v2_1_37_axi_protocol_converter/image_block_axi_mem_intercon_imp_auto_pc_0_axi_protocol_converter_v2_1_37_axi3_conv/image_block_axi_mem_intercon_imp_auto_pc_0_axi_protocol_converter_v2_1_37_a_axi3_conv/image_block_axi_mem_intercon_imp_auto_pc_0_axi_data_fifo_v2_1_36_axic_fifo_0/image_block_axi_mem_intercon_imp_auto_pc_0_axi_data_fifo_v2_1_36_fifo_gen/<hidden>/<hidden>/<hidden>/<hidden>/<hidden>
    SLICE_X50Y57         LUT3 (Prop_lut3_I2_O)        0.099     1.252 f  image_block_wrapper/image_block/image_block_axi_mem_intercon_0/s00_couplers_imp_VHS1OY/image_block_axi_mem_intercon_imp_auto_pc_0/image_block_axi_mem_intercon_imp_auto_pc_0_axi_protocol_converter_v2_1_37_axi_protocol_converter/image_block_axi_mem_intercon_imp_auto_pc_0_axi_protocol_converter_v2_1_37_axi3_conv/image_block_axi_mem_intercon_imp_auto_pc_0_axi_protocol_converter_v2_1_37_a_axi3_conv/image_block_axi_mem_intercon_imp_auto_pc_0_axi_data_fifo_v2_1_36_axic_fifo_0/image_block_axi_mem_intercon_imp_auto_pc_0_axi_data_fifo_v2_1_36_fifo_gen/<hidden>/<hidden>/<hidden>/<hidden>/<hidden>
                         net (fo=32, routed)          0.201     1.453    image_block_wrapper/image_block/image_block_axi_mem_intercon_0/s00_couplers_imp_VHS1OY/image_block_axi_mem_intercon_imp_auto_pc_0/image_block_axi_mem_intercon_imp_auto_pc_0_axi_protocol_converter_v2_1_37_axi_protocol_converter/image_block_axi_mem_intercon_imp_auto_pc_0_axi_protocol_converter_v2_1_37_axi3_conv/image_block_axi_mem_intercon_imp_auto_pc_0_axi_protocol_converter_v2_1_37_a_axi3_conv/image_block_axi_mem_intercon_imp_auto_pc_0_axi_data_fifo_v2_1_36_axic_fifo_0/image_block_axi_mem_intercon_imp_auto_pc_0_axi_data_fifo_v2_1_36_fifo_gen/<hidden>/<hidden>/<hidden>/<hidden>/<hidden>/<hidden>
    SLICE_X53Y56         FDCE                                         f  image_block_wrapper/image_block/image_block_axi_mem_intercon_0/s00_couplers_imp_VHS1OY/image_block_axi_mem_intercon_imp_auto_pc_0/image_block_axi_mem_intercon_imp_auto_pc_0_axi_protocol_converter_v2_1_37_axi_protocol_converter/image_block_axi_mem_intercon_imp_auto_pc_0_axi_protocol_converter_v2_1_37_axi3_conv/image_block_axi_mem_intercon_imp_auto_pc_0_axi_protocol_converter_v2_1_37_a_axi3_conv/image_block_axi_mem_intercon_imp_auto_pc_0_axi_data_fifo_v2_1_36_axic_fifo_0/image_block_axi_mem_intercon_imp_auto_pc_0_axi_data_fifo_v2_1_36_fifo_gen/<hidden>/<hidden>/<hidden>/<hidden>/<hidden>/<hidden>
  -------------------------------------------------------------------    -------------------

                         (clock clk_fpga_0 rise edge)
                                                      0.000     0.000 r  
    PS7_X0Y0             PS7                          0.000     0.000 r  image_block_i/processing_system7_0/inst/PS7_i/FCLKCLK[0]
                         net (fo=1, routed)           0.337     0.337    image_block_i/processing_system7_0/inst/FCLK_CLK_unbuffered[0]
    BUFGCTRL_X0Y16       BUFG (Prop_bufg_I_O)         0.029     0.366 r  image_block_i/processing_system7_0/inst/buffer_fclk_clk_0.FCLK_CLK_0_BUFG/O
                         net (fo=5609, routed)        0.820     1.186    image_block_wrapper/image_block/image_block_axi_mem_intercon_0/s00_couplers_imp_VHS1OY/image_block_axi_mem_intercon_imp_auto_pc_0/image_block_axi_mem_intercon_imp_auto_pc_0_axi_protocol_converter_v2_1_37_axi_protocol_converter/image_block_axi_mem_intercon_imp_auto_pc_0_axi_protocol_converter_v2_1_37_axi3_conv/image_block_axi_mem_intercon_imp_auto_pc_0_axi_protocol_converter_v2_1_37_a_axi3_conv/image_block_axi_mem_intercon_imp_auto_pc_0_axi_data_fifo_v2_1_36_axic_fifo_0/image_block_axi_mem_intercon_imp_auto_pc_0_axi_data_fifo_v2_1_36_fifo_gen/<hidden>/<hidden>/<hidden>/<hidden>/<hidden>/<hidden>
    SLICE_X53Y56         FDCE                                         r  image_block_wrapper/image_block/image_block_axi_mem_intercon_0/s00_couplers_imp_VHS1OY/image_block_axi_mem_intercon_imp_auto_pc_0/image_block_axi_mem_intercon_imp_auto_pc_0_axi_protocol_converter_v2_1_37_axi_protocol_converter/image_block_axi_mem_intercon_imp_auto_pc_0_axi_protocol_converter_v2_1_37_axi3_conv/image_block_axi_mem_intercon_imp_auto_pc_0_axi_protocol_converter_v2_1_37_a_axi3_conv/image_block_axi_mem_intercon_imp_auto_pc_0_axi_data_fifo_v2_1_36_axic_fifo_0/image_block_axi_mem_intercon_imp_auto_pc_0_axi_data_fifo_v2_1_36_fifo_gen/<hidden>/<hidden>/<hidden>/<hidden>/<hidden>/<hidden>
                         clock pessimism             -0.035     1.151    
    SLICE_X53Y56         FDCE (Remov_fdce_C_CLR)     -0.092     1.059    image_block_wrapper/image_block/image_block_axi_mem_intercon_0/s00_couplers_imp_VHS1OY/image_block_axi_mem_intercon_imp_auto_pc_0/image_block_axi_mem_intercon_imp_auto_pc_0_axi_protocol_converter_v2_1_37_axi_protocol_converter/image_block_axi_mem_intercon_imp_auto_pc_0_axi_protocol_converter_v2_1_37_axi3_conv/image_block_axi_mem_intercon_imp_auto_pc_0_axi_protocol_converter_v2_1_37_a_axi3_conv/image_block_axi_mem_intercon_imp_auto_pc_0_axi_data_fifo_v2_1_36_axic_fifo_0/image_block_axi_mem_intercon_imp_auto_pc_0_axi_data_fifo_v2_1_36_fifo_gen/<hidden>/<hidden>/<hidden>/<hidden>/<hidden>/<hidden>
  -------------------------------------------------------------------
                         required time                         -1.059    
                         arrival time                           1.453    
  -------------------------------------------------------------------
                         slack                                  0.394    

Slack (MET) :             0.394ns  (arrival time - required time)
  Source:                 image_block_wrapper/image_block/image_block_axi_mem_intercon_0/s00_couplers_imp_VHS1OY/image_block_axi_mem_intercon_imp_auto_pc_0/image_block_axi_mem_intercon_imp_auto_pc_0_axi_protocol_converter_v2_1_37_axi_protocol_converter/image_block_axi_mem_intercon_imp_auto_pc_0_axi_protocol_converter_v2_1_37_axi3_conv/image_block_axi_mem_intercon_imp_auto_pc_0_axi_protocol_converter_v2_1_37_a_axi3_conv/image_block_axi_mem_intercon_imp_auto_pc_0_axi_data_fifo_v2_1_36_axic_fifo_0/image_block_axi_mem_intercon_imp_auto_pc_0_axi_data_fifo_v2_1_36_fifo_gen/<hidden>/<hidden>/<hidden>/<hidden>/<hidden>/<hidden>
                            (rising edge-triggered cell FDPE clocked by clk_fpga_0  {rise@0.000ns fall@5.000ns period=10.000ns})
  Destination:            image_block_wrapper/image_block/image_block_axi_mem_intercon_0/s00_couplers_imp_VHS1OY/image_block_axi_mem_intercon_imp_auto_pc_0/image_block_axi_mem_intercon_imp_auto_pc_0_axi_protocol_converter_v2_1_37_axi_protocol_converter/image_block_axi_mem_intercon_imp_auto_pc_0_axi_protocol_converter_v2_1_37_axi3_conv/image_block_axi_mem_intercon_imp_auto_pc_0_axi_protocol_converter_v2_1_37_a_axi3_conv/image_block_axi_mem_intercon_imp_auto_pc_0_axi_data_fifo_v2_1_36_axic_fifo_0/image_block_axi_mem_intercon_imp_auto_pc_0_axi_data_fifo_v2_1_36_fifo_gen/<hidden>/<hidden>/<hidden>/<hidden>/<hidden>/<hidden>
                            (removal check against rising-edge clock clk_fpga_0  {rise@0.000ns fall@5.000ns period=10.000ns})
  Path Group:             **async_default**
  Path Type:              Removal (Min at Fast Process Corner)
  Requirement:            0.000ns  (clk_fpga_0 rise@0.000ns - clk_fpga_0 rise@0.000ns)
  Data Path Delay:        0.563ns  (logic 0.227ns (40.296%)  route 0.336ns (59.704%))
  Logic Levels:           1  (LUT3=1)
  Clock Path Skew:        0.261ns (DCD - SCD - CPR)
    Destination Clock Delay (DCD):    1.186ns
    Source Clock Delay      (SCD):    0.890ns
    Clock Pessimism Removal (CPR):    0.035ns

    Location             Delay type                Incr(ns)  Path(ns)    Netlist Resource(s)
  -------------------------------------------------------------------    -------------------
                         (clock clk_fpga_0 rise edge)
                                                      0.000     0.000 r  
    PS7_X0Y0             PS7                          0.000     0.000 r  image_block_i/processing_system7_0/inst/PS7_i/FCLKCLK[0]
                         net (fo=1, routed)           0.310     0.310    image_block_i/processing_system7_0/inst/FCLK_CLK_unbuffered[0]
    BUFGCTRL_X0Y16       BUFG (Prop_bufg_I_O)         0.026     0.336 r  image_block_i/processing_system7_0/inst/buffer_fclk_clk_0.FCLK_CLK_0_BUFG/O
                         net (fo=5609, routed)        0.554     0.890    image_block_wrapper/image_block/image_block_axi_mem_intercon_0/s00_couplers_imp_VHS1OY/image_block_axi_mem_intercon_imp_auto_pc_0/image_block_axi_mem_intercon_imp_auto_pc_0_axi_protocol_converter_v2_1_37_axi_protocol_converter/image_block_axi_mem_intercon_imp_auto_pc_0_axi_protocol_converter_v2_1_37_axi3_conv/image_block_axi_mem_intercon_imp_auto_pc_0_axi_protocol_converter_v2_1_37_a_axi3_conv/image_block_axi_mem_intercon_imp_auto_pc_0_axi_data_fifo_v2_1_36_axic_fifo_0/image_block_axi_mem_intercon_imp_auto_pc_0_axi_data_fifo_v2_1_36_fifo_gen/<hidden>/<hidden>/<hidden>/<hidden>/<hidden>/<hidden>
    SLICE_X48Y57         FDPE                                         r  image_block_wrapper/image_block/image_block_axi_mem_intercon_0/s00_couplers_imp_VHS1OY/image_block_axi_mem_intercon_imp_auto_pc_0/image_block_axi_mem_intercon_imp_auto_pc_0_axi_protocol_converter_v2_1_37_axi_protocol_converter/image_block_axi_mem_intercon_imp_auto_pc_0_axi_protocol_converter_v2_1_37_axi3_conv/image_block_axi_mem_intercon_imp_auto_pc_0_axi_protocol_converter_v2_1_37_a_axi3_conv/image_block_axi_mem_intercon_imp_auto_pc_0_axi_data_fifo_v2_1_36_axic_fifo_0/image_block_axi_mem_intercon_imp_auto_pc_0_axi_data_fifo_v2_1_36_fifo_gen/<hidden>/<hidden>/<hidden>/<hidden>/<hidden>/<hidden>
  -------------------------------------------------------------------    -------------------
    SLICE_X48Y57         FDPE (Prop_fdpe_C_Q)         0.128     1.018 f  image_block_wrapper/image_block/image_block_axi_mem_intercon_0/s00_couplers_imp_VHS1OY/image_block_axi_mem_intercon_imp_auto_pc_0/image_block_axi_mem_intercon_imp_auto_pc_0_axi_protocol_converter_v2_1_37_axi_protocol_converter/image_block_axi_mem_intercon_imp_auto_pc_0_axi_protocol_converter_v2_1_37_axi3_conv/image_block_axi_mem_intercon_imp_auto_pc_0_axi_protocol_converter_v2_1_37_a_axi3_conv/image_block_axi_mem_intercon_imp_auto_pc_0_axi_data_fifo_v2_1_36_axic_fifo_0/image_block_axi_mem_intercon_imp_auto_pc_0_axi_data_fifo_v2_1_36_fifo_gen/<hidden>/<hidden>/<hidden>/<hidden>/<hidden>/<hidden>
                         net (fo=3, routed)           0.136     1.153    image_block_wrapper/image_block/image_block_axi_mem_intercon_0/s00_couplers_imp_VHS1OY/image_block_axi_mem_intercon_imp_auto_pc_0/image_block_axi_mem_intercon_imp_auto_pc_0_axi_protocol_converter_v2_1_37_axi_protocol_converter/image_block_axi_mem_intercon_imp_auto_pc_0_axi_protocol_converter_v2_1_37_axi3_conv/image_block_axi_mem_intercon_imp_auto_pc_0_axi_protocol_converter_v2_1_37_a_axi3_conv/image_block_axi_mem_intercon_imp_auto_pc_0_axi_data_fifo_v2_1_36_axic_fifo_0/image_block_axi_mem_intercon_imp_auto_pc_0_axi_data_fifo_v2_1_36_fifo_gen/<hidden>/<hidden>/<hidden>/<hidden>/<hidden>
    SLICE_X50Y57         LUT3 (Prop_lut3_I2_O)        0.099     1.252 f  image_block_wrapper/image_block/image_block_axi_mem_intercon_0/s00_couplers_imp_VHS1OY/image_block_axi_mem_intercon_imp_auto_pc_0/image_block_axi_mem_intercon_imp_auto_pc_0_axi_protocol_converter_v2_1_37_axi_protocol_converter/image_block_axi_mem_intercon_imp_auto_pc_0_axi_protocol_converter_v2_1_37_axi3_conv/image_block_axi_mem_intercon_imp_auto_pc_0_axi_protocol_converter_v2_1_37_a_axi3_conv/image_block_axi_mem_intercon_imp_auto_pc_0_axi_data_fifo_v2_1_36_axic_fifo_0/image_block_axi_mem_intercon_imp_auto_pc_0_axi_data_fifo_v2_1_36_fifo_gen/<hidden>/<hidden>/<hidden>/<hidden>/<hidden>
                         net (fo=32, routed)          0.201     1.453    image_block_wrapper/image_block/image_block_axi_mem_intercon_0/s00_couplers_imp_VHS1OY/image_block_axi_mem_intercon_imp_auto_pc_0/image_block_axi_mem_intercon_imp_auto_pc_0_axi_protocol_converter_v2_1_37_axi_protocol_converter/image_block_axi_mem_intercon_imp_auto_pc_0_axi_protocol_converter_v2_1_37_axi3_conv/image_block_axi_mem_intercon_imp_auto_pc_0_axi_protocol_converter_v2_1_37_a_axi3_conv/image_block_axi_mem_intercon_imp_auto_pc_0_axi_data_fifo_v2_1_36_axic_fifo_0/image_block_axi_mem_intercon_imp_auto_pc_0_axi_data_fifo_v2_1_36_fifo_gen/<hidden>/<hidden>/<hidden>/<hidden>/<hidden>/<hidden>
    SLICE_X53Y56         FDCE                                         f  image_block_wrapper/image_block/image_block_axi_mem_intercon_0/s00_couplers_imp_VHS1OY/image_block_axi_mem_intercon_imp_auto_pc_0/image_block_axi_mem_intercon_imp_auto_pc_0_axi_protocol_converter_v2_1_37_axi_protocol_converter/image_block_axi_mem_intercon_imp_auto_pc_0_axi_protocol_converter_v2_1_37_axi3_conv/image_block_axi_mem_intercon_imp_auto_pc_0_axi_protocol_converter_v2_1_37_a_axi3_conv/image_block_axi_mem_intercon_imp_auto_pc_0_axi_data_fifo_v2_1_36_axic_fifo_0/image_block_axi_mem_intercon_imp_auto_pc_0_axi_data_fifo_v2_1_36_fifo_gen/<hidden>/<hidden>/<hidden>/<hidden>/<hidden>/<hidden>
  -------------------------------------------------------------------    -------------------

                         (clock clk_fpga_0 rise edge)
                                                      0.000     0.000 r  
    PS7_X0Y0             PS7                          0.000     0.000 r  image_block_i/processing_system7_0/inst/PS7_i/FCLKCLK[0]
                         net (fo=1, routed)           0.337     0.337    image_block_i/processing_system7_0/inst/FCLK_CLK_unbuffered[0]
    BUFGCTRL_X0Y16       BUFG (Prop_bufg_I_O)         0.029     0.366 r  image_block_i/processing_system7_0/inst/buffer_fclk_clk_0.FCLK_CLK_0_BUFG/O
                         net (fo=5609, routed)        0.820     1.186    image_block_wrapper/image_block/image_block_axi_mem_intercon_0/s00_couplers_imp_VHS1OY/image_block_axi_mem_intercon_imp_auto_pc_0/image_block_axi_mem_intercon_imp_auto_pc_0_axi_protocol_converter_v2_1_37_axi_protocol_converter/image_block_axi_mem_intercon_imp_auto_pc_0_axi_protocol_converter_v2_1_37_axi3_conv/image_block_axi_mem_intercon_imp_auto_pc_0_axi_protocol_converter_v2_1_37_a_axi3_conv/image_block_axi_mem_intercon_imp_auto_pc_0_axi_data_fifo_v2_1_36_axic_fifo_0/image_block_axi_mem_intercon_imp_auto_pc_0_axi_data_fifo_v2_1_36_fifo_gen/<hidden>/<hidden>/<hidden>/<hidden>/<hidden>/<hidden>
    SLICE_X53Y56         FDCE                                         r  image_block_wrapper/image_block/image_block_axi_mem_intercon_0/s00_couplers_imp_VHS1OY/image_block_axi_mem_intercon_imp_auto_pc_0/image_block_axi_mem_intercon_imp_auto_pc_0_axi_protocol_converter_v2_1_37_axi_protocol_converter/image_block_axi_mem_intercon_imp_auto_pc_0_axi_protocol_converter_v2_1_37_axi3_conv/image_block_axi_mem_intercon_imp_auto_pc_0_axi_protocol_converter_v2_1_37_a_axi3_conv/image_block_axi_mem_intercon_imp_auto_pc_0_axi_data_fifo_v2_1_36_axic_fifo_0/image_block_axi_mem_intercon_imp_auto_pc_0_axi_data_fifo_v2_1_36_fifo_gen/<hidden>/<hidden>/<hidden>/<hidden>/<hidden>/<hidden>
                         clock pessimism             -0.035     1.151    
    SLICE_X53Y56         FDCE (Remov_fdce_C_CLR)     -0.092     1.059    image_block_wrapper/image_block/image_block_axi_mem_intercon_0/s00_couplers_imp_VHS1OY/image_block_axi_mem_intercon_imp_auto_pc_0/image_block_axi_mem_intercon_imp_auto_pc_0_axi_protocol_converter_v2_1_37_axi_protocol_converter/image_block_axi_mem_intercon_imp_auto_pc_0_axi_protocol_converter_v2_1_37_axi3_conv/image_block_axi_mem_intercon_imp_auto_pc_0_axi_protocol_converter_v2_1_37_a_axi3_conv/image_block_axi_mem_intercon_imp_auto_pc_0_axi_data_fifo_v2_1_36_axic_fifo_0/image_block_axi_mem_intercon_imp_auto_pc_0_axi_data_fifo_v2_1_36_fifo_gen/<hidden>/<hidden>/<hidden>/<hidden>/<hidden>/<hidden>
  -------------------------------------------------------------------
                         required time                         -1.059    
                         arrival time                           1.453    
  -------------------------------------------------------------------
                         slack                                  0.394    

Slack (MET) :             0.394ns  (arrival time - required time)
  Source:                 image_block_wrapper/image_block/image_block_axi_mem_intercon_0/s00_couplers_imp_VHS1OY/image_block_axi_mem_intercon_imp_auto_pc_0/image_block_axi_mem_intercon_imp_auto_pc_0_axi_protocol_converter_v2_1_37_axi_protocol_converter/image_block_axi_mem_intercon_imp_auto_pc_0_axi_protocol_converter_v2_1_37_axi3_conv/image_block_axi_mem_intercon_imp_auto_pc_0_axi_protocol_converter_v2_1_37_a_axi3_conv/image_block_axi_mem_intercon_imp_auto_pc_0_axi_data_fifo_v2_1_36_axic_fifo_0/image_block_axi_mem_intercon_imp_auto_pc_0_axi_data_fifo_v2_1_36_fifo_gen/<hidden>/<hidden>/<hidden>/<hidden>/<hidden>/<hidden>
                            (rising edge-triggered cell FDPE clocked by clk_fpga_0  {rise@0.000ns fall@5.000ns period=10.000ns})
  Destination:            image_block_wrapper/image_block/image_block_axi_mem_intercon_0/s00_couplers_imp_VHS1OY/image_block_axi_mem_intercon_imp_auto_pc_0/image_block_axi_mem_intercon_imp_auto_pc_0_axi_protocol_converter_v2_1_37_axi_protocol_converter/image_block_axi_mem_intercon_imp_auto_pc_0_axi_protocol_converter_v2_1_37_axi3_conv/image_block_axi_mem_intercon_imp_auto_pc_0_axi_protocol_converter_v2_1_37_a_axi3_conv/image_block_axi_mem_intercon_imp_auto_pc_0_axi_data_fifo_v2_1_36_axic_fifo_0/image_block_axi_mem_intercon_imp_auto_pc_0_axi_data_fifo_v2_1_36_fifo_gen/<hidden>/<hidden>/<hidden>/<hidden>/<hidden>/<hidden>
                            (removal check against rising-edge clock clk_fpga_0  {rise@0.000ns fall@5.000ns period=10.000ns})
  Path Group:             **async_default**
  Path Type:              Removal (Min at Fast Process Corner)
  Requirement:            0.000ns  (clk_fpga_0 rise@0.000ns - clk_fpga_0 rise@0.000ns)
  Data Path Delay:        0.563ns  (logic 0.227ns (40.296%)  route 0.336ns (59.704%))
  Logic Levels:           1  (LUT3=1)
  Clock Path Skew:        0.261ns (DCD - SCD - CPR)
    Destination Clock Delay (DCD):    1.186ns
    Source Clock Delay      (SCD):    0.890ns
    Clock Pessimism Removal (CPR):    0.035ns

    Location             Delay type                Incr(ns)  Path(ns)    Netlist Resource(s)
  -------------------------------------------------------------------    -------------------
                         (clock clk_fpga_0 rise edge)
                                                      0.000     0.000 r  
    PS7_X0Y0             PS7                          0.000     0.000 r  image_block_i/processing_system7_0/inst/PS7_i/FCLKCLK[0]
                         net (fo=1, routed)           0.310     0.310    image_block_i/processing_system7_0/inst/FCLK_CLK_unbuffered[0]
    BUFGCTRL_X0Y16       BUFG (Prop_bufg_I_O)         0.026     0.336 r  image_block_i/processing_system7_0/inst/buffer_fclk_clk_0.FCLK_CLK_0_BUFG/O
                         net (fo=5609, routed)        0.554     0.890    image_block_wrapper/image_block/image_block_axi_mem_intercon_0/s00_couplers_imp_VHS1OY/image_block_axi_mem_intercon_imp_auto_pc_0/image_block_axi_mem_intercon_imp_auto_pc_0_axi_protocol_converter_v2_1_37_axi_protocol_converter/image_block_axi_mem_intercon_imp_auto_pc_0_axi_protocol_converter_v2_1_37_axi3_conv/image_block_axi_mem_intercon_imp_auto_pc_0_axi_protocol_converter_v2_1_37_a_axi3_conv/image_block_axi_mem_intercon_imp_auto_pc_0_axi_data_fifo_v2_1_36_axic_fifo_0/image_block_axi_mem_intercon_imp_auto_pc_0_axi_data_fifo_v2_1_36_fifo_gen/<hidden>/<hidden>/<hidden>/<hidden>/<hidden>/<hidden>
    SLICE_X48Y57         FDPE                                         r  image_block_wrapper/image_block/image_block_axi_mem_intercon_0/s00_couplers_imp_VHS1OY/image_block_axi_mem_intercon_imp_auto_pc_0/image_block_axi_mem_intercon_imp_auto_pc_0_axi_protocol_converter_v2_1_37_axi_protocol_converter/image_block_axi_mem_intercon_imp_auto_pc_0_axi_protocol_converter_v2_1_37_axi3_conv/image_block_axi_mem_intercon_imp_auto_pc_0_axi_protocol_converter_v2_1_37_a_axi3_conv/image_block_axi_mem_intercon_imp_auto_pc_0_axi_data_fifo_v2_1_36_axic_fifo_0/image_block_axi_mem_intercon_imp_auto_pc_0_axi_data_fifo_v2_1_36_fifo_gen/<hidden>/<hidden>/<hidden>/<hidden>/<hidden>/<hidden>
  -------------------------------------------------------------------    -------------------
    SLICE_X48Y57         FDPE (Prop_fdpe_C_Q)         0.128     1.018 f  image_block_wrapper/image_block/image_block_axi_mem_intercon_0/s00_couplers_imp_VHS1OY/image_block_axi_mem_intercon_imp_auto_pc_0/image_block_axi_mem_intercon_imp_auto_pc_0_axi_protocol_converter_v2_1_37_axi_protocol_converter/image_block_axi_mem_intercon_imp_auto_pc_0_axi_protocol_converter_v2_1_37_axi3_conv/image_block_axi_mem_intercon_imp_auto_pc_0_axi_protocol_converter_v2_1_37_a_axi3_conv/image_block_axi_mem_intercon_imp_auto_pc_0_axi_data_fifo_v2_1_36_axic_fifo_0/image_block_axi_mem_intercon_imp_auto_pc_0_axi_data_fifo_v2_1_36_fifo_gen/<hidden>/<hidden>/<hidden>/<hidden>/<hidden>/<hidden>
                         net (fo=3, routed)           0.136     1.153    image_block_wrapper/image_block/image_block_axi_mem_intercon_0/s00_couplers_imp_VHS1OY/image_block_axi_mem_intercon_imp_auto_pc_0/image_block_axi_mem_intercon_imp_auto_pc_0_axi_protocol_converter_v2_1_37_axi_protocol_converter/image_block_axi_mem_intercon_imp_auto_pc_0_axi_protocol_converter_v2_1_37_axi3_conv/image_block_axi_mem_intercon_imp_auto_pc_0_axi_protocol_converter_v2_1_37_a_axi3_conv/image_block_axi_mem_intercon_imp_auto_pc_0_axi_data_fifo_v2_1_36_axic_fifo_0/image_block_axi_mem_intercon_imp_auto_pc_0_axi_data_fifo_v2_1_36_fifo_gen/<hidden>/<hidden>/<hidden>/<hidden>/<hidden>
    SLICE_X50Y57         LUT3 (Prop_lut3_I2_O)        0.099     1.252 f  image_block_wrapper/image_block/image_block_axi_mem_intercon_0/s00_couplers_imp_VHS1OY/image_block_axi_mem_intercon_imp_auto_pc_0/image_block_axi_mem_intercon_imp_auto_pc_0_axi_protocol_converter_v2_1_37_axi_protocol_converter/image_block_axi_mem_intercon_imp_auto_pc_0_axi_protocol_converter_v2_1_37_axi3_conv/image_block_axi_mem_intercon_imp_auto_pc_0_axi_protocol_converter_v2_1_37_a_axi3_conv/image_block_axi_mem_intercon_imp_auto_pc_0_axi_data_fifo_v2_1_36_axic_fifo_0/image_block_axi_mem_intercon_imp_auto_pc_0_axi_data_fifo_v2_1_36_fifo_gen/<hidden>/<hidden>/<hidden>/<hidden>/<hidden>
                         net (fo=32, routed)          0.201     1.453    image_block_wrapper/image_block/image_block_axi_mem_intercon_0/s00_couplers_imp_VHS1OY/image_block_axi_mem_intercon_imp_auto_pc_0/image_block_axi_mem_intercon_imp_auto_pc_0_axi_protocol_converter_v2_1_37_axi_protocol_converter/image_block_axi_mem_intercon_imp_auto_pc_0_axi_protocol_converter_v2_1_37_axi3_conv/image_block_axi_mem_intercon_imp_auto_pc_0_axi_protocol_converter_v2_1_37_a_axi3_conv/image_block_axi_mem_intercon_imp_auto_pc_0_axi_data_fifo_v2_1_36_axic_fifo_0/image_block_axi_mem_intercon_imp_auto_pc_0_axi_data_fifo_v2_1_36_fifo_gen/<hidden>/<hidden>/<hidden>/<hidden>/<hidden>/<hidden>
    SLICE_X53Y56         FDCE                                         f  image_block_wrapper/image_block/image_block_axi_mem_intercon_0/s00_couplers_imp_VHS1OY/image_block_axi_mem_intercon_imp_auto_pc_0/image_block_axi_mem_intercon_imp_auto_pc_0_axi_protocol_converter_v2_1_37_axi_protocol_converter/image_block_axi_mem_intercon_imp_auto_pc_0_axi_protocol_converter_v2_1_37_axi3_conv/image_block_axi_mem_intercon_imp_auto_pc_0_axi_protocol_converter_v2_1_37_a_axi3_conv/image_block_axi_mem_intercon_imp_auto_pc_0_axi_data_fifo_v2_1_36_axic_fifo_0/image_block_axi_mem_intercon_imp_auto_pc_0_axi_data_fifo_v2_1_36_fifo_gen/<hidden>/<hidden>/<hidden>/<hidden>/<hidden>/<hidden>
  -------------------------------------------------------------------    -------------------

                         (clock clk_fpga_0 rise edge)
                                                      0.000     0.000 r  
    PS7_X0Y0             PS7                          0.000     0.000 r  image_block_i/processing_system7_0/inst/PS7_i/FCLKCLK[0]
                         net (fo=1, routed)           0.337     0.337    image_block_i/processing_system7_0/inst/FCLK_CLK_unbuffered[0]
    BUFGCTRL_X0Y16       BUFG (Prop_bufg_I_O)         0.029     0.366 r  image_block_i/processing_system7_0/inst/buffer_fclk_clk_0.FCLK_CLK_0_BUFG/O
                         net (fo=5609, routed)        0.820     1.186    image_block_wrapper/image_block/image_block_axi_mem_intercon_0/s00_couplers_imp_VHS1OY/image_block_axi_mem_intercon_imp_auto_pc_0/image_block_axi_mem_intercon_imp_auto_pc_0_axi_protocol_converter_v2_1_37_axi_protocol_converter/image_block_axi_mem_intercon_imp_auto_pc_0_axi_protocol_converter_v2_1_37_axi3_conv/image_block_axi_mem_intercon_imp_auto_pc_0_axi_protocol_converter_v2_1_37_a_axi3_conv/image_block_axi_mem_intercon_imp_auto_pc_0_axi_data_fifo_v2_1_36_axic_fifo_0/image_block_axi_mem_intercon_imp_auto_pc_0_axi_data_fifo_v2_1_36_fifo_gen/<hidden>/<hidden>/<hidden>/<hidden>/<hidden>/<hidden>
    SLICE_X53Y56         FDCE                                         r  image_block_wrapper/image_block/image_block_axi_mem_intercon_0/s00_couplers_imp_VHS1OY/image_block_axi_mem_intercon_imp_auto_pc_0/image_block_axi_mem_intercon_imp_auto_pc_0_axi_protocol_converter_v2_1_37_axi_protocol_converter/image_block_axi_mem_intercon_imp_auto_pc_0_axi_protocol_converter_v2_1_37_axi3_conv/image_block_axi_mem_intercon_imp_auto_pc_0_axi_protocol_converter_v2_1_37_a_axi3_conv/image_block_axi_mem_intercon_imp_auto_pc_0_axi_data_fifo_v2_1_36_axic_fifo_0/image_block_axi_mem_intercon_imp_auto_pc_0_axi_data_fifo_v2_1_36_fifo_gen/<hidden>/<hidden>/<hidden>/<hidden>/<hidden>/<hidden>
                         clock pessimism             -0.035     1.151    
    SLICE_X53Y56         FDCE (Remov_fdce_C_CLR)     -0.092     1.059    image_block_wrapper/image_block/image_block_axi_mem_intercon_0/s00_couplers_imp_VHS1OY/image_block_axi_mem_intercon_imp_auto_pc_0/image_block_axi_mem_intercon_imp_auto_pc_0_axi_protocol_converter_v2_1_37_axi_protocol_converter/image_block_axi_mem_intercon_imp_auto_pc_0_axi_protocol_converter_v2_1_37_axi3_conv/image_block_axi_mem_intercon_imp_auto_pc_0_axi_protocol_converter_v2_1_37_a_axi3_conv/image_block_axi_mem_intercon_imp_auto_pc_0_axi_data_fifo_v2_1_36_axic_fifo_0/image_block_axi_mem_intercon_imp_auto_pc_0_axi_data_fifo_v2_1_36_fifo_gen/<hidden>/<hidden>/<hidden>/<hidden>/<hidden>/<hidden>
  -------------------------------------------------------------------
                         required time                         -1.059    
                         arrival time                           1.453    
  -------------------------------------------------------------------
                         slack                                  0.394    

Slack (MET) :             0.394ns  (arrival time - required time)
  Source:                 image_block_wrapper/image_block/image_block_axi_mem_intercon_0/s00_couplers_imp_VHS1OY/image_block_axi_mem_intercon_imp_auto_pc_0/image_block_axi_mem_intercon_imp_auto_pc_0_axi_protocol_converter_v2_1_37_axi_protocol_converter/image_block_axi_mem_intercon_imp_auto_pc_0_axi_protocol_converter_v2_1_37_axi3_conv/image_block_axi_mem_intercon_imp_auto_pc_0_axi_protocol_converter_v2_1_37_a_axi3_conv/image_block_axi_mem_intercon_imp_auto_pc_0_axi_data_fifo_v2_1_36_axic_fifo_0/image_block_axi_mem_intercon_imp_auto_pc_0_axi_data_fifo_v2_1_36_fifo_gen/<hidden>/<hidden>/<hidden>/<hidden>/<hidden>/<hidden>
                            (rising edge-triggered cell FDPE clocked by clk_fpga_0  {rise@0.000ns fall@5.000ns period=10.000ns})
  Destination:            image_block_wrapper/image_block/image_block_axi_mem_intercon_0/s00_couplers_imp_VHS1OY/image_block_axi_mem_intercon_imp_auto_pc_0/image_block_axi_mem_intercon_imp_auto_pc_0_axi_protocol_converter_v2_1_37_axi_protocol_converter/image_block_axi_mem_intercon_imp_auto_pc_0_axi_protocol_converter_v2_1_37_axi3_conv/image_block_axi_mem_intercon_imp_auto_pc_0_axi_protocol_converter_v2_1_37_a_axi3_conv/image_block_axi_mem_intercon_imp_auto_pc_0_axi_data_fifo_v2_1_36_axic_fifo_0/image_block_axi_mem_intercon_imp_auto_pc_0_axi_data_fifo_v2_1_36_fifo_gen/<hidden>/<hidden>/<hidden>/<hidden>/<hidden>/<hidden>
                            (removal check against rising-edge clock clk_fpga_0  {rise@0.000ns fall@5.000ns period=10.000ns})
  Path Group:             **async_default**
  Path Type:              Removal (Min at Fast Process Corner)
  Requirement:            0.000ns  (clk_fpga_0 rise@0.000ns - clk_fpga_0 rise@0.000ns)
  Data Path Delay:        0.563ns  (logic 0.227ns (40.296%)  route 0.336ns (59.704%))
  Logic Levels:           1  (LUT3=1)
  Clock Path Skew:        0.261ns (DCD - SCD - CPR)
    Destination Clock Delay (DCD):    1.186ns
    Source Clock Delay      (SCD):    0.890ns
    Clock Pessimism Removal (CPR):    0.035ns

    Location             Delay type                Incr(ns)  Path(ns)    Netlist Resource(s)
  -------------------------------------------------------------------    -------------------
                         (clock clk_fpga_0 rise edge)
                                                      0.000     0.000 r  
    PS7_X0Y0             PS7                          0.000     0.000 r  image_block_i/processing_system7_0/inst/PS7_i/FCLKCLK[0]
                         net (fo=1, routed)           0.310     0.310    image_block_i/processing_system7_0/inst/FCLK_CLK_unbuffered[0]
    BUFGCTRL_X0Y16       BUFG (Prop_bufg_I_O)         0.026     0.336 r  image_block_i/processing_system7_0/inst/buffer_fclk_clk_0.FCLK_CLK_0_BUFG/O
                         net (fo=5609, routed)        0.554     0.890    image_block_wrapper/image_block/image_block_axi_mem_intercon_0/s00_couplers_imp_VHS1OY/image_block_axi_mem_intercon_imp_auto_pc_0/image_block_axi_mem_intercon_imp_auto_pc_0_axi_protocol_converter_v2_1_37_axi_protocol_converter/image_block_axi_mem_intercon_imp_auto_pc_0_axi_protocol_converter_v2_1_37_axi3_conv/image_block_axi_mem_intercon_imp_auto_pc_0_axi_protocol_converter_v2_1_37_a_axi3_conv/image_block_axi_mem_intercon_imp_auto_pc_0_axi_data_fifo_v2_1_36_axic_fifo_0/image_block_axi_mem_intercon_imp_auto_pc_0_axi_data_fifo_v2_1_36_fifo_gen/<hidden>/<hidden>/<hidden>/<hidden>/<hidden>/<hidden>
    SLICE_X48Y57         FDPE                                         r  image_block_wrapper/image_block/image_block_axi_mem_intercon_0/s00_couplers_imp_VHS1OY/image_block_axi_mem_intercon_imp_auto_pc_0/image_block_axi_mem_intercon_imp_auto_pc_0_axi_protocol_converter_v2_1_37_axi_protocol_converter/image_block_axi_mem_intercon_imp_auto_pc_0_axi_protocol_converter_v2_1_37_axi3_conv/image_block_axi_mem_intercon_imp_auto_pc_0_axi_protocol_converter_v2_1_37_a_axi3_conv/image_block_axi_mem_intercon_imp_auto_pc_0_axi_data_fifo_v2_1_36_axic_fifo_0/image_block_axi_mem_intercon_imp_auto_pc_0_axi_data_fifo_v2_1_36_fifo_gen/<hidden>/<hidden>/<hidden>/<hidden>/<hidden>/<hidden>
  -------------------------------------------------------------------    -------------------
    SLICE_X48Y57         FDPE (Prop_fdpe_C_Q)         0.128     1.018 f  image_block_wrapper/image_block/image_block_axi_mem_intercon_0/s00_couplers_imp_VHS1OY/image_block_axi_mem_intercon_imp_auto_pc_0/image_block_axi_mem_intercon_imp_auto_pc_0_axi_protocol_converter_v2_1_37_axi_protocol_converter/image_block_axi_mem_intercon_imp_auto_pc_0_axi_protocol_converter_v2_1_37_axi3_conv/image_block_axi_mem_intercon_imp_auto_pc_0_axi_protocol_converter_v2_1_37_a_axi3_conv/image_block_axi_mem_intercon_imp_auto_pc_0_axi_data_fifo_v2_1_36_axic_fifo_0/image_block_axi_mem_intercon_imp_auto_pc_0_axi_data_fifo_v2_1_36_fifo_gen/<hidden>/<hidden>/<hidden>/<hidden>/<hidden>/<hidden>
                         net (fo=3, routed)           0.136     1.153    image_block_wrapper/image_block/image_block_axi_mem_intercon_0/s00_couplers_imp_VHS1OY/image_block_axi_mem_intercon_imp_auto_pc_0/image_block_axi_mem_intercon_imp_auto_pc_0_axi_protocol_converter_v2_1_37_axi_protocol_converter/image_block_axi_mem_intercon_imp_auto_pc_0_axi_protocol_converter_v2_1_37_axi3_conv/image_block_axi_mem_intercon_imp_auto_pc_0_axi_protocol_converter_v2_1_37_a_axi3_conv/image_block_axi_mem_intercon_imp_auto_pc_0_axi_data_fifo_v2_1_36_axic_fifo_0/image_block_axi_mem_intercon_imp_auto_pc_0_axi_data_fifo_v2_1_36_fifo_gen/<hidden>/<hidden>/<hidden>/<hidden>/<hidden>
    SLICE_X50Y57         LUT3 (Prop_lut3_I2_O)        0.099     1.252 f  image_block_wrapper/image_block/image_block_axi_mem_intercon_0/s00_couplers_imp_VHS1OY/image_block_axi_mem_intercon_imp_auto_pc_0/image_block_axi_mem_intercon_imp_auto_pc_0_axi_protocol_converter_v2_1_37_axi_protocol_converter/image_block_axi_mem_intercon_imp_auto_pc_0_axi_protocol_converter_v2_1_37_axi3_conv/image_block_axi_mem_intercon_imp_auto_pc_0_axi_protocol_converter_v2_1_37_a_axi3_conv/image_block_axi_mem_intercon_imp_auto_pc_0_axi_data_fifo_v2_1_36_axic_fifo_0/image_block_axi_mem_intercon_imp_auto_pc_0_axi_data_fifo_v2_1_36_fifo_gen/<hidden>/<hidden>/<hidden>/<hidden>/<hidden>
                         net (fo=32, routed)          0.201     1.453    image_block_wrapper/image_block/image_block_axi_mem_intercon_0/s00_couplers_imp_VHS1OY/image_block_axi_mem_intercon_imp_auto_pc_0/image_block_axi_mem_intercon_imp_auto_pc_0_axi_protocol_converter_v2_1_37_axi_protocol_converter/image_block_axi_mem_intercon_imp_auto_pc_0_axi_protocol_converter_v2_1_37_axi3_conv/image_block_axi_mem_intercon_imp_auto_pc_0_axi_protocol_converter_v2_1_37_a_axi3_conv/image_block_axi_mem_intercon_imp_auto_pc_0_axi_data_fifo_v2_1_36_axic_fifo_0/image_block_axi_mem_intercon_imp_auto_pc_0_axi_data_fifo_v2_1_36_fifo_gen/<hidden>/<hidden>/<hidden>/<hidden>/<hidden>/<hidden>
    SLICE_X53Y56         FDCE                                         f  image_block_wrapper/image_block/image_block_axi_mem_intercon_0/s00_couplers_imp_VHS1OY/image_block_axi_mem_intercon_imp_auto_pc_0/image_block_axi_mem_intercon_imp_auto_pc_0_axi_protocol_converter_v2_1_37_axi_protocol_converter/image_block_axi_mem_intercon_imp_auto_pc_0_axi_protocol_converter_v2_1_37_axi3_conv/image_block_axi_mem_intercon_imp_auto_pc_0_axi_protocol_converter_v2_1_37_a_axi3_conv/image_block_axi_mem_intercon_imp_auto_pc_0_axi_data_fifo_v2_1_36_axic_fifo_0/image_block_axi_mem_intercon_imp_auto_pc_0_axi_data_fifo_v2_1_36_fifo_gen/<hidden>/<hidden>/<hidden>/<hidden>/<hidden>/<hidden>
  -------------------------------------------------------------------    -------------------

                         (clock clk_fpga_0 rise edge)
                                                      0.000     0.000 r  
    PS7_X0Y0             PS7                          0.000     0.000 r  image_block_i/processing_system7_0/inst/PS7_i/FCLKCLK[0]
                         net (fo=1, routed)           0.337     0.337    image_block_i/processing_system7_0/inst/FCLK_CLK_unbuffered[0]
    BUFGCTRL_X0Y16       BUFG (Prop_bufg_I_O)         0.029     0.366 r  image_block_i/processing_system7_0/inst/buffer_fclk_clk_0.FCLK_CLK_0_BUFG/O
                         net (fo=5609, routed)        0.820     1.186    image_block_wrapper/image_block/image_block_axi_mem_intercon_0/s00_couplers_imp_VHS1OY/image_block_axi_mem_intercon_imp_auto_pc_0/image_block_axi_mem_intercon_imp_auto_pc_0_axi_protocol_converter_v2_1_37_axi_protocol_converter/image_block_axi_mem_intercon_imp_auto_pc_0_axi_protocol_converter_v2_1_37_axi3_conv/image_block_axi_mem_intercon_imp_auto_pc_0_axi_protocol_converter_v2_1_37_a_axi3_conv/image_block_axi_mem_intercon_imp_auto_pc_0_axi_data_fifo_v2_1_36_axic_fifo_0/image_block_axi_mem_intercon_imp_auto_pc_0_axi_data_fifo_v2_1_36_fifo_gen/<hidden>/<hidden>/<hidden>/<hidden>/<hidden>/<hidden>
    SLICE_X53Y56         FDCE                                         r  image_block_wrapper/image_block/image_block_axi_mem_intercon_0/s00_couplers_imp_VHS1OY/image_block_axi_mem_intercon_imp_auto_pc_0/image_block_axi_mem_intercon_imp_auto_pc_0_axi_protocol_converter_v2_1_37_axi_protocol_converter/image_block_axi_mem_intercon_imp_auto_pc_0_axi_protocol_converter_v2_1_37_axi3_conv/image_block_axi_mem_intercon_imp_auto_pc_0_axi_protocol_converter_v2_1_37_a_axi3_conv/image_block_axi_mem_intercon_imp_auto_pc_0_axi_data_fifo_v2_1_36_axic_fifo_0/image_block_axi_mem_intercon_imp_auto_pc_0_axi_data_fifo_v2_1_36_fifo_gen/<hidden>/<hidden>/<hidden>/<hidden>/<hidden>/<hidden>
                         clock pessimism             -0.035     1.151    
    SLICE_X53Y56         FDCE (Remov_fdce_C_CLR)     -0.092     1.059    image_block_wrapper/image_block/image_block_axi_mem_intercon_0/s00_couplers_imp_VHS1OY/image_block_axi_mem_intercon_imp_auto_pc_0/image_block_axi_mem_intercon_imp_auto_pc_0_axi_protocol_converter_v2_1_37_axi_protocol_converter/image_block_axi_mem_intercon_imp_auto_pc_0_axi_protocol_converter_v2_1_37_axi3_conv/image_block_axi_mem_intercon_imp_auto_pc_0_axi_protocol_converter_v2_1_37_a_axi3_conv/image_block_axi_mem_intercon_imp_auto_pc_0_axi_data_fifo_v2_1_36_axic_fifo_0/image_block_axi_mem_intercon_imp_auto_pc_0_axi_data_fifo_v2_1_36_fifo_gen/<hidden>/<hidden>/<hidden>/<hidden>/<hidden>/<hidden>
  -------------------------------------------------------------------
                         required time                         -1.059    
                         arrival time                           1.453    
  -------------------------------------------------------------------
                         slack                                  0.394    

Slack (MET) :             0.394ns  (arrival time - required time)
  Source:                 image_block_wrapper/image_block/image_block_axi_mem_intercon_0/s00_couplers_imp_VHS1OY/image_block_axi_mem_intercon_imp_auto_pc_0/image_block_axi_mem_intercon_imp_auto_pc_0_axi_protocol_converter_v2_1_37_axi_protocol_converter/image_block_axi_mem_intercon_imp_auto_pc_0_axi_protocol_converter_v2_1_37_axi3_conv/image_block_axi_mem_intercon_imp_auto_pc_0_axi_protocol_converter_v2_1_37_a_axi3_conv/image_block_axi_mem_intercon_imp_auto_pc_0_axi_data_fifo_v2_1_36_axic_fifo_0/image_block_axi_mem_intercon_imp_auto_pc_0_axi_data_fifo_v2_1_36_fifo_gen/<hidden>/<hidden>/<hidden>/<hidden>/<hidden>/<hidden>
                            (rising edge-triggered cell FDPE clocked by clk_fpga_0  {rise@0.000ns fall@5.000ns period=10.000ns})
  Destination:            image_block_wrapper/image_block/image_block_axi_mem_intercon_0/s00_couplers_imp_VHS1OY/image_block_axi_mem_intercon_imp_auto_pc_0/image_block_axi_mem_intercon_imp_auto_pc_0_axi_protocol_converter_v2_1_37_axi_protocol_converter/image_block_axi_mem_intercon_imp_auto_pc_0_axi_protocol_converter_v2_1_37_axi3_conv/image_block_axi_mem_intercon_imp_auto_pc_0_axi_protocol_converter_v2_1_37_a_axi3_conv/image_block_axi_mem_intercon_imp_auto_pc_0_axi_data_fifo_v2_1_36_axic_fifo_0/image_block_axi_mem_intercon_imp_auto_pc_0_axi_data_fifo_v2_1_36_fifo_gen/<hidden>/<hidden>/<hidden>/<hidden>/<hidden>/<hidden>
                            (removal check against rising-edge clock clk_fpga_0  {rise@0.000ns fall@5.000ns period=10.000ns})
  Path Group:             **async_default**
  Path Type:              Removal (Min at Fast Process Corner)
  Requirement:            0.000ns  (clk_fpga_0 rise@0.000ns - clk_fpga_0 rise@0.000ns)
  Data Path Delay:        0.563ns  (logic 0.227ns (40.296%)  route 0.336ns (59.704%))
  Logic Levels:           1  (LUT3=1)
  Clock Path Skew:        0.261ns (DCD - SCD - CPR)
    Destination Clock Delay (DCD):    1.186ns
    Source Clock Delay      (SCD):    0.890ns
    Clock Pessimism Removal (CPR):    0.035ns

    Location             Delay type                Incr(ns)  Path(ns)    Netlist Resource(s)
  -------------------------------------------------------------------    -------------------
                         (clock clk_fpga_0 rise edge)
                                                      0.000     0.000 r  
    PS7_X0Y0             PS7                          0.000     0.000 r  image_block_i/processing_system7_0/inst/PS7_i/FCLKCLK[0]
                         net (fo=1, routed)           0.310     0.310    image_block_i/processing_system7_0/inst/FCLK_CLK_unbuffered[0]
    BUFGCTRL_X0Y16       BUFG (Prop_bufg_I_O)         0.026     0.336 r  image_block_i/processing_system7_0/inst/buffer_fclk_clk_0.FCLK_CLK_0_BUFG/O
                         net (fo=5609, routed)        0.554     0.890    image_block_wrapper/image_block/image_block_axi_mem_intercon_0/s00_couplers_imp_VHS1OY/image_block_axi_mem_intercon_imp_auto_pc_0/image_block_axi_mem_intercon_imp_auto_pc_0_axi_protocol_converter_v2_1_37_axi_protocol_converter/image_block_axi_mem_intercon_imp_auto_pc_0_axi_protocol_converter_v2_1_37_axi3_conv/image_block_axi_mem_intercon_imp_auto_pc_0_axi_protocol_converter_v2_1_37_a_axi3_conv/image_block_axi_mem_intercon_imp_auto_pc_0_axi_data_fifo_v2_1_36_axic_fifo_0/image_block_axi_mem_intercon_imp_auto_pc_0_axi_data_fifo_v2_1_36_fifo_gen/<hidden>/<hidden>/<hidden>/<hidden>/<hidden>/<hidden>
    SLICE_X48Y57         FDPE                                         r  image_block_wrapper/image_block/image_block_axi_mem_intercon_0/s00_couplers_imp_VHS1OY/image_block_axi_mem_intercon_imp_auto_pc_0/image_block_axi_mem_intercon_imp_auto_pc_0_axi_protocol_converter_v2_1_37_axi_protocol_converter/image_block_axi_mem_intercon_imp_auto_pc_0_axi_protocol_converter_v2_1_37_axi3_conv/image_block_axi_mem_intercon_imp_auto_pc_0_axi_protocol_converter_v2_1_37_a_axi3_conv/image_block_axi_mem_intercon_imp_auto_pc_0_axi_data_fifo_v2_1_36_axic_fifo_0/image_block_axi_mem_intercon_imp_auto_pc_0_axi_data_fifo_v2_1_36_fifo_gen/<hidden>/<hidden>/<hidden>/<hidden>/<hidden>/<hidden>
  -------------------------------------------------------------------    -------------------
    SLICE_X48Y57         FDPE (Prop_fdpe_C_Q)         0.128     1.018 f  image_block_wrapper/image_block/image_block_axi_mem_intercon_0/s00_couplers_imp_VHS1OY/image_block_axi_mem_intercon_imp_auto_pc_0/image_block_axi_mem_intercon_imp_auto_pc_0_axi_protocol_converter_v2_1_37_axi_protocol_converter/image_block_axi_mem_intercon_imp_auto_pc_0_axi_protocol_converter_v2_1_37_axi3_conv/image_block_axi_mem_intercon_imp_auto_pc_0_axi_protocol_converter_v2_1_37_a_axi3_conv/image_block_axi_mem_intercon_imp_auto_pc_0_axi_data_fifo_v2_1_36_axic_fifo_0/image_block_axi_mem_intercon_imp_auto_pc_0_axi_data_fifo_v2_1_36_fifo_gen/<hidden>/<hidden>/<hidden>/<hidden>/<hidden>/<hidden>
                         net (fo=3, routed)           0.136     1.153    image_block_wrapper/image_block/image_block_axi_mem_intercon_0/s00_couplers_imp_VHS1OY/image_block_axi_mem_intercon_imp_auto_pc_0/image_block_axi_mem_intercon_imp_auto_pc_0_axi_protocol_converter_v2_1_37_axi_protocol_converter/image_block_axi_mem_intercon_imp_auto_pc_0_axi_protocol_converter_v2_1_37_axi3_conv/image_block_axi_mem_intercon_imp_auto_pc_0_axi_protocol_converter_v2_1_37_a_axi3_conv/image_block_axi_mem_intercon_imp_auto_pc_0_axi_data_fifo_v2_1_36_axic_fifo_0/image_block_axi_mem_intercon_imp_auto_pc_0_axi_data_fifo_v2_1_36_fifo_gen/<hidden>/<hidden>/<hidden>/<hidden>/<hidden>
    SLICE_X50Y57         LUT3 (Prop_lut3_I2_O)        0.099     1.252 f  image_block_wrapper/image_block/image_block_axi_mem_intercon_0/s00_couplers_imp_VHS1OY/image_block_axi_mem_intercon_imp_auto_pc_0/image_block_axi_mem_intercon_imp_auto_pc_0_axi_protocol_converter_v2_1_37_axi_protocol_converter/image_block_axi_mem_intercon_imp_auto_pc_0_axi_protocol_converter_v2_1_37_axi3_conv/image_block_axi_mem_intercon_imp_auto_pc_0_axi_protocol_converter_v2_1_37_a_axi3_conv/image_block_axi_mem_intercon_imp_auto_pc_0_axi_data_fifo_v2_1_36_axic_fifo_0/image_block_axi_mem_intercon_imp_auto_pc_0_axi_data_fifo_v2_1_36_fifo_gen/<hidden>/<hidden>/<hidden>/<hidden>/<hidden>
                         net (fo=32, routed)          0.201     1.453    image_block_wrapper/image_block/image_block_axi_mem_intercon_0/s00_couplers_imp_VHS1OY/image_block_axi_mem_intercon_imp_auto_pc_0/image_block_axi_mem_intercon_imp_auto_pc_0_axi_protocol_converter_v2_1_37_axi_protocol_converter/image_block_axi_mem_intercon_imp_auto_pc_0_axi_protocol_converter_v2_1_37_axi3_conv/image_block_axi_mem_intercon_imp_auto_pc_0_axi_protocol_converter_v2_1_37_a_axi3_conv/image_block_axi_mem_intercon_imp_auto_pc_0_axi_data_fifo_v2_1_36_axic_fifo_0/image_block_axi_mem_intercon_imp_auto_pc_0_axi_data_fifo_v2_1_36_fifo_gen/<hidden>/<hidden>/<hidden>/<hidden>/<hidden>/<hidden>
    SLICE_X53Y56         FDCE                                         f  image_block_wrapper/image_block/image_block_axi_mem_intercon_0/s00_couplers_imp_VHS1OY/image_block_axi_mem_intercon_imp_auto_pc_0/image_block_axi_mem_intercon_imp_auto_pc_0_axi_protocol_converter_v2_1_37_axi_protocol_converter/image_block_axi_mem_intercon_imp_auto_pc_0_axi_protocol_converter_v2_1_37_axi3_conv/image_block_axi_mem_intercon_imp_auto_pc_0_axi_protocol_converter_v2_1_37_a_axi3_conv/image_block_axi_mem_intercon_imp_auto_pc_0_axi_data_fifo_v2_1_36_axic_fifo_0/image_block_axi_mem_intercon_imp_auto_pc_0_axi_data_fifo_v2_1_36_fifo_gen/<hidden>/<hidden>/<hidden>/<hidden>/<hidden>/<hidden>
  -------------------------------------------------------------------    -------------------

                         (clock clk_fpga_0 rise edge)
                                                      0.000     0.000 r  
    PS7_X0Y0             PS7                          0.000     0.000 r  image_block_i/processing_system7_0/inst/PS7_i/FCLKCLK[0]
                         net (fo=1, routed)           0.337     0.337    image_block_i/processing_system7_0/inst/FCLK_CLK_unbuffered[0]
    BUFGCTRL_X0Y16       BUFG (Prop_bufg_I_O)         0.029     0.366 r  image_block_i/processing_system7_0/inst/buffer_fclk_clk_0.FCLK_CLK_0_BUFG/O
                         net (fo=5609, routed)        0.820     1.186    image_block_wrapper/image_block/image_block_axi_mem_intercon_0/s00_couplers_imp_VHS1OY/image_block_axi_mem_intercon_imp_auto_pc_0/image_block_axi_mem_intercon_imp_auto_pc_0_axi_protocol_converter_v2_1_37_axi_protocol_converter/image_block_axi_mem_intercon_imp_auto_pc_0_axi_protocol_converter_v2_1_37_axi3_conv/image_block_axi_mem_intercon_imp_auto_pc_0_axi_protocol_converter_v2_1_37_a_axi3_conv/image_block_axi_mem_intercon_imp_auto_pc_0_axi_data_fifo_v2_1_36_axic_fifo_0/image_block_axi_mem_intercon_imp_auto_pc_0_axi_data_fifo_v2_1_36_fifo_gen/<hidden>/<hidden>/<hidden>/<hidden>/<hidden>/<hidden>
    SLICE_X53Y56         FDCE                                         r  image_block_wrapper/image_block/image_block_axi_mem_intercon_0/s00_couplers_imp_VHS1OY/image_block_axi_mem_intercon_imp_auto_pc_0/image_block_axi_mem_intercon_imp_auto_pc_0_axi_protocol_converter_v2_1_37_axi_protocol_converter/image_block_axi_mem_intercon_imp_auto_pc_0_axi_protocol_converter_v2_1_37_axi3_conv/image_block_axi_mem_intercon_imp_auto_pc_0_axi_protocol_converter_v2_1_37_a_axi3_conv/image_block_axi_mem_intercon_imp_auto_pc_0_axi_data_fifo_v2_1_36_axic_fifo_0/image_block_axi_mem_intercon_imp_auto_pc_0_axi_data_fifo_v2_1_36_fifo_gen/<hidden>/<hidden>/<hidden>/<hidden>/<hidden>/<hidden>
                         clock pessimism             -0.035     1.151    
    SLICE_X53Y56         FDCE (Remov_fdce_C_CLR)     -0.092     1.059    image_block_wrapper/image_block/image_block_axi_mem_intercon_0/s00_couplers_imp_VHS1OY/image_block_axi_mem_intercon_imp_auto_pc_0/image_block_axi_mem_intercon_imp_auto_pc_0_axi_protocol_converter_v2_1_37_axi_protocol_converter/image_block_axi_mem_intercon_imp_auto_pc_0_axi_protocol_converter_v2_1_37_axi3_conv/image_block_axi_mem_intercon_imp_auto_pc_0_axi_protocol_converter_v2_1_37_a_axi3_conv/image_block_axi_mem_intercon_imp_auto_pc_0_axi_data_fifo_v2_1_36_axic_fifo_0/image_block_axi_mem_intercon_imp_auto_pc_0_axi_data_fifo_v2_1_36_fifo_gen/<hidden>/<hidden>/<hidden>/<hidden>/<hidden>/<hidden>
  -------------------------------------------------------------------
                         required time                         -1.059    
                         arrival time                           1.453    
  -------------------------------------------------------------------
                         slack                                  0.394    

Slack (MET) :             0.394ns  (arrival time - required time)
  Source:                 image_block_wrapper/image_block/image_block_axi_mem_intercon_0/s00_couplers_imp_VHS1OY/image_block_axi_mem_intercon_imp_auto_pc_0/image_block_axi_mem_intercon_imp_auto_pc_0_axi_protocol_converter_v2_1_37_axi_protocol_converter/image_block_axi_mem_intercon_imp_auto_pc_0_axi_protocol_converter_v2_1_37_axi3_conv/image_block_axi_mem_intercon_imp_auto_pc_0_axi_protocol_converter_v2_1_37_a_axi3_conv/image_block_axi_mem_intercon_imp_auto_pc_0_axi_data_fifo_v2_1_36_axic_fifo_0/image_block_axi_mem_intercon_imp_auto_pc_0_axi_data_fifo_v2_1_36_fifo_gen/<hidden>/<hidden>/<hidden>/<hidden>/<hidden>/<hidden>
                            (rising edge-triggered cell FDPE clocked by clk_fpga_0  {rise@0.000ns fall@5.000ns period=10.000ns})
  Destination:            image_block_wrapper/image_block/image_block_axi_mem_intercon_0/s00_couplers_imp_VHS1OY/image_block_axi_mem_intercon_imp_auto_pc_0/image_block_axi_mem_intercon_imp_auto_pc_0_axi_protocol_converter_v2_1_37_axi_protocol_converter/image_block_axi_mem_intercon_imp_auto_pc_0_axi_protocol_converter_v2_1_37_axi3_conv/image_block_axi_mem_intercon_imp_auto_pc_0_axi_protocol_converter_v2_1_37_a_axi3_conv/image_block_axi_mem_intercon_imp_auto_pc_0_axi_data_fifo_v2_1_36_axic_fifo_0/image_block_axi_mem_intercon_imp_auto_pc_0_axi_data_fifo_v2_1_36_fifo_gen/<hidden>/<hidden>/<hidden>/<hidden>/<hidden>/<hidden>
                            (removal check against rising-edge clock clk_fpga_0  {rise@0.000ns fall@5.000ns period=10.000ns})
  Path Group:             **async_default**
  Path Type:              Removal (Min at Fast Process Corner)
  Requirement:            0.000ns  (clk_fpga_0 rise@0.000ns - clk_fpga_0 rise@0.000ns)
  Data Path Delay:        0.563ns  (logic 0.227ns (40.296%)  route 0.336ns (59.704%))
  Logic Levels:           1  (LUT3=1)
  Clock Path Skew:        0.261ns (DCD - SCD - CPR)
    Destination Clock Delay (DCD):    1.186ns
    Source Clock Delay      (SCD):    0.890ns
    Clock Pessimism Removal (CPR):    0.035ns

    Location             Delay type                Incr(ns)  Path(ns)    Netlist Resource(s)
  -------------------------------------------------------------------    -------------------
                         (clock clk_fpga_0 rise edge)
                                                      0.000     0.000 r  
    PS7_X0Y0             PS7                          0.000     0.000 r  image_block_i/processing_system7_0/inst/PS7_i/FCLKCLK[0]
                         net (fo=1, routed)           0.310     0.310    image_block_i/processing_system7_0/inst/FCLK_CLK_unbuffered[0]
    BUFGCTRL_X0Y16       BUFG (Prop_bufg_I_O)         0.026     0.336 r  image_block_i/processing_system7_0/inst/buffer_fclk_clk_0.FCLK_CLK_0_BUFG/O
                         net (fo=5609, routed)        0.554     0.890    image_block_wrapper/image_block/image_block_axi_mem_intercon_0/s00_couplers_imp_VHS1OY/image_block_axi_mem_intercon_imp_auto_pc_0/image_block_axi_mem_intercon_imp_auto_pc_0_axi_protocol_converter_v2_1_37_axi_protocol_converter/image_block_axi_mem_intercon_imp_auto_pc_0_axi_protocol_converter_v2_1_37_axi3_conv/image_block_axi_mem_intercon_imp_auto_pc_0_axi_protocol_converter_v2_1_37_a_axi3_conv/image_block_axi_mem_intercon_imp_auto_pc_0_axi_data_fifo_v2_1_36_axic_fifo_0/image_block_axi_mem_intercon_imp_auto_pc_0_axi_data_fifo_v2_1_36_fifo_gen/<hidden>/<hidden>/<hidden>/<hidden>/<hidden>/<hidden>
    SLICE_X48Y57         FDPE                                         r  image_block_wrapper/image_block/image_block_axi_mem_intercon_0/s00_couplers_imp_VHS1OY/image_block_axi_mem_intercon_imp_auto_pc_0/image_block_axi_mem_intercon_imp_auto_pc_0_axi_protocol_converter_v2_1_37_axi_protocol_converter/image_block_axi_mem_intercon_imp_auto_pc_0_axi_protocol_converter_v2_1_37_axi3_conv/image_block_axi_mem_intercon_imp_auto_pc_0_axi_protocol_converter_v2_1_37_a_axi3_conv/image_block_axi_mem_intercon_imp_auto_pc_0_axi_data_fifo_v2_1_36_axic_fifo_0/image_block_axi_mem_intercon_imp_auto_pc_0_axi_data_fifo_v2_1_36_fifo_gen/<hidden>/<hidden>/<hidden>/<hidden>/<hidden>/<hidden>
  -------------------------------------------------------------------    -------------------
    SLICE_X48Y57         FDPE (Prop_fdpe_C_Q)         0.128     1.018 f  image_block_wrapper/image_block/image_block_axi_mem_intercon_0/s00_couplers_imp_VHS1OY/image_block_axi_mem_intercon_imp_auto_pc_0/image_block_axi_mem_intercon_imp_auto_pc_0_axi_protocol_converter_v2_1_37_axi_protocol_converter/image_block_axi_mem_intercon_imp_auto_pc_0_axi_protocol_converter_v2_1_37_axi3_conv/image_block_axi_mem_intercon_imp_auto_pc_0_axi_protocol_converter_v2_1_37_a_axi3_conv/image_block_axi_mem_intercon_imp_auto_pc_0_axi_data_fifo_v2_1_36_axic_fifo_0/image_block_axi_mem_intercon_imp_auto_pc_0_axi_data_fifo_v2_1_36_fifo_gen/<hidden>/<hidden>/<hidden>/<hidden>/<hidden>/<hidden>
                         net (fo=3, routed)           0.136     1.153    image_block_wrapper/image_block/image_block_axi_mem_intercon_0/s00_couplers_imp_VHS1OY/image_block_axi_mem_intercon_imp_auto_pc_0/image_block_axi_mem_intercon_imp_auto_pc_0_axi_protocol_converter_v2_1_37_axi_protocol_converter/image_block_axi_mem_intercon_imp_auto_pc_0_axi_protocol_converter_v2_1_37_axi3_conv/image_block_axi_mem_intercon_imp_auto_pc_0_axi_protocol_converter_v2_1_37_a_axi3_conv/image_block_axi_mem_intercon_imp_auto_pc_0_axi_data_fifo_v2_1_36_axic_fifo_0/image_block_axi_mem_intercon_imp_auto_pc_0_axi_data_fifo_v2_1_36_fifo_gen/<hidden>/<hidden>/<hidden>/<hidden>/<hidden>
    SLICE_X50Y57         LUT3 (Prop_lut3_I2_O)        0.099     1.252 f  image_block_wrapper/image_block/image_block_axi_mem_intercon_0/s00_couplers_imp_VHS1OY/image_block_axi_mem_intercon_imp_auto_pc_0/image_block_axi_mem_intercon_imp_auto_pc_0_axi_protocol_converter_v2_1_37_axi_protocol_converter/image_block_axi_mem_intercon_imp_auto_pc_0_axi_protocol_converter_v2_1_37_axi3_conv/image_block_axi_mem_intercon_imp_auto_pc_0_axi_protocol_converter_v2_1_37_a_axi3_conv/image_block_axi_mem_intercon_imp_auto_pc_0_axi_data_fifo_v2_1_36_axic_fifo_0/image_block_axi_mem_intercon_imp_auto_pc_0_axi_data_fifo_v2_1_36_fifo_gen/<hidden>/<hidden>/<hidden>/<hidden>/<hidden>
                         net (fo=32, routed)          0.201     1.453    image_block_wrapper/image_block/image_block_axi_mem_intercon_0/s00_couplers_imp_VHS1OY/image_block_axi_mem_intercon_imp_auto_pc_0/image_block_axi_mem_intercon_imp_auto_pc_0_axi_protocol_converter_v2_1_37_axi_protocol_converter/image_block_axi_mem_intercon_imp_auto_pc_0_axi_protocol_converter_v2_1_37_axi3_conv/image_block_axi_mem_intercon_imp_auto_pc_0_axi_protocol_converter_v2_1_37_a_axi3_conv/image_block_axi_mem_intercon_imp_auto_pc_0_axi_data_fifo_v2_1_36_axic_fifo_0/image_block_axi_mem_intercon_imp_auto_pc_0_axi_data_fifo_v2_1_36_fifo_gen/<hidden>/<hidden>/<hidden>/<hidden>/<hidden>/<hidden>
    SLICE_X53Y56         FDCE                                         f  image_block_wrapper/image_block/image_block_axi_mem_intercon_0/s00_couplers_imp_VHS1OY/image_block_axi_mem_intercon_imp_auto_pc_0/image_block_axi_mem_intercon_imp_auto_pc_0_axi_protocol_converter_v2_1_37_axi_protocol_converter/image_block_axi_mem_intercon_imp_auto_pc_0_axi_protocol_converter_v2_1_37_axi3_conv/image_block_axi_mem_intercon_imp_auto_pc_0_axi_protocol_converter_v2_1_37_a_axi3_conv/image_block_axi_mem_intercon_imp_auto_pc_0_axi_data_fifo_v2_1_36_axic_fifo_0/image_block_axi_mem_intercon_imp_auto_pc_0_axi_data_fifo_v2_1_36_fifo_gen/<hidden>/<hidden>/<hidden>/<hidden>/<hidden>/<hidden>
  -------------------------------------------------------------------    -------------------

                         (clock clk_fpga_0 rise edge)
                                                      0.000     0.000 r  
    PS7_X0Y0             PS7                          0.000     0.000 r  image_block_i/processing_system7_0/inst/PS7_i/FCLKCLK[0]
                         net (fo=1, routed)           0.337     0.337    image_block_i/processing_system7_0/inst/FCLK_CLK_unbuffered[0]
    BUFGCTRL_X0Y16       BUFG (Prop_bufg_I_O)         0.029     0.366 r  image_block_i/processing_system7_0/inst/buffer_fclk_clk_0.FCLK_CLK_0_BUFG/O
                         net (fo=5609, routed)        0.820     1.186    image_block_wrapper/image_block/image_block_axi_mem_intercon_0/s00_couplers_imp_VHS1OY/image_block_axi_mem_intercon_imp_auto_pc_0/image_block_axi_mem_intercon_imp_auto_pc_0_axi_protocol_converter_v2_1_37_axi_protocol_converter/image_block_axi_mem_intercon_imp_auto_pc_0_axi_protocol_converter_v2_1_37_axi3_conv/image_block_axi_mem_intercon_imp_auto_pc_0_axi_protocol_converter_v2_1_37_a_axi3_conv/image_block_axi_mem_intercon_imp_auto_pc_0_axi_data_fifo_v2_1_36_axic_fifo_0/image_block_axi_mem_intercon_imp_auto_pc_0_axi_data_fifo_v2_1_36_fifo_gen/<hidden>/<hidden>/<hidden>/<hidden>/<hidden>/<hidden>
    SLICE_X53Y56         FDCE                                         r  image_block_wrapper/image_block/image_block_axi_mem_intercon_0/s00_couplers_imp_VHS1OY/image_block_axi_mem_intercon_imp_auto_pc_0/image_block_axi_mem_intercon_imp_auto_pc_0_axi_protocol_converter_v2_1_37_axi_protocol_converter/image_block_axi_mem_intercon_imp_auto_pc_0_axi_protocol_converter_v2_1_37_axi3_conv/image_block_axi_mem_intercon_imp_auto_pc_0_axi_protocol_converter_v2_1_37_a_axi3_conv/image_block_axi_mem_intercon_imp_auto_pc_0_axi_data_fifo_v2_1_36_axic_fifo_0/image_block_axi_mem_intercon_imp_auto_pc_0_axi_data_fifo_v2_1_36_fifo_gen/<hidden>/<hidden>/<hidden>/<hidden>/<hidden>/<hidden>
                         clock pessimism             -0.035     1.151    
    SLICE_X53Y56         FDCE (Remov_fdce_C_CLR)     -0.092     1.059    image_block_wrapper/image_block/image_block_axi_mem_intercon_0/s00_couplers_imp_VHS1OY/image_block_axi_mem_intercon_imp_auto_pc_0/image_block_axi_mem_intercon_imp_auto_pc_0_axi_protocol_converter_v2_1_37_axi_protocol_converter/image_block_axi_mem_intercon_imp_auto_pc_0_axi_protocol_converter_v2_1_37_axi3_conv/image_block_axi_mem_intercon_imp_auto_pc_0_axi_protocol_converter_v2_1_37_a_axi3_conv/image_block_axi_mem_intercon_imp_auto_pc_0_axi_data_fifo_v2_1_36_axic_fifo_0/image_block_axi_mem_intercon_imp_auto_pc_0_axi_data_fifo_v2_1_36_fifo_gen/<hidden>/<hidden>/<hidden>/<hidden>/<hidden>/<hidden>
  -------------------------------------------------------------------
                         required time                         -1.059    
                         arrival time                           1.453    
  -------------------------------------------------------------------
                         slack                                  0.394    

Slack (MET) :             0.394ns  (arrival time - required time)
  Source:                 image_block_wrapper/image_block/image_block_axi_mem_intercon_0/s00_couplers_imp_VHS1OY/image_block_axi_mem_intercon_imp_auto_pc_0/image_block_axi_mem_intercon_imp_auto_pc_0_axi_protocol_converter_v2_1_37_axi_protocol_converter/image_block_axi_mem_intercon_imp_auto_pc_0_axi_protocol_converter_v2_1_37_axi3_conv/image_block_axi_mem_intercon_imp_auto_pc_0_axi_protocol_converter_v2_1_37_a_axi3_conv/image_block_axi_mem_intercon_imp_auto_pc_0_axi_data_fifo_v2_1_36_axic_fifo_0/image_block_axi_mem_intercon_imp_auto_pc_0_axi_data_fifo_v2_1_36_fifo_gen/<hidden>/<hidden>/<hidden>/<hidden>/<hidden>/<hidden>
                            (rising edge-triggered cell FDPE clocked by clk_fpga_0  {rise@0.000ns fall@5.000ns period=10.000ns})
  Destination:            image_block_wrapper/image_block/image_block_axi_mem_intercon_0/s00_couplers_imp_VHS1OY/image_block_axi_mem_intercon_imp_auto_pc_0/image_block_axi_mem_intercon_imp_auto_pc_0_axi_protocol_converter_v2_1_37_axi_protocol_converter/image_block_axi_mem_intercon_imp_auto_pc_0_axi_protocol_converter_v2_1_37_axi3_conv/image_block_axi_mem_intercon_imp_auto_pc_0_axi_protocol_converter_v2_1_37_a_axi3_conv/image_block_axi_mem_intercon_imp_auto_pc_0_axi_data_fifo_v2_1_36_axic_fifo_0/image_block_axi_mem_intercon_imp_auto_pc_0_axi_data_fifo_v2_1_36_fifo_gen/<hidden>/<hidden>/<hidden>/<hidden>/<hidden>/<hidden>
                            (removal check against rising-edge clock clk_fpga_0  {rise@0.000ns fall@5.000ns period=10.000ns})
  Path Group:             **async_default**
  Path Type:              Removal (Min at Fast Process Corner)
  Requirement:            0.000ns  (clk_fpga_0 rise@0.000ns - clk_fpga_0 rise@0.000ns)
  Data Path Delay:        0.563ns  (logic 0.227ns (40.296%)  route 0.336ns (59.704%))
  Logic Levels:           1  (LUT3=1)
  Clock Path Skew:        0.261ns (DCD - SCD - CPR)
    Destination Clock Delay (DCD):    1.186ns
    Source Clock Delay      (SCD):    0.890ns
    Clock Pessimism Removal (CPR):    0.035ns

    Location             Delay type                Incr(ns)  Path(ns)    Netlist Resource(s)
  -------------------------------------------------------------------    -------------------
                         (clock clk_fpga_0 rise edge)
                                                      0.000     0.000 r  
    PS7_X0Y0             PS7                          0.000     0.000 r  image_block_i/processing_system7_0/inst/PS7_i/FCLKCLK[0]
                         net (fo=1, routed)           0.310     0.310    image_block_i/processing_system7_0/inst/FCLK_CLK_unbuffered[0]
    BUFGCTRL_X0Y16       BUFG (Prop_bufg_I_O)         0.026     0.336 r  image_block_i/processing_system7_0/inst/buffer_fclk_clk_0.FCLK_CLK_0_BUFG/O
                         net (fo=5609, routed)        0.554     0.890    image_block_wrapper/image_block/image_block_axi_mem_intercon_0/s00_couplers_imp_VHS1OY/image_block_axi_mem_intercon_imp_auto_pc_0/image_block_axi_mem_intercon_imp_auto_pc_0_axi_protocol_converter_v2_1_37_axi_protocol_converter/image_block_axi_mem_intercon_imp_auto_pc_0_axi_protocol_converter_v2_1_37_axi3_conv/image_block_axi_mem_intercon_imp_auto_pc_0_axi_protocol_converter_v2_1_37_a_axi3_conv/image_block_axi_mem_intercon_imp_auto_pc_0_axi_data_fifo_v2_1_36_axic_fifo_0/image_block_axi_mem_intercon_imp_auto_pc_0_axi_data_fifo_v2_1_36_fifo_gen/<hidden>/<hidden>/<hidden>/<hidden>/<hidden>/<hidden>
    SLICE_X48Y57         FDPE                                         r  image_block_wrapper/image_block/image_block_axi_mem_intercon_0/s00_couplers_imp_VHS1OY/image_block_axi_mem_intercon_imp_auto_pc_0/image_block_axi_mem_intercon_imp_auto_pc_0_axi_protocol_converter_v2_1_37_axi_protocol_converter/image_block_axi_mem_intercon_imp_auto_pc_0_axi_protocol_converter_v2_1_37_axi3_conv/image_block_axi_mem_intercon_imp_auto_pc_0_axi_protocol_converter_v2_1_37_a_axi3_conv/image_block_axi_mem_intercon_imp_auto_pc_0_axi_data_fifo_v2_1_36_axic_fifo_0/image_block_axi_mem_intercon_imp_auto_pc_0_axi_data_fifo_v2_1_36_fifo_gen/<hidden>/<hidden>/<hidden>/<hidden>/<hidden>/<hidden>
  -------------------------------------------------------------------    -------------------
    SLICE_X48Y57         FDPE (Prop_fdpe_C_Q)         0.128     1.018 f  image_block_wrapper/image_block/image_block_axi_mem_intercon_0/s00_couplers_imp_VHS1OY/image_block_axi_mem_intercon_imp_auto_pc_0/image_block_axi_mem_intercon_imp_auto_pc_0_axi_protocol_converter_v2_1_37_axi_protocol_converter/image_block_axi_mem_intercon_imp_auto_pc_0_axi_protocol_converter_v2_1_37_axi3_conv/image_block_axi_mem_intercon_imp_auto_pc_0_axi_protocol_converter_v2_1_37_a_axi3_conv/image_block_axi_mem_intercon_imp_auto_pc_0_axi_data_fifo_v2_1_36_axic_fifo_0/image_block_axi_mem_intercon_imp_auto_pc_0_axi_data_fifo_v2_1_36_fifo_gen/<hidden>/<hidden>/<hidden>/<hidden>/<hidden>/<hidden>
                         net (fo=3, routed)           0.136     1.153    image_block_wrapper/image_block/image_block_axi_mem_intercon_0/s00_couplers_imp_VHS1OY/image_block_axi_mem_intercon_imp_auto_pc_0/image_block_axi_mem_intercon_imp_auto_pc_0_axi_protocol_converter_v2_1_37_axi_protocol_converter/image_block_axi_mem_intercon_imp_auto_pc_0_axi_protocol_converter_v2_1_37_axi3_conv/image_block_axi_mem_intercon_imp_auto_pc_0_axi_protocol_converter_v2_1_37_a_axi3_conv/image_block_axi_mem_intercon_imp_auto_pc_0_axi_data_fifo_v2_1_36_axic_fifo_0/image_block_axi_mem_intercon_imp_auto_pc_0_axi_data_fifo_v2_1_36_fifo_gen/<hidden>/<hidden>/<hidden>/<hidden>/<hidden>
    SLICE_X50Y57         LUT3 (Prop_lut3_I2_O)        0.099     1.252 f  image_block_wrapper/image_block/image_block_axi_mem_intercon_0/s00_couplers_imp_VHS1OY/image_block_axi_mem_intercon_imp_auto_pc_0/image_block_axi_mem_intercon_imp_auto_pc_0_axi_protocol_converter_v2_1_37_axi_protocol_converter/image_block_axi_mem_intercon_imp_auto_pc_0_axi_protocol_converter_v2_1_37_axi3_conv/image_block_axi_mem_intercon_imp_auto_pc_0_axi_protocol_converter_v2_1_37_a_axi3_conv/image_block_axi_mem_intercon_imp_auto_pc_0_axi_data_fifo_v2_1_36_axic_fifo_0/image_block_axi_mem_intercon_imp_auto_pc_0_axi_data_fifo_v2_1_36_fifo_gen/<hidden>/<hidden>/<hidden>/<hidden>/<hidden>
                         net (fo=32, routed)          0.201     1.453    image_block_wrapper/image_block/image_block_axi_mem_intercon_0/s00_couplers_imp_VHS1OY/image_block_axi_mem_intercon_imp_auto_pc_0/image_block_axi_mem_intercon_imp_auto_pc_0_axi_protocol_converter_v2_1_37_axi_protocol_converter/image_block_axi_mem_intercon_imp_auto_pc_0_axi_protocol_converter_v2_1_37_axi3_conv/image_block_axi_mem_intercon_imp_auto_pc_0_axi_protocol_converter_v2_1_37_a_axi3_conv/image_block_axi_mem_intercon_imp_auto_pc_0_axi_data_fifo_v2_1_36_axic_fifo_0/image_block_axi_mem_intercon_imp_auto_pc_0_axi_data_fifo_v2_1_36_fifo_gen/<hidden>/<hidden>/<hidden>/<hidden>/<hidden>/<hidden>
    SLICE_X53Y56         FDCE                                         f  image_block_wrapper/image_block/image_block_axi_mem_intercon_0/s00_couplers_imp_VHS1OY/image_block_axi_mem_intercon_imp_auto_pc_0/image_block_axi_mem_intercon_imp_auto_pc_0_axi_protocol_converter_v2_1_37_axi_protocol_converter/image_block_axi_mem_intercon_imp_auto_pc_0_axi_protocol_converter_v2_1_37_axi3_conv/image_block_axi_mem_intercon_imp_auto_pc_0_axi_protocol_converter_v2_1_37_a_axi3_conv/image_block_axi_mem_intercon_imp_auto_pc_0_axi_data_fifo_v2_1_36_axic_fifo_0/image_block_axi_mem_intercon_imp_auto_pc_0_axi_data_fifo_v2_1_36_fifo_gen/<hidden>/<hidden>/<hidden>/<hidden>/<hidden>/<hidden>
  -------------------------------------------------------------------    -------------------

                         (clock clk_fpga_0 rise edge)
                                                      0.000     0.000 r  
    PS7_X0Y0             PS7                          0.000     0.000 r  image_block_i/processing_system7_0/inst/PS7_i/FCLKCLK[0]
                         net (fo=1, routed)           0.337     0.337    image_block_i/processing_system7_0/inst/FCLK_CLK_unbuffered[0]
    BUFGCTRL_X0Y16       BUFG (Prop_bufg_I_O)         0.029     0.366 r  image_block_i/processing_system7_0/inst/buffer_fclk_clk_0.FCLK_CLK_0_BUFG/O
                         net (fo=5609, routed)        0.820     1.186    image_block_wrapper/image_block/image_block_axi_mem_intercon_0/s00_couplers_imp_VHS1OY/image_block_axi_mem_intercon_imp_auto_pc_0/image_block_axi_mem_intercon_imp_auto_pc_0_axi_protocol_converter_v2_1_37_axi_protocol_converter/image_block_axi_mem_intercon_imp_auto_pc_0_axi_protocol_converter_v2_1_37_axi3_conv/image_block_axi_mem_intercon_imp_auto_pc_0_axi_protocol_converter_v2_1_37_a_axi3_conv/image_block_axi_mem_intercon_imp_auto_pc_0_axi_data_fifo_v2_1_36_axic_fifo_0/image_block_axi_mem_intercon_imp_auto_pc_0_axi_data_fifo_v2_1_36_fifo_gen/<hidden>/<hidden>/<hidden>/<hidden>/<hidden>/<hidden>
    SLICE_X53Y56         FDCE                                         r  image_block_wrapper/image_block/image_block_axi_mem_intercon_0/s00_couplers_imp_VHS1OY/image_block_axi_mem_intercon_imp_auto_pc_0/image_block_axi_mem_intercon_imp_auto_pc_0_axi_protocol_converter_v2_1_37_axi_protocol_converter/image_block_axi_mem_intercon_imp_auto_pc_0_axi_protocol_converter_v2_1_37_axi3_conv/image_block_axi_mem_intercon_imp_auto_pc_0_axi_protocol_converter_v2_1_37_a_axi3_conv/image_block_axi_mem_intercon_imp_auto_pc_0_axi_data_fifo_v2_1_36_axic_fifo_0/image_block_axi_mem_intercon_imp_auto_pc_0_axi_data_fifo_v2_1_36_fifo_gen/<hidden>/<hidden>/<hidden>/<hidden>/<hidden>/<hidden>
                         clock pessimism             -0.035     1.151    
    SLICE_X53Y56         FDCE (Remov_fdce_C_CLR)     -0.092     1.059    image_block_wrapper/image_block/image_block_axi_mem_intercon_0/s00_couplers_imp_VHS1OY/image_block_axi_mem_intercon_imp_auto_pc_0/image_block_axi_mem_intercon_imp_auto_pc_0_axi_protocol_converter_v2_1_37_axi_protocol_converter/image_block_axi_mem_intercon_imp_auto_pc_0_axi_protocol_converter_v2_1_37_axi3_conv/image_block_axi_mem_intercon_imp_auto_pc_0_axi_protocol_converter_v2_1_37_a_axi3_conv/image_block_axi_mem_intercon_imp_auto_pc_0_axi_data_fifo_v2_1_36_axic_fifo_0/image_block_axi_mem_intercon_imp_auto_pc_0_axi_data_fifo_v2_1_36_fifo_gen/<hidden>/<hidden>/<hidden>/<hidden>/<hidden>/<hidden>
  -------------------------------------------------------------------
                         required time                         -1.059    
                         arrival time                           1.453    
  -------------------------------------------------------------------
                         slack                                  0.394    





--------------------------------------------------------------------------------------
Path Group:  (none)
From Clock:  
  To Clock:  clk_fpga_0

Max Delay             3 Endpoints
Min Delay             3 Endpoints
--------------------------------------------------------------------------------------


Max Delay Paths
--------------------------------------------------------------------------------------
Slack:                    inf
  Source:                 ze03_rx
                            (input port)
  Destination:            image_block_i/u_ze_uart/inst/rx_meta_reg/D
                            (rising edge-triggered cell FDSE clocked by clk_fpga_0  {rise@0.000ns fall@5.000ns period=10.000ns})
  Path Group:             (none)
  Path Type:              Setup (Max at Slow Process Corner)
  Data Path Delay:        4.582ns  (logic 1.546ns (33.751%)  route 3.035ns (66.249%))
  Logic Levels:           1  (IBUF=1)
  Clock Path Skew:        2.655ns (DCD - SCD + CPR)
    Destination Clock Delay (DCD):    2.655ns
    Source Clock Delay      (SCD):    0.000ns
    Clock Pessimism Removal (CPR):    0.000ns
  Clock Uncertainty:      0.152ns  ((TSJ^2 + TIJ^2)^1/2 + DJ) / 2 + PE
    Total System Jitter     (TSJ):    0.050ns
    Total Input Jitter      (TIJ):    0.300ns
    Discrete Jitter          (DJ):    0.000ns
    Phase Error              (PE):    0.000ns
  Timing Exception:       False Path

    Location             Delay type                Incr(ns)  Path(ns)    Netlist Resource(s)
  -------------------------------------------------------------------    -------------------
    V12                                               0.000     0.000 r  ze03_rx (IN)
                         net (fo=0)                   0.000     0.000    ze03_rx
    V12                  IBUF (Prop_ibuf_I_O)         1.546     1.546 r  ze03_rx_IBUF_inst/O
                         net (fo=1, routed)           3.035     4.582    image_block_i/u_ze_uart/inst/rx
    SLICE_X44Y90         FDSE                                         r  image_block_i/u_ze_uart/inst/rx_meta_reg/D
  -------------------------------------------------------------------    -------------------

                         (clock clk_fpga_0 rise edge)
                                                      0.000     0.000 r  
    PS7_X0Y0             PS7                          0.000     0.000 r  image_block_i/processing_system7_0/inst/PS7_i/FCLKCLK[0]
                         net (fo=1, routed)           1.088     1.088    image_block_i/processing_system7_0/inst/FCLK_CLK_unbuffered[0]
    BUFGCTRL_X0Y16       BUFG (Prop_bufg_I_O)         0.091     1.179 r  image_block_i/processing_system7_0/inst/buffer_fclk_clk_0.FCLK_CLK_0_BUFG/O
                         net (fo=5609, routed)        1.476     2.655    image_block_i/u_ze_uart/inst/aclk
    SLICE_X44Y90         FDSE                                         r  image_block_i/u_ze_uart/inst/rx_meta_reg/C

Slack:                    inf
  Source:                 pms_rx
                            (input port)
  Destination:            image_block_i/u_pm_uart/inst/rx_meta_reg/D
                            (rising edge-triggered cell FDSE clocked by clk_fpga_0  {rise@0.000ns fall@5.000ns period=10.000ns})
  Path Group:             (none)
  Path Type:              Setup (Max at Slow Process Corner)
  Data Path Delay:        4.245ns  (logic 1.499ns (35.302%)  route 2.747ns (64.698%))
  Logic Levels:           1  (IBUF=1)
  Clock Path Skew:        2.654ns (DCD - SCD + CPR)
    Destination Clock Delay (DCD):    2.654ns
    Source Clock Delay      (SCD):    0.000ns
    Clock Pessimism Removal (CPR):    0.000ns
  Clock Uncertainty:      0.152ns  ((TSJ^2 + TIJ^2)^1/2 + DJ) / 2 + PE
    Total System Jitter     (TSJ):    0.050ns
    Total Input Jitter      (TIJ):    0.300ns
    Discrete Jitter          (DJ):    0.000ns
    Phase Error              (PE):    0.000ns
  Timing Exception:       False Path

    Location             Delay type                Incr(ns)  Path(ns)    Netlist Resource(s)
  -------------------------------------------------------------------    -------------------
    W16                                               0.000     0.000 r  pms_rx (IN)
                         net (fo=0)                   0.000     0.000    pms_rx
    W16                  IBUF (Prop_ibuf_I_O)         1.499     1.499 r  pms_rx_IBUF_inst/O
                         net (fo=1, routed)           2.747     4.245    image_block_i/u_pm_uart/inst/rx
    SLICE_X49Y89         FDSE                                         r  image_block_i/u_pm_uart/inst/rx_meta_reg/D
  -------------------------------------------------------------------    -------------------

                         (clock clk_fpga_0 rise edge)
                                                      0.000     0.000 r  
    PS7_X0Y0             PS7                          0.000     0.000 r  image_block_i/processing_system7_0/inst/PS7_i/FCLKCLK[0]
                         net (fo=1, routed)           1.088     1.088    image_block_i/processing_system7_0/inst/FCLK_CLK_unbuffered[0]
    BUFGCTRL_X0Y16       BUFG (Prop_bufg_I_O)         0.091     1.179 r  image_block_i/processing_system7_0/inst/buffer_fclk_clk_0.FCLK_CLK_0_BUFG/O
                         net (fo=5609, routed)        1.475     2.654    image_block_i/u_pm_uart/inst/aclk
    SLICE_X49Y89         FDSE                                         r  image_block_i/u_pm_uart/inst/rx_meta_reg/C

Slack:                    inf
  Source:                 image_block_i/processing_system7_0/inst/PS7_i/FCLKRESETN[0]
                            (internal pin)
  Destination:            image_block_i/rst_ps7_0_100M/U0/EXT_LPF/ACTIVE_LOW_EXT.ACT_LO_EXT/syncstages_ff_reg[0]/D
                            (rising edge-triggered cell FDRE clocked by clk_fpga_0  {rise@0.000ns fall@5.000ns period=10.000ns})
  Path Group:             (none)
  Path Type:              Setup (Max at Slow Process Corner)
  Data Path Delay:        2.177ns  (logic 0.124ns (5.697%)  route 2.053ns (94.303%))
  Logic Levels:           1  (LUT1=1)
  Clock Uncertainty:      0.152ns  ((TSJ^2 + TIJ^2)^1/2 + DJ) / 2 + PE
    Total System Jitter     (TSJ):    0.050ns
    Total Input Jitter      (TIJ):    0.300ns
    Discrete Jitter          (DJ):    0.000ns
    Phase Error              (PE):    0.000ns
  Timing Exception:       False Path

    Location             Delay type                Incr(ns)  Path(ns)    Netlist Resource(s)
  -------------------------------------------------------------------    -------------------
    PS7_X0Y0             PS7                          0.000     0.000 f  image_block_i/processing_system7_0/inst/PS7_i/FCLKRESETN[0]
                         net (fo=1, routed)           2.053     2.053    image_block_i/rst_ps7_0_100M/U0/EXT_LPF/ext_reset_in
    SLICE_X50Y77         LUT1 (Prop_lut1_I0_O)        0.124     2.177 r  image_block_i/rst_ps7_0_100M/U0/EXT_LPF/ACTIVE_LOW_EXT.ACT_LO_EXT_i_1/O
                         net (fo=1, routed)           0.000     2.177    image_block_i/rst_ps7_0_100M/U0/EXT_LPF/ACTIVE_LOW_EXT.ACT_LO_EXT/src_in
    SLICE_X50Y77         FDRE                                         r  image_block_i/rst_ps7_0_100M/U0/EXT_LPF/ACTIVE_LOW_EXT.ACT_LO_EXT/syncstages_ff_reg[0]/D
  -------------------------------------------------------------------    -------------------

                         (clock clk_fpga_0 rise edge)
                                                      0.000     0.000 r  
    PS7_X0Y0             PS7                          0.000     0.000 r  image_block_i/processing_system7_0/inst/PS7_i/FCLKCLK[0]
                         net (fo=1, routed)           1.088     1.088    image_block_i/processing_system7_0/inst/FCLK_CLK_unbuffered[0]
    BUFGCTRL_X0Y16       BUFG (Prop_bufg_I_O)         0.091     1.179 r  image_block_i/processing_system7_0/inst/buffer_fclk_clk_0.FCLK_CLK_0_BUFG/O
                         net (fo=5609, routed)        1.452     2.631    image_block_i/rst_ps7_0_100M/U0/EXT_LPF/ACTIVE_LOW_EXT.ACT_LO_EXT/dest_clk
    SLICE_X50Y77         FDRE                                         r  image_block_i/rst_ps7_0_100M/U0/EXT_LPF/ACTIVE_LOW_EXT.ACT_LO_EXT/syncstages_ff_reg[0]/C





Min Delay Paths
--------------------------------------------------------------------------------------
Slack:                    inf
  Source:                 image_block_i/processing_system7_0/inst/PS7_i/FCLKRESETN[0]
                            (internal pin)
  Destination:            image_block_i/rst_ps7_0_100M/U0/EXT_LPF/ACTIVE_LOW_EXT.ACT_LO_EXT/syncstages_ff_reg[0]/D
                            (rising edge-triggered cell FDRE clocked by clk_fpga_0  {rise@0.000ns fall@5.000ns period=10.000ns})
  Path Group:             (none)
  Path Type:              Hold (Min at Fast Process Corner)
  Data Path Delay:        0.873ns  (logic 0.045ns (5.157%)  route 0.828ns (94.843%))
  Logic Levels:           1  (LUT1=1)
  Clock Uncertainty:      0.152ns  ((TSJ^2 + TIJ^2)^1/2 + DJ) / 2 + PE
    Total System Jitter     (TSJ):    0.050ns
    Total Input Jitter      (TIJ):    0.300ns
    Discrete Jitter          (DJ):    0.000ns
    Phase Error              (PE):    0.000ns
  Timing Exception:       False Path

    Location             Delay type                Incr(ns)  Path(ns)    Netlist Resource(s)
  -------------------------------------------------------------------    -------------------
    PS7_X0Y0             PS7                          0.000     0.000 f  image_block_i/processing_system7_0/inst/PS7_i/FCLKRESETN[0]
                         net (fo=1, routed)           0.828     0.828    image_block_i/rst_ps7_0_100M/U0/EXT_LPF/ext_reset_in
    SLICE_X50Y77         LUT1 (Prop_lut1_I0_O)        0.045     0.873 r  image_block_i/rst_ps7_0_100M/U0/EXT_LPF/ACTIVE_LOW_EXT.ACT_LO_EXT_i_1/O
                         net (fo=1, routed)           0.000     0.873    image_block_i/rst_ps7_0_100M/U0/EXT_LPF/ACTIVE_LOW_EXT.ACT_LO_EXT/src_in
    SLICE_X50Y77         FDRE                                         r  image_block_i/rst_ps7_0_100M/U0/EXT_LPF/ACTIVE_LOW_EXT.ACT_LO_EXT/syncstages_ff_reg[0]/D
  -------------------------------------------------------------------    -------------------

                         (clock clk_fpga_0 rise edge)
                                                      0.000     0.000 r  
    PS7_X0Y0             PS7                          0.000     0.000 r  image_block_i/processing_system7_0/inst/PS7_i/FCLKCLK[0]
                         net (fo=1, routed)           0.337     0.337    image_block_i/processing_system7_0/inst/FCLK_CLK_unbuffered[0]
    BUFGCTRL_X0Y16       BUFG (Prop_bufg_I_O)         0.029     0.366 r  image_block_i/processing_system7_0/inst/buffer_fclk_clk_0.FCLK_CLK_0_BUFG/O
                         net (fo=5609, routed)        0.807     1.173    image_block_i/rst_ps7_0_100M/U0/EXT_LPF/ACTIVE_LOW_EXT.ACT_LO_EXT/dest_clk
    SLICE_X50Y77         FDRE                                         r  image_block_i/rst_ps7_0_100M/U0/EXT_LPF/ACTIVE_LOW_EXT.ACT_LO_EXT/syncstages_ff_reg[0]/C

Slack:                    inf
  Source:                 pms_rx
                            (input port)
  Destination:            image_block_i/u_pm_uart/inst/rx_meta_reg/D
                            (rising edge-triggered cell FDSE clocked by clk_fpga_0  {rise@0.000ns fall@5.000ns period=10.000ns})
  Path Group:             (none)
  Path Type:              Hold (Min at Fast Process Corner)
  Data Path Delay:        1.420ns  (logic 0.266ns (18.757%)  route 1.154ns (81.243%))
  Logic Levels:           1  (IBUF=1)
  Clock Path Skew:        1.188ns (DCD - SCD - CPR)
    Destination Clock Delay (DCD):    1.188ns
    Source Clock Delay      (SCD):    0.000ns
    Clock Pessimism Removal (CPR):    -0.000ns
  Timing Exception:       False Path

    Location             Delay type                Incr(ns)  Path(ns)    Netlist Resource(s)
  -------------------------------------------------------------------    -------------------
    W16                                               0.000     0.000 r  pms_rx (IN)
                         net (fo=0)                   0.000     0.000    pms_rx
    W16                  IBUF (Prop_ibuf_I_O)         0.266     0.266 r  pms_rx_IBUF_inst/O
                         net (fo=1, routed)           1.154     1.420    image_block_i/u_pm_uart/inst/rx
    SLICE_X49Y89         FDSE                                         r  image_block_i/u_pm_uart/inst/rx_meta_reg/D
  -------------------------------------------------------------------    -------------------

                         (clock clk_fpga_0 rise edge)
                                                      0.000     0.000 r  
    PS7_X0Y0             PS7                          0.000     0.000 r  image_block_i/processing_system7_0/inst/PS7_i/FCLKCLK[0]
                         net (fo=1, routed)           0.337     0.337    image_block_i/processing_system7_0/inst/FCLK_CLK_unbuffered[0]
    BUFGCTRL_X0Y16       BUFG (Prop_bufg_I_O)         0.029     0.366 r  image_block_i/processing_system7_0/inst/buffer_fclk_clk_0.FCLK_CLK_0_BUFG/O
                         net (fo=5609, routed)        0.822     1.188    image_block_i/u_pm_uart/inst/aclk
    SLICE_X49Y89         FDSE                                         r  image_block_i/u_pm_uart/inst/rx_meta_reg/C

Slack:                    inf
  Source:                 ze03_rx
                            (input port)
  Destination:            image_block_i/u_ze_uart/inst/rx_meta_reg/D
                            (rising edge-triggered cell FDSE clocked by clk_fpga_0  {rise@0.000ns fall@5.000ns period=10.000ns})
  Path Group:             (none)
  Path Type:              Hold (Min at Fast Process Corner)
  Data Path Delay:        1.734ns  (logic 0.314ns (18.084%)  route 1.420ns (81.916%))
  Logic Levels:           1  (IBUF=1)
  Clock Path Skew:        1.189ns (DCD - SCD - CPR)
    Destination Clock Delay (DCD):    1.189ns
    Source Clock Delay      (SCD):    0.000ns
    Clock Pessimism Removal (CPR):    -0.000ns
  Timing Exception:       False Path

    Location             Delay type                Incr(ns)  Path(ns)    Netlist Resource(s)
  -------------------------------------------------------------------    -------------------
    V12                                               0.000     0.000 r  ze03_rx (IN)
                         net (fo=0)                   0.000     0.000    ze03_rx
    V12                  IBUF (Prop_ibuf_I_O)         0.314     0.314 r  ze03_rx_IBUF_inst/O
                         net (fo=1, routed)           1.420     1.734    image_block_i/u_ze_uart/inst/rx
    SLICE_X44Y90         FDSE                                         r  image_block_i/u_ze_uart/inst/rx_meta_reg/D
  -------------------------------------------------------------------    -------------------

                         (clock clk_fpga_0 rise edge)
                                                      0.000     0.000 r  
    PS7_X0Y0             PS7                          0.000     0.000 r  image_block_i/processing_system7_0/inst/PS7_i/FCLKCLK[0]
                         net (fo=1, routed)           0.337     0.337    image_block_i/processing_system7_0/inst/FCLK_CLK_unbuffered[0]
    BUFGCTRL_X0Y16       BUFG (Prop_bufg_I_O)         0.029     0.366 r  image_block_i/processing_system7_0/inst/buffer_fclk_clk_0.FCLK_CLK_0_BUFG/O
                         net (fo=5609, routed)        0.823     1.189    image_block_i/u_ze_uart/inst/aclk
    SLICE_X44Y90         FDSE                                         r  image_block_i/u_ze_uart/inst/rx_meta_reg/C





--------------------------------------------------------------------------------------
Path Group:  (none)
From Clock:  clk_fpga_0
  To Clock:  clk_fpga_0

Max Delay           189 Endpoints
Min Delay           189 Endpoints
--------------------------------------------------------------------------------------


Max Delay Paths
--------------------------------------------------------------------------------------
Slack:                    inf
  Source:                 image_block_i/rst_ps7_0_100M/U0/ACTIVE_LOW_PR_OUT_DFF[0].FDRE_PER_N/C
                            (rising edge-triggered cell FDRE clocked by clk_fpga_0  {rise@0.000ns fall@5.000ns period=10.000ns})
  Destination:            image_block_wrapper/image_block/image_block_axi_mem_intercon_0/s00_couplers_imp_VHS1OY/image_block_axi_mem_intercon_imp_auto_pc_0/image_block_axi_mem_intercon_imp_auto_pc_0_axi_protocol_converter_v2_1_37_axi_protocol_converter/image_block_axi_mem_intercon_imp_auto_pc_0_axi_protocol_converter_v2_1_37_axi3_conv/image_block_axi_mem_intercon_imp_auto_pc_0_axi_protocol_converter_v2_1_37_a_axi3_conv/image_block_axi_mem_intercon_imp_auto_pc_0_axi_data_fifo_v2_1_36_axic_fifo/image_block_axi_mem_intercon_imp_auto_pc_0_axi_data_fifo_v2_1_36_fifo_gen_1/<hidden>/<hidden>/<hidden>/<hidden>/<hidden>/<hidden>
                            (recovery check against rising-edge clock clk_fpga_0  {rise@0.000ns fall@5.000ns period=10.000ns})
  Path Group:             (none)
  Path Type:              Recovery (Max at Slow Process Corner)
  Data Path Delay:        5.977ns  (logic 0.580ns (9.704%)  route 5.397ns (90.296%))
  Logic Levels:           1  (LUT1=1)
  Clock Path Skew:        -0.272ns (DCD - SCD + CPR)
    Destination Clock Delay (DCD):    2.654ns
    Source Clock Delay      (SCD):    2.926ns
    Clock Pessimism Removal (CPR):    0.000ns
  Clock Uncertainty:      0.154ns  ((TSJ^2 + TIJ^2)^1/2 + DJ) / 2 + PE
    Total System Jitter     (TSJ):    0.071ns
    Total Input Jitter      (TIJ):    0.300ns
    Discrete Jitter          (DJ):    0.000ns
    Phase Error              (PE):    0.000ns
  Timing Exception:       False Path

    Location             Delay type                Incr(ns)  Path(ns)    Netlist Resource(s)
  -------------------------------------------------------------------    -------------------
                         (clock clk_fpga_0 rise edge)
                                                      0.000     0.000 r  
    PS7_X0Y0             PS7                          0.000     0.000 r  image_block_i/processing_system7_0/inst/PS7_i/FCLKCLK[0]
                         net (fo=1, routed)           1.193     1.193    image_block_i/processing_system7_0/inst/FCLK_CLK_unbuffered[0]
    BUFGCTRL_X0Y16       BUFG (Prop_bufg_I_O)         0.101     1.294 r  image_block_i/processing_system7_0/inst/buffer_fclk_clk_0.FCLK_CLK_0_BUFG/O
                         net (fo=5609, routed)        1.632     2.926    image_block_i/rst_ps7_0_100M/U0/slowest_sync_clk
    SLICE_X48Y76         FDRE                                         r  image_block_i/rst_ps7_0_100M/U0/ACTIVE_LOW_PR_OUT_DFF[0].FDRE_PER_N/C
  -------------------------------------------------------------------    -------------------
    SLICE_X48Y76         FDRE (Prop_fdre_C_Q)         0.456     3.382 r  image_block_i/rst_ps7_0_100M/U0/ACTIVE_LOW_PR_OUT_DFF[0].FDRE_PER_N/Q
                         net (fo=54, routed)          2.455     5.837    image_block_i/axi_mem_intercon/s00_couplers/auto_pc/inst/gen_axi4_axi3.axi3_conv_inst/USE_WRITE.write_addr_inst/USE_BURSTS.cmd_queue/inst/aresetn
    SLICE_X44Y57         LUT1 (Prop_lut1_I0_O)        0.124     5.961 f  image_block_i/axi_mem_intercon/s00_couplers/auto_pc/inst/gen_axi4_axi3.axi3_conv_inst/USE_WRITE.write_addr_inst/USE_BURSTS.cmd_queue/inst/S_AXI_AREADY_I_i_1/O
                         net (fo=65, routed)          2.942     8.903    image_block_wrapper/image_block/image_block_axi_mem_intercon_0/s00_couplers_imp_VHS1OY/image_block_axi_mem_intercon_imp_auto_pc_0/image_block_axi_mem_intercon_imp_auto_pc_0_axi_protocol_converter_v2_1_37_axi_protocol_converter/image_block_axi_mem_intercon_imp_auto_pc_0_axi_protocol_converter_v2_1_37_axi3_conv/image_block_axi_mem_intercon_imp_auto_pc_0_axi_protocol_converter_v2_1_37_a_axi3_conv/image_block_axi_mem_intercon_imp_auto_pc_0_axi_data_fifo_v2_1_36_axic_fifo/image_block_axi_mem_intercon_imp_auto_pc_0_axi_data_fifo_v2_1_36_fifo_gen_1/<hidden>/<hidden>/<hidden>/<hidden>/<hidden>/<hidden>
    SLICE_X33Y62         FDPE                                         f  image_block_wrapper/image_block/image_block_axi_mem_intercon_0/s00_couplers_imp_VHS1OY/image_block_axi_mem_intercon_imp_auto_pc_0/image_block_axi_mem_intercon_imp_auto_pc_0_axi_protocol_converter_v2_1_37_axi_protocol_converter/image_block_axi_mem_intercon_imp_auto_pc_0_axi_protocol_converter_v2_1_37_axi3_conv/image_block_axi_mem_intercon_imp_auto_pc_0_axi_protocol_converter_v2_1_37_a_axi3_conv/image_block_axi_mem_intercon_imp_auto_pc_0_axi_data_fifo_v2_1_36_axic_fifo/image_block_axi_mem_intercon_imp_auto_pc_0_axi_data_fifo_v2_1_36_fifo_gen_1/<hidden>/<hidden>/<hidden>/<hidden>/<hidden>/<hidden>
  -------------------------------------------------------------------    -------------------

                         (clock clk_fpga_0 rise edge)
                                                      0.000     0.000 r  
    PS7_X0Y0             PS7                          0.000     0.000 r  image_block_i/processing_system7_0/inst/PS7_i/FCLKCLK[0]
                         net (fo=1, routed)           1.088     1.088    image_block_i/processing_system7_0/inst/FCLK_CLK_unbuffered[0]
    BUFGCTRL_X0Y16       BUFG (Prop_bufg_I_O)         0.091     1.179 r  image_block_i/processing_system7_0/inst/buffer_fclk_clk_0.FCLK_CLK_0_BUFG/O
                         net (fo=5609, routed)        1.475     2.654    image_block_wrapper/image_block/image_block_axi_mem_intercon_0/s00_couplers_imp_VHS1OY/image_block_axi_mem_intercon_imp_auto_pc_0/image_block_axi_mem_intercon_imp_auto_pc_0_axi_protocol_converter_v2_1_37_axi_protocol_converter/image_block_axi_mem_intercon_imp_auto_pc_0_axi_protocol_converter_v2_1_37_axi3_conv/image_block_axi_mem_intercon_imp_auto_pc_0_axi_protocol_converter_v2_1_37_a_axi3_conv/image_block_axi_mem_intercon_imp_auto_pc_0_axi_data_fifo_v2_1_36_axic_fifo/image_block_axi_mem_intercon_imp_auto_pc_0_axi_data_fifo_v2_1_36_fifo_gen_1/<hidden>/<hidden>/<hidden>/<hidden>/<hidden>/<hidden>
    SLICE_X33Y62         FDPE                                         r  image_block_wrapper/image_block/image_block_axi_mem_intercon_0/s00_couplers_imp_VHS1OY/image_block_axi_mem_intercon_imp_auto_pc_0/image_block_axi_mem_intercon_imp_auto_pc_0_axi_protocol_converter_v2_1_37_axi_protocol_converter/image_block_axi_mem_intercon_imp_auto_pc_0_axi_protocol_converter_v2_1_37_axi3_conv/image_block_axi_mem_intercon_imp_auto_pc_0_axi_protocol_converter_v2_1_37_a_axi3_conv/image_block_axi_mem_intercon_imp_auto_pc_0_axi_data_fifo_v2_1_36_axic_fifo/image_block_axi_mem_intercon_imp_auto_pc_0_axi_data_fifo_v2_1_36_fifo_gen_1/<hidden>/<hidden>/<hidden>/<hidden>/<hidden>/<hidden>

Slack:                    inf
  Source:                 image_block_i/rst_ps7_0_100M/U0/ACTIVE_LOW_PR_OUT_DFF[0].FDRE_PER_N/C
                            (rising edge-triggered cell FDRE clocked by clk_fpga_0  {rise@0.000ns fall@5.000ns period=10.000ns})
  Destination:            image_block_wrapper/image_block/image_block_axi_mem_intercon_0/s00_couplers_imp_VHS1OY/image_block_axi_mem_intercon_imp_auto_pc_0/image_block_axi_mem_intercon_imp_auto_pc_0_axi_protocol_converter_v2_1_37_axi_protocol_converter/image_block_axi_mem_intercon_imp_auto_pc_0_axi_protocol_converter_v2_1_37_axi3_conv/image_block_axi_mem_intercon_imp_auto_pc_0_axi_protocol_converter_v2_1_37_a_axi3_conv/image_block_axi_mem_intercon_imp_auto_pc_0_axi_data_fifo_v2_1_36_axic_fifo/image_block_axi_mem_intercon_imp_auto_pc_0_axi_data_fifo_v2_1_36_fifo_gen_1/<hidden>/<hidden>/<hidden>/<hidden>/<hidden>/<hidden>
                            (recovery check against rising-edge clock clk_fpga_0  {rise@0.000ns fall@5.000ns period=10.000ns})
  Path Group:             (none)
  Path Type:              Recovery (Max at Slow Process Corner)
  Data Path Delay:        5.977ns  (logic 0.580ns (9.704%)  route 5.397ns (90.296%))
  Logic Levels:           1  (LUT1=1)
  Clock Path Skew:        -0.272ns (DCD - SCD + CPR)
    Destination Clock Delay (DCD):    2.654ns
    Source Clock Delay      (SCD):    2.926ns
    Clock Pessimism Removal (CPR):    0.000ns
  Clock Uncertainty:      0.154ns  ((TSJ^2 + TIJ^2)^1/2 + DJ) / 2 + PE
    Total System Jitter     (TSJ):    0.071ns
    Total Input Jitter      (TIJ):    0.300ns
    Discrete Jitter          (DJ):    0.000ns
    Phase Error              (PE):    0.000ns
  Timing Exception:       False Path

    Location             Delay type                Incr(ns)  Path(ns)    Netlist Resource(s)
  -------------------------------------------------------------------    -------------------
                         (clock clk_fpga_0 rise edge)
                                                      0.000     0.000 r  
    PS7_X0Y0             PS7                          0.000     0.000 r  image_block_i/processing_system7_0/inst/PS7_i/FCLKCLK[0]
                         net (fo=1, routed)           1.193     1.193    image_block_i/processing_system7_0/inst/FCLK_CLK_unbuffered[0]
    BUFGCTRL_X0Y16       BUFG (Prop_bufg_I_O)         0.101     1.294 r  image_block_i/processing_system7_0/inst/buffer_fclk_clk_0.FCLK_CLK_0_BUFG/O
                         net (fo=5609, routed)        1.632     2.926    image_block_i/rst_ps7_0_100M/U0/slowest_sync_clk
    SLICE_X48Y76         FDRE                                         r  image_block_i/rst_ps7_0_100M/U0/ACTIVE_LOW_PR_OUT_DFF[0].FDRE_PER_N/C
  -------------------------------------------------------------------    -------------------
    SLICE_X48Y76         FDRE (Prop_fdre_C_Q)         0.456     3.382 r  image_block_i/rst_ps7_0_100M/U0/ACTIVE_LOW_PR_OUT_DFF[0].FDRE_PER_N/Q
                         net (fo=54, routed)          2.455     5.837    image_block_i/axi_mem_intercon/s00_couplers/auto_pc/inst/gen_axi4_axi3.axi3_conv_inst/USE_WRITE.write_addr_inst/USE_BURSTS.cmd_queue/inst/aresetn
    SLICE_X44Y57         LUT1 (Prop_lut1_I0_O)        0.124     5.961 f  image_block_i/axi_mem_intercon/s00_couplers/auto_pc/inst/gen_axi4_axi3.axi3_conv_inst/USE_WRITE.write_addr_inst/USE_BURSTS.cmd_queue/inst/S_AXI_AREADY_I_i_1/O
                         net (fo=65, routed)          2.942     8.903    image_block_wrapper/image_block/image_block_axi_mem_intercon_0/s00_couplers_imp_VHS1OY/image_block_axi_mem_intercon_imp_auto_pc_0/image_block_axi_mem_intercon_imp_auto_pc_0_axi_protocol_converter_v2_1_37_axi_protocol_converter/image_block_axi_mem_intercon_imp_auto_pc_0_axi_protocol_converter_v2_1_37_axi3_conv/image_block_axi_mem_intercon_imp_auto_pc_0_axi_protocol_converter_v2_1_37_a_axi3_conv/image_block_axi_mem_intercon_imp_auto_pc_0_axi_data_fifo_v2_1_36_axic_fifo/image_block_axi_mem_intercon_imp_auto_pc_0_axi_data_fifo_v2_1_36_fifo_gen_1/<hidden>/<hidden>/<hidden>/<hidden>/<hidden>/<hidden>
    SLICE_X33Y62         FDPE                                         f  image_block_wrapper/image_block/image_block_axi_mem_intercon_0/s00_couplers_imp_VHS1OY/image_block_axi_mem_intercon_imp_auto_pc_0/image_block_axi_mem_intercon_imp_auto_pc_0_axi_protocol_converter_v2_1_37_axi_protocol_converter/image_block_axi_mem_intercon_imp_auto_pc_0_axi_protocol_converter_v2_1_37_axi3_conv/image_block_axi_mem_intercon_imp_auto_pc_0_axi_protocol_converter_v2_1_37_a_axi3_conv/image_block_axi_mem_intercon_imp_auto_pc_0_axi_data_fifo_v2_1_36_axic_fifo/image_block_axi_mem_intercon_imp_auto_pc_0_axi_data_fifo_v2_1_36_fifo_gen_1/<hidden>/<hidden>/<hidden>/<hidden>/<hidden>/<hidden>
  -------------------------------------------------------------------    -------------------

                         (clock clk_fpga_0 rise edge)
                                                      0.000     0.000 r  
    PS7_X0Y0             PS7                          0.000     0.000 r  image_block_i/processing_system7_0/inst/PS7_i/FCLKCLK[0]
                         net (fo=1, routed)           1.088     1.088    image_block_i/processing_system7_0/inst/FCLK_CLK_unbuffered[0]
    BUFGCTRL_X0Y16       BUFG (Prop_bufg_I_O)         0.091     1.179 r  image_block_i/processing_system7_0/inst/buffer_fclk_clk_0.FCLK_CLK_0_BUFG/O
                         net (fo=5609, routed)        1.475     2.654    image_block_wrapper/image_block/image_block_axi_mem_intercon_0/s00_couplers_imp_VHS1OY/image_block_axi_mem_intercon_imp_auto_pc_0/image_block_axi_mem_intercon_imp_auto_pc_0_axi_protocol_converter_v2_1_37_axi_protocol_converter/image_block_axi_mem_intercon_imp_auto_pc_0_axi_protocol_converter_v2_1_37_axi3_conv/image_block_axi_mem_intercon_imp_auto_pc_0_axi_protocol_converter_v2_1_37_a_axi3_conv/image_block_axi_mem_intercon_imp_auto_pc_0_axi_data_fifo_v2_1_36_axic_fifo/image_block_axi_mem_intercon_imp_auto_pc_0_axi_data_fifo_v2_1_36_fifo_gen_1/<hidden>/<hidden>/<hidden>/<hidden>/<hidden>/<hidden>
    SLICE_X33Y62         FDPE                                         r  image_block_wrapper/image_block/image_block_axi_mem_intercon_0/s00_couplers_imp_VHS1OY/image_block_axi_mem_intercon_imp_auto_pc_0/image_block_axi_mem_intercon_imp_auto_pc_0_axi_protocol_converter_v2_1_37_axi_protocol_converter/image_block_axi_mem_intercon_imp_auto_pc_0_axi_protocol_converter_v2_1_37_axi3_conv/image_block_axi_mem_intercon_imp_auto_pc_0_axi_protocol_converter_v2_1_37_a_axi3_conv/image_block_axi_mem_intercon_imp_auto_pc_0_axi_data_fifo_v2_1_36_axic_fifo/image_block_axi_mem_intercon_imp_auto_pc_0_axi_data_fifo_v2_1_36_fifo_gen_1/<hidden>/<hidden>/<hidden>/<hidden>/<hidden>/<hidden>

Slack:                    inf
  Source:                 image_block_i/axi_smc/inst/clk_map/psr_aclk/U0/ACTIVE_LOW_BSR_OUT_DFF[0].FDRE_BSR_N/C
                            (rising edge-triggered cell FDRE clocked by clk_fpga_0  {rise@0.000ns fall@5.000ns period=10.000ns})
  Destination:            image_block_i/axi_smc/inst/s00_nodes/s00_r_node/inst/s_sc_xpm_cdc_async_rst_inst/arststages_ff_reg[0]/CLR
                            (recovery check against rising-edge clock clk_fpga_0  {rise@0.000ns fall@5.000ns period=10.000ns})
  Path Group:             (none)
  Path Type:              Recovery (Max at Slow Process Corner)
  Data Path Delay:        3.582ns  (logic 0.610ns (17.031%)  route 2.972ns (82.969%))
  Logic Levels:           1  (LUT1=1)
  Clock Path Skew:        -0.480ns (DCD - SCD + CPR)
    Destination Clock Delay (DCD):    2.658ns
    Source Clock Delay      (SCD):    3.138ns
    Clock Pessimism Removal (CPR):    0.000ns
  Clock Uncertainty:      0.154ns  ((TSJ^2 + TIJ^2)^1/2 + DJ) / 2 + PE
    Total System Jitter     (TSJ):    0.071ns
    Total Input Jitter      (TIJ):    0.300ns
    Discrete Jitter          (DJ):    0.000ns
    Phase Error              (PE):    0.000ns
  Timing Exception:       False Path

    Location             Delay type                Incr(ns)  Path(ns)    Netlist Resource(s)
  -------------------------------------------------------------------    -------------------
                         (clock clk_fpga_0 rise edge)
                                                      0.000     0.000 r  
    PS7_X0Y0             PS7                          0.000     0.000 r  image_block_i/processing_system7_0/inst/PS7_i/FCLKCLK[0]
                         net (fo=1, routed)           1.193     1.193    image_block_i/processing_system7_0/inst/FCLK_CLK_unbuffered[0]
    BUFGCTRL_X0Y16       BUFG (Prop_bufg_I_O)         0.101     1.294 r  image_block_i/processing_system7_0/inst/buffer_fclk_clk_0.FCLK_CLK_0_BUFG/O
                         net (fo=5609, routed)        1.844     3.138    image_block_i/axi_smc/inst/clk_map/psr_aclk/U0/aclk
    SLICE_X41Y101        FDRE                                         r  image_block_i/axi_smc/inst/clk_map/psr_aclk/U0/ACTIVE_LOW_BSR_OUT_DFF[0].FDRE_BSR_N/C
  -------------------------------------------------------------------    -------------------
    SLICE_X41Y101        FDRE (Prop_fdre_C_Q)         0.456     3.594 r  image_block_i/axi_smc/inst/clk_map/psr_aclk/U0/ACTIVE_LOW_BSR_OUT_DFF[0].FDRE_BSR_N/Q
                         net (fo=31, routed)          2.440     6.034    image_block_i/axi_smc/inst/s00_nodes/s00_r_node/inst/s_sc_xpm_cdc_async_rst_inst/src_arst
    SLICE_X41Y93         LUT1 (Prop_lut1_I0_O)        0.154     6.188 f  image_block_i/axi_smc/inst/s00_nodes/s00_r_node/inst/s_sc_xpm_cdc_async_rst_inst/arststages_ff[2]_i_1/O
                         net (fo=3, routed)           0.532     6.720    image_block_i/axi_smc/inst/s00_nodes/s00_r_node/inst/s_sc_xpm_cdc_async_rst_inst/reset_pol
    SLICE_X41Y93         FDCE                                         f  image_block_i/axi_smc/inst/s00_nodes/s00_r_node/inst/s_sc_xpm_cdc_async_rst_inst/arststages_ff_reg[0]/CLR
  -------------------------------------------------------------------    -------------------

                         (clock clk_fpga_0 rise edge)
                                                      0.000     0.000 r  
    PS7_X0Y0             PS7                          0.000     0.000 r  image_block_i/processing_system7_0/inst/PS7_i/FCLKCLK[0]
                         net (fo=1, routed)           1.088     1.088    image_block_i/processing_system7_0/inst/FCLK_CLK_unbuffered[0]
    BUFGCTRL_X0Y16       BUFG (Prop_bufg_I_O)         0.091     1.179 r  image_block_i/processing_system7_0/inst/buffer_fclk_clk_0.FCLK_CLK_0_BUFG/O
                         net (fo=5609, routed)        1.479     2.658    image_block_i/axi_smc/inst/s00_nodes/s00_r_node/inst/s_sc_xpm_cdc_async_rst_inst/dest_clk
    SLICE_X41Y93         FDCE                                         r  image_block_i/axi_smc/inst/s00_nodes/s00_r_node/inst/s_sc_xpm_cdc_async_rst_inst/arststages_ff_reg[0]/C

Slack:                    inf
  Source:                 image_block_i/axi_smc/inst/clk_map/psr_aclk/U0/ACTIVE_LOW_BSR_OUT_DFF[0].FDRE_BSR_N/C
                            (rising edge-triggered cell FDRE clocked by clk_fpga_0  {rise@0.000ns fall@5.000ns period=10.000ns})
  Destination:            image_block_i/axi_smc/inst/s00_nodes/s00_r_node/inst/s_sc_xpm_cdc_async_rst_inst/arststages_ff_reg[1]/CLR
                            (recovery check against rising-edge clock clk_fpga_0  {rise@0.000ns fall@5.000ns period=10.000ns})
  Path Group:             (none)
  Path Type:              Recovery (Max at Slow Process Corner)
  Data Path Delay:        3.582ns  (logic 0.610ns (17.031%)  route 2.972ns (82.969%))
  Logic Levels:           1  (LUT1=1)
  Clock Path Skew:        -0.480ns (DCD - SCD + CPR)
    Destination Clock Delay (DCD):    2.658ns
    Source Clock Delay      (SCD):    3.138ns
    Clock Pessimism Removal (CPR):    0.000ns
  Clock Uncertainty:      0.154ns  ((TSJ^2 + TIJ^2)^1/2 + DJ) / 2 + PE
    Total System Jitter     (TSJ):    0.071ns
    Total Input Jitter      (TIJ):    0.300ns
    Discrete Jitter          (DJ):    0.000ns
    Phase Error              (PE):    0.000ns
  Timing Exception:       False Path

    Location             Delay type                Incr(ns)  Path(ns)    Netlist Resource(s)
  -------------------------------------------------------------------    -------------------
                         (clock clk_fpga_0 rise edge)
                                                      0.000     0.000 r  
    PS7_X0Y0             PS7                          0.000     0.000 r  image_block_i/processing_system7_0/inst/PS7_i/FCLKCLK[0]
                         net (fo=1, routed)           1.193     1.193    image_block_i/processing_system7_0/inst/FCLK_CLK_unbuffered[0]
    BUFGCTRL_X0Y16       BUFG (Prop_bufg_I_O)         0.101     1.294 r  image_block_i/processing_system7_0/inst/buffer_fclk_clk_0.FCLK_CLK_0_BUFG/O
                         net (fo=5609, routed)        1.844     3.138    image_block_i/axi_smc/inst/clk_map/psr_aclk/U0/aclk
    SLICE_X41Y101        FDRE                                         r  image_block_i/axi_smc/inst/clk_map/psr_aclk/U0/ACTIVE_LOW_BSR_OUT_DFF[0].FDRE_BSR_N/C
  -------------------------------------------------------------------    -------------------
    SLICE_X41Y101        FDRE (Prop_fdre_C_Q)         0.456     3.594 r  image_block_i/axi_smc/inst/clk_map/psr_aclk/U0/ACTIVE_LOW_BSR_OUT_DFF[0].FDRE_BSR_N/Q
                         net (fo=31, routed)          2.440     6.034    image_block_i/axi_smc/inst/s00_nodes/s00_r_node/inst/s_sc_xpm_cdc_async_rst_inst/src_arst
    SLICE_X41Y93         LUT1 (Prop_lut1_I0_O)        0.154     6.188 f  image_block_i/axi_smc/inst/s00_nodes/s00_r_node/inst/s_sc_xpm_cdc_async_rst_inst/arststages_ff[2]_i_1/O
                         net (fo=3, routed)           0.532     6.720    image_block_i/axi_smc/inst/s00_nodes/s00_r_node/inst/s_sc_xpm_cdc_async_rst_inst/reset_pol
    SLICE_X41Y93         FDCE                                         f  image_block_i/axi_smc/inst/s00_nodes/s00_r_node/inst/s_sc_xpm_cdc_async_rst_inst/arststages_ff_reg[1]/CLR
  -------------------------------------------------------------------    -------------------

                         (clock clk_fpga_0 rise edge)
                                                      0.000     0.000 r  
    PS7_X0Y0             PS7                          0.000     0.000 r  image_block_i/processing_system7_0/inst/PS7_i/FCLKCLK[0]
                         net (fo=1, routed)           1.088     1.088    image_block_i/processing_system7_0/inst/FCLK_CLK_unbuffered[0]
    BUFGCTRL_X0Y16       BUFG (Prop_bufg_I_O)         0.091     1.179 r  image_block_i/processing_system7_0/inst/buffer_fclk_clk_0.FCLK_CLK_0_BUFG/O
                         net (fo=5609, routed)        1.479     2.658    image_block_i/axi_smc/inst/s00_nodes/s00_r_node/inst/s_sc_xpm_cdc_async_rst_inst/dest_clk
    SLICE_X41Y93         FDCE                                         r  image_block_i/axi_smc/inst/s00_nodes/s00_r_node/inst/s_sc_xpm_cdc_async_rst_inst/arststages_ff_reg[1]/C

Slack:                    inf
  Source:                 image_block_i/axi_smc/inst/clk_map/psr_aclk/U0/ACTIVE_LOW_BSR_OUT_DFF[0].FDRE_BSR_N/C
                            (rising edge-triggered cell FDRE clocked by clk_fpga_0  {rise@0.000ns fall@5.000ns period=10.000ns})
  Destination:            image_block_i/axi_smc/inst/s00_nodes/s00_r_node/inst/s_sc_xpm_cdc_async_rst_inst/arststages_ff_reg[2]/CLR
                            (recovery check against rising-edge clock clk_fpga_0  {rise@0.000ns fall@5.000ns period=10.000ns})
  Path Group:             (none)
  Path Type:              Recovery (Max at Slow Process Corner)
  Data Path Delay:        3.582ns  (logic 0.610ns (17.031%)  route 2.972ns (82.969%))
  Logic Levels:           1  (LUT1=1)
  Clock Path Skew:        -0.480ns (DCD - SCD + CPR)
    Destination Clock Delay (DCD):    2.658ns
    Source Clock Delay      (SCD):    3.138ns
    Clock Pessimism Removal (CPR):    0.000ns
  Clock Uncertainty:      0.154ns  ((TSJ^2 + TIJ^2)^1/2 + DJ) / 2 + PE
    Total System Jitter     (TSJ):    0.071ns
    Total Input Jitter      (TIJ):    0.300ns
    Discrete Jitter          (DJ):    0.000ns
    Phase Error              (PE):    0.000ns
  Timing Exception:       False Path

    Location             Delay type                Incr(ns)  Path(ns)    Netlist Resource(s)
  -------------------------------------------------------------------    -------------------
                         (clock clk_fpga_0 rise edge)
                                                      0.000     0.000 r  
    PS7_X0Y0             PS7                          0.000     0.000 r  image_block_i/processing_system7_0/inst/PS7_i/FCLKCLK[0]
                         net (fo=1, routed)           1.193     1.193    image_block_i/processing_system7_0/inst/FCLK_CLK_unbuffered[0]
    BUFGCTRL_X0Y16       BUFG (Prop_bufg_I_O)         0.101     1.294 r  image_block_i/processing_system7_0/inst/buffer_fclk_clk_0.FCLK_CLK_0_BUFG/O
                         net (fo=5609, routed)        1.844     3.138    image_block_i/axi_smc/inst/clk_map/psr_aclk/U0/aclk
    SLICE_X41Y101        FDRE                                         r  image_block_i/axi_smc/inst/clk_map/psr_aclk/U0/ACTIVE_LOW_BSR_OUT_DFF[0].FDRE_BSR_N/C
  -------------------------------------------------------------------    -------------------
    SLICE_X41Y101        FDRE (Prop_fdre_C_Q)         0.456     3.594 r  image_block_i/axi_smc/inst/clk_map/psr_aclk/U0/ACTIVE_LOW_BSR_OUT_DFF[0].FDRE_BSR_N/Q
                         net (fo=31, routed)          2.440     6.034    image_block_i/axi_smc/inst/s00_nodes/s00_r_node/inst/s_sc_xpm_cdc_async_rst_inst/src_arst
    SLICE_X41Y93         LUT1 (Prop_lut1_I0_O)        0.154     6.188 f  image_block_i/axi_smc/inst/s00_nodes/s00_r_node/inst/s_sc_xpm_cdc_async_rst_inst/arststages_ff[2]_i_1/O
                         net (fo=3, routed)           0.532     6.720    image_block_i/axi_smc/inst/s00_nodes/s00_r_node/inst/s_sc_xpm_cdc_async_rst_inst/reset_pol
    SLICE_X41Y93         FDCE                                         f  image_block_i/axi_smc/inst/s00_nodes/s00_r_node/inst/s_sc_xpm_cdc_async_rst_inst/arststages_ff_reg[2]/CLR
  -------------------------------------------------------------------    -------------------

                         (clock clk_fpga_0 rise edge)
                                                      0.000     0.000 r  
    PS7_X0Y0             PS7                          0.000     0.000 r  image_block_i/processing_system7_0/inst/PS7_i/FCLKCLK[0]
                         net (fo=1, routed)           1.088     1.088    image_block_i/processing_system7_0/inst/FCLK_CLK_unbuffered[0]
    BUFGCTRL_X0Y16       BUFG (Prop_bufg_I_O)         0.091     1.179 r  image_block_i/processing_system7_0/inst/buffer_fclk_clk_0.FCLK_CLK_0_BUFG/O
                         net (fo=5609, routed)        1.479     2.658    image_block_i/axi_smc/inst/s00_nodes/s00_r_node/inst/s_sc_xpm_cdc_async_rst_inst/dest_clk
    SLICE_X41Y93         FDCE                                         r  image_block_i/axi_smc/inst/s00_nodes/s00_r_node/inst/s_sc_xpm_cdc_async_rst_inst/arststages_ff_reg[2]/C

Slack:                    inf
  Source:                 image_block_i/axi_smc/inst/clk_map/psr_aclk/U0/ACTIVE_LOW_BSR_OUT_DFF[0].FDRE_BSR_N/C
                            (rising edge-triggered cell FDRE clocked by clk_fpga_0  {rise@0.000ns fall@5.000ns period=10.000ns})
  Destination:            image_block_i/axi_smc/inst/s00_nodes/s00_ar_node/inst/s_sc_xpm_cdc_async_rst_inst/arststages_ff_reg[0]/CLR
                            (recovery check against rising-edge clock clk_fpga_0  {rise@0.000ns fall@5.000ns period=10.000ns})
  Path Group:             (none)
  Path Type:              Recovery (Max at Slow Process Corner)
  Data Path Delay:        3.549ns  (logic 0.580ns (16.344%)  route 2.969ns (83.656%))
  Logic Levels:           1  (LUT1=1)
  Clock Path Skew:        -0.481ns (DCD - SCD + CPR)
    Destination Clock Delay (DCD):    2.657ns
    Source Clock Delay      (SCD):    3.138ns
    Clock Pessimism Removal (CPR):    0.000ns
  Clock Uncertainty:      0.154ns  ((TSJ^2 + TIJ^2)^1/2 + DJ) / 2 + PE
    Total System Jitter     (TSJ):    0.071ns
    Total Input Jitter      (TIJ):    0.300ns
    Discrete Jitter          (DJ):    0.000ns
    Phase Error              (PE):    0.000ns
  Timing Exception:       False Path

    Location             Delay type                Incr(ns)  Path(ns)    Netlist Resource(s)
  -------------------------------------------------------------------    -------------------
                         (clock clk_fpga_0 rise edge)
                                                      0.000     0.000 r  
    PS7_X0Y0             PS7                          0.000     0.000 r  image_block_i/processing_system7_0/inst/PS7_i/FCLKCLK[0]
                         net (fo=1, routed)           1.193     1.193    image_block_i/processing_system7_0/inst/FCLK_CLK_unbuffered[0]
    BUFGCTRL_X0Y16       BUFG (Prop_bufg_I_O)         0.101     1.294 r  image_block_i/processing_system7_0/inst/buffer_fclk_clk_0.FCLK_CLK_0_BUFG/O
                         net (fo=5609, routed)        1.844     3.138    image_block_i/axi_smc/inst/clk_map/psr_aclk/U0/aclk
    SLICE_X41Y101        FDRE                                         r  image_block_i/axi_smc/inst/clk_map/psr_aclk/U0/ACTIVE_LOW_BSR_OUT_DFF[0].FDRE_BSR_N/C
  -------------------------------------------------------------------    -------------------
    SLICE_X41Y101        FDRE (Prop_fdre_C_Q)         0.456     3.594 r  image_block_i/axi_smc/inst/clk_map/psr_aclk/U0/ACTIVE_LOW_BSR_OUT_DFF[0].FDRE_BSR_N/Q
                         net (fo=31, routed)          2.440     6.034    image_block_i/axi_smc/inst/s00_nodes/s00_ar_node/inst/s_sc_xpm_cdc_async_rst_inst/src_arst
    SLICE_X41Y93         LUT1 (Prop_lut1_I0_O)        0.124     6.158 f  image_block_i/axi_smc/inst/s00_nodes/s00_ar_node/inst/s_sc_xpm_cdc_async_rst_inst/arststages_ff[2]_i_1/O
                         net (fo=3, routed)           0.529     6.687    image_block_i/axi_smc/inst/s00_nodes/s00_ar_node/inst/s_sc_xpm_cdc_async_rst_inst/reset_pol
    SLICE_X41Y91         FDCE                                         f  image_block_i/axi_smc/inst/s00_nodes/s00_ar_node/inst/s_sc_xpm_cdc_async_rst_inst/arststages_ff_reg[0]/CLR
  -------------------------------------------------------------------    -------------------

                         (clock clk_fpga_0 rise edge)
                                                      0.000     0.000 r  
    PS7_X0Y0             PS7                          0.000     0.000 r  image_block_i/processing_system7_0/inst/PS7_i/FCLKCLK[0]
                         net (fo=1, routed)           1.088     1.088    image_block_i/processing_system7_0/inst/FCLK_CLK_unbuffered[0]
    BUFGCTRL_X0Y16       BUFG (Prop_bufg_I_O)         0.091     1.179 r  image_block_i/processing_system7_0/inst/buffer_fclk_clk_0.FCLK_CLK_0_BUFG/O
                         net (fo=5609, routed)        1.478     2.657    image_block_i/axi_smc/inst/s00_nodes/s00_ar_node/inst/s_sc_xpm_cdc_async_rst_inst/dest_clk
    SLICE_X41Y91         FDCE                                         r  image_block_i/axi_smc/inst/s00_nodes/s00_ar_node/inst/s_sc_xpm_cdc_async_rst_inst/arststages_ff_reg[0]/C

Slack:                    inf
  Source:                 image_block_i/axi_smc/inst/clk_map/psr_aclk/U0/ACTIVE_LOW_BSR_OUT_DFF[0].FDRE_BSR_N/C
                            (rising edge-triggered cell FDRE clocked by clk_fpga_0  {rise@0.000ns fall@5.000ns period=10.000ns})
  Destination:            image_block_i/axi_smc/inst/s00_nodes/s00_ar_node/inst/s_sc_xpm_cdc_async_rst_inst/arststages_ff_reg[1]/CLR
                            (recovery check against rising-edge clock clk_fpga_0  {rise@0.000ns fall@5.000ns period=10.000ns})
  Path Group:             (none)
  Path Type:              Recovery (Max at Slow Process Corner)
  Data Path Delay:        3.549ns  (logic 0.580ns (16.344%)  route 2.969ns (83.656%))
  Logic Levels:           1  (LUT1=1)
  Clock Path Skew:        -0.481ns (DCD - SCD + CPR)
    Destination Clock Delay (DCD):    2.657ns
    Source Clock Delay      (SCD):    3.138ns
    Clock Pessimism Removal (CPR):    0.000ns
  Clock Uncertainty:      0.154ns  ((TSJ^2 + TIJ^2)^1/2 + DJ) / 2 + PE
    Total System Jitter     (TSJ):    0.071ns
    Total Input Jitter      (TIJ):    0.300ns
    Discrete Jitter          (DJ):    0.000ns
    Phase Error              (PE):    0.000ns
  Timing Exception:       False Path

    Location             Delay type                Incr(ns)  Path(ns)    Netlist Resource(s)
  -------------------------------------------------------------------    -------------------
                         (clock clk_fpga_0 rise edge)
                                                      0.000     0.000 r  
    PS7_X0Y0             PS7                          0.000     0.000 r  image_block_i/processing_system7_0/inst/PS7_i/FCLKCLK[0]
                         net (fo=1, routed)           1.193     1.193    image_block_i/processing_system7_0/inst/FCLK_CLK_unbuffered[0]
    BUFGCTRL_X0Y16       BUFG (Prop_bufg_I_O)         0.101     1.294 r  image_block_i/processing_system7_0/inst/buffer_fclk_clk_0.FCLK_CLK_0_BUFG/O
                         net (fo=5609, routed)        1.844     3.138    image_block_i/axi_smc/inst/clk_map/psr_aclk/U0/aclk
    SLICE_X41Y101        FDRE                                         r  image_block_i/axi_smc/inst/clk_map/psr_aclk/U0/ACTIVE_LOW_BSR_OUT_DFF[0].FDRE_BSR_N/C
  -------------------------------------------------------------------    -------------------
    SLICE_X41Y101        FDRE (Prop_fdre_C_Q)         0.456     3.594 r  image_block_i/axi_smc/inst/clk_map/psr_aclk/U0/ACTIVE_LOW_BSR_OUT_DFF[0].FDRE_BSR_N/Q
                         net (fo=31, routed)          2.440     6.034    image_block_i/axi_smc/inst/s00_nodes/s00_ar_node/inst/s_sc_xpm_cdc_async_rst_inst/src_arst
    SLICE_X41Y93         LUT1 (Prop_lut1_I0_O)        0.124     6.158 f  image_block_i/axi_smc/inst/s00_nodes/s00_ar_node/inst/s_sc_xpm_cdc_async_rst_inst/arststages_ff[2]_i_1/O
                         net (fo=3, routed)           0.529     6.687    image_block_i/axi_smc/inst/s00_nodes/s00_ar_node/inst/s_sc_xpm_cdc_async_rst_inst/reset_pol
    SLICE_X41Y91         FDCE                                         f  image_block_i/axi_smc/inst/s00_nodes/s00_ar_node/inst/s_sc_xpm_cdc_async_rst_inst/arststages_ff_reg[1]/CLR
  -------------------------------------------------------------------    -------------------

                         (clock clk_fpga_0 rise edge)
                                                      0.000     0.000 r  
    PS7_X0Y0             PS7                          0.000     0.000 r  image_block_i/processing_system7_0/inst/PS7_i/FCLKCLK[0]
                         net (fo=1, routed)           1.088     1.088    image_block_i/processing_system7_0/inst/FCLK_CLK_unbuffered[0]
    BUFGCTRL_X0Y16       BUFG (Prop_bufg_I_O)         0.091     1.179 r  image_block_i/processing_system7_0/inst/buffer_fclk_clk_0.FCLK_CLK_0_BUFG/O
                         net (fo=5609, routed)        1.478     2.657    image_block_i/axi_smc/inst/s00_nodes/s00_ar_node/inst/s_sc_xpm_cdc_async_rst_inst/dest_clk
    SLICE_X41Y91         FDCE                                         r  image_block_i/axi_smc/inst/s00_nodes/s00_ar_node/inst/s_sc_xpm_cdc_async_rst_inst/arststages_ff_reg[1]/C

Slack:                    inf
  Source:                 image_block_i/axi_smc/inst/clk_map/psr_aclk/U0/ACTIVE_LOW_BSR_OUT_DFF[0].FDRE_BSR_N/C
                            (rising edge-triggered cell FDRE clocked by clk_fpga_0  {rise@0.000ns fall@5.000ns period=10.000ns})
  Destination:            image_block_i/axi_smc/inst/s00_nodes/s00_ar_node/inst/s_sc_xpm_cdc_async_rst_inst/arststages_ff_reg[2]/CLR
                            (recovery check against rising-edge clock clk_fpga_0  {rise@0.000ns fall@5.000ns period=10.000ns})
  Path Group:             (none)
  Path Type:              Recovery (Max at Slow Process Corner)
  Data Path Delay:        3.549ns  (logic 0.580ns (16.344%)  route 2.969ns (83.656%))
  Logic Levels:           1  (LUT1=1)
  Clock Path Skew:        -0.481ns (DCD - SCD + CPR)
    Destination Clock Delay (DCD):    2.657ns
    Source Clock Delay      (SCD):    3.138ns
    Clock Pessimism Removal (CPR):    0.000ns
  Clock Uncertainty:      0.154ns  ((TSJ^2 + TIJ^2)^1/2 + DJ) / 2 + PE
    Total System Jitter     (TSJ):    0.071ns
    Total Input Jitter      (TIJ):    0.300ns
    Discrete Jitter          (DJ):    0.000ns
    Phase Error              (PE):    0.000ns
  Timing Exception:       False Path

    Location             Delay type                Incr(ns)  Path(ns)    Netlist Resource(s)
  -------------------------------------------------------------------    -------------------
                         (clock clk_fpga_0 rise edge)
                                                      0.000     0.000 r  
    PS7_X0Y0             PS7                          0.000     0.000 r  image_block_i/processing_system7_0/inst/PS7_i/FCLKCLK[0]
                         net (fo=1, routed)           1.193     1.193    image_block_i/processing_system7_0/inst/FCLK_CLK_unbuffered[0]
    BUFGCTRL_X0Y16       BUFG (Prop_bufg_I_O)         0.101     1.294 r  image_block_i/processing_system7_0/inst/buffer_fclk_clk_0.FCLK_CLK_0_BUFG/O
                         net (fo=5609, routed)        1.844     3.138    image_block_i/axi_smc/inst/clk_map/psr_aclk/U0/aclk
    SLICE_X41Y101        FDRE                                         r  image_block_i/axi_smc/inst/clk_map/psr_aclk/U0/ACTIVE_LOW_BSR_OUT_DFF[0].FDRE_BSR_N/C
  -------------------------------------------------------------------    -------------------
    SLICE_X41Y101        FDRE (Prop_fdre_C_Q)         0.456     3.594 r  image_block_i/axi_smc/inst/clk_map/psr_aclk/U0/ACTIVE_LOW_BSR_OUT_DFF[0].FDRE_BSR_N/Q
                         net (fo=31, routed)          2.440     6.034    image_block_i/axi_smc/inst/s00_nodes/s00_ar_node/inst/s_sc_xpm_cdc_async_rst_inst/src_arst
    SLICE_X41Y93         LUT1 (Prop_lut1_I0_O)        0.124     6.158 f  image_block_i/axi_smc/inst/s00_nodes/s00_ar_node/inst/s_sc_xpm_cdc_async_rst_inst/arststages_ff[2]_i_1/O
                         net (fo=3, routed)           0.529     6.687    image_block_i/axi_smc/inst/s00_nodes/s00_ar_node/inst/s_sc_xpm_cdc_async_rst_inst/reset_pol
    SLICE_X41Y91         FDCE                                         f  image_block_i/axi_smc/inst/s00_nodes/s00_ar_node/inst/s_sc_xpm_cdc_async_rst_inst/arststages_ff_reg[2]/CLR
  -------------------------------------------------------------------    -------------------

                         (clock clk_fpga_0 rise edge)
                                                      0.000     0.000 r  
    PS7_X0Y0             PS7                          0.000     0.000 r  image_block_i/processing_system7_0/inst/PS7_i/FCLKCLK[0]
                         net (fo=1, routed)           1.088     1.088    image_block_i/processing_system7_0/inst/FCLK_CLK_unbuffered[0]
    BUFGCTRL_X0Y16       BUFG (Prop_bufg_I_O)         0.091     1.179 r  image_block_i/processing_system7_0/inst/buffer_fclk_clk_0.FCLK_CLK_0_BUFG/O
                         net (fo=5609, routed)        1.478     2.657    image_block_i/axi_smc/inst/s00_nodes/s00_ar_node/inst/s_sc_xpm_cdc_async_rst_inst/dest_clk
    SLICE_X41Y91         FDCE                                         r  image_block_i/axi_smc/inst/s00_nodes/s00_ar_node/inst/s_sc_xpm_cdc_async_rst_inst/arststages_ff_reg[2]/C

Slack:                    inf
  Source:                 image_block_i/rst_ps7_0_100M/U0/ACTIVE_LOW_PR_OUT_DFF[0].FDRE_PER_N/C
                            (rising edge-triggered cell FDRE clocked by clk_fpga_0  {rise@0.000ns fall@5.000ns period=10.000ns})
  Destination:            image_block_i/axi_smc/inst/clk_map/psr_aclk/U0/EXT_LPF/ACTIVE_LOW_AUX.ACT_LO_AUX/syncstages_ff_reg[0]/D
                            (rising edge-triggered cell FDRE clocked by clk_fpga_0  {rise@0.000ns fall@5.000ns period=10.000ns})
  Path Group:             (none)
  Path Type:              Setup (Max at Slow Process Corner)
  Data Path Delay:        3.666ns  (logic 0.580ns (15.821%)  route 3.086ns (84.179%))
  Logic Levels:           1  (LUT1=1)
  Clock Path Skew:        -0.267ns (DCD - SCD + CPR)
    Destination Clock Delay (DCD):    2.659ns
    Source Clock Delay      (SCD):    2.926ns
    Clock Pessimism Removal (CPR):    0.000ns
  Clock Uncertainty:      0.154ns  ((TSJ^2 + TIJ^2)^1/2 + DJ) / 2 + PE
    Total System Jitter     (TSJ):    0.071ns
    Total Input Jitter      (TIJ):    0.300ns
    Discrete Jitter          (DJ):    0.000ns
    Phase Error              (PE):    0.000ns
  Timing Exception:       False Path

    Location             Delay type                Incr(ns)  Path(ns)    Netlist Resource(s)
  -------------------------------------------------------------------    -------------------
                         (clock clk_fpga_0 rise edge)
                                                      0.000     0.000 r  
    PS7_X0Y0             PS7                          0.000     0.000 r  image_block_i/processing_system7_0/inst/PS7_i/FCLKCLK[0]
                         net (fo=1, routed)           1.193     1.193    image_block_i/processing_system7_0/inst/FCLK_CLK_unbuffered[0]
    BUFGCTRL_X0Y16       BUFG (Prop_bufg_I_O)         0.101     1.294 r  image_block_i/processing_system7_0/inst/buffer_fclk_clk_0.FCLK_CLK_0_BUFG/O
                         net (fo=5609, routed)        1.632     2.926    image_block_i/rst_ps7_0_100M/U0/slowest_sync_clk
    SLICE_X48Y76         FDRE                                         r  image_block_i/rst_ps7_0_100M/U0/ACTIVE_LOW_PR_OUT_DFF[0].FDRE_PER_N/C
  -------------------------------------------------------------------    -------------------
    SLICE_X48Y76         FDRE (Prop_fdre_C_Q)         0.456     3.382 f  image_block_i/rst_ps7_0_100M/U0/ACTIVE_LOW_PR_OUT_DFF[0].FDRE_PER_N/Q
                         net (fo=54, routed)          1.939     5.321    image_block_i/axi_smc/inst/clk_map/psr_aclk/U0/EXT_LPF/aresetn
    SLICE_X43Y94         LUT1 (Prop_lut1_I0_O)        0.124     5.445 r  image_block_i/axi_smc/inst/clk_map/psr_aclk/U0/EXT_LPF/ACTIVE_LOW_AUX.ACT_LO_AUX_i_1/O
                         net (fo=1, routed)           1.147     6.592    image_block_i/axi_smc/inst/clk_map/psr_aclk/U0/EXT_LPF/ACTIVE_LOW_AUX.ACT_LO_AUX/src_in
    SLICE_X40Y98         FDRE                                         r  image_block_i/axi_smc/inst/clk_map/psr_aclk/U0/EXT_LPF/ACTIVE_LOW_AUX.ACT_LO_AUX/syncstages_ff_reg[0]/D
  -------------------------------------------------------------------    -------------------

                         (clock clk_fpga_0 rise edge)
                                                      0.000     0.000 r  
    PS7_X0Y0             PS7                          0.000     0.000 r  image_block_i/processing_system7_0/inst/PS7_i/FCLKCLK[0]
                         net (fo=1, routed)           1.088     1.088    image_block_i/processing_system7_0/inst/FCLK_CLK_unbuffered[0]
    BUFGCTRL_X0Y16       BUFG (Prop_bufg_I_O)         0.091     1.179 r  image_block_i/processing_system7_0/inst/buffer_fclk_clk_0.FCLK_CLK_0_BUFG/O
                         net (fo=5609, routed)        1.480     2.659    image_block_i/axi_smc/inst/clk_map/psr_aclk/U0/EXT_LPF/ACTIVE_LOW_AUX.ACT_LO_AUX/dest_clk
    SLICE_X40Y98         FDRE                                         r  image_block_i/axi_smc/inst/clk_map/psr_aclk/U0/EXT_LPF/ACTIVE_LOW_AUX.ACT_LO_AUX/syncstages_ff_reg[0]/C

Slack:                    inf
  Source:                 image_block_i/rst_ps7_0_100M/U0/ACTIVE_LOW_PR_OUT_DFF[0].FDRE_PER_N/C
                            (rising edge-triggered cell FDRE clocked by clk_fpga_0  {rise@0.000ns fall@5.000ns period=10.000ns})
  Destination:            image_block_wrapper/image_block/image_block_axi_mem_intercon_0/s00_couplers_imp_VHS1OY/image_block_axi_mem_intercon_imp_auto_pc_0/image_block_axi_mem_intercon_imp_auto_pc_0_axi_protocol_converter_v2_1_37_axi_protocol_converter/image_block_axi_mem_intercon_imp_auto_pc_0_axi_protocol_converter_v2_1_37_axi3_conv/image_block_axi_mem_intercon_imp_auto_pc_0_axi_protocol_converter_v2_1_37_a_axi3_conv/image_block_axi_mem_intercon_imp_auto_pc_0_axi_data_fifo_v2_1_36_axic_fifo_0/image_block_axi_mem_intercon_imp_auto_pc_0_axi_data_fifo_v2_1_36_fifo_gen/<hidden>/<hidden>/<hidden>/<hidden>/<hidden>/<hidden>
                            (recovery check against rising-edge clock clk_fpga_0  {rise@0.000ns fall@5.000ns period=10.000ns})
  Path Group:             (none)
  Path Type:              Recovery (Max at Slow Process Corner)
  Data Path Delay:        3.577ns  (logic 0.580ns (16.214%)  route 2.997ns (83.786%))
  Logic Levels:           1  (LUT1=1)
  Clock Path Skew:        -0.271ns (DCD - SCD + CPR)
    Destination Clock Delay (DCD):    2.655ns
    Source Clock Delay      (SCD):    2.926ns
    Clock Pessimism Removal (CPR):    0.000ns
  Clock Uncertainty:      0.154ns  ((TSJ^2 + TIJ^2)^1/2 + DJ) / 2 + PE
    Total System Jitter     (TSJ):    0.071ns
    Total Input Jitter      (TIJ):    0.300ns
    Discrete Jitter          (DJ):    0.000ns
    Phase Error              (PE):    0.000ns
  Timing Exception:       False Path

    Location             Delay type                Incr(ns)  Path(ns)    Netlist Resource(s)
  -------------------------------------------------------------------    -------------------
                         (clock clk_fpga_0 rise edge)
                                                      0.000     0.000 r  
    PS7_X0Y0             PS7                          0.000     0.000 r  image_block_i/processing_system7_0/inst/PS7_i/FCLKCLK[0]
                         net (fo=1, routed)           1.193     1.193    image_block_i/processing_system7_0/inst/FCLK_CLK_unbuffered[0]
    BUFGCTRL_X0Y16       BUFG (Prop_bufg_I_O)         0.101     1.294 r  image_block_i/processing_system7_0/inst/buffer_fclk_clk_0.FCLK_CLK_0_BUFG/O
                         net (fo=5609, routed)        1.632     2.926    image_block_i/rst_ps7_0_100M/U0/slowest_sync_clk
    SLICE_X48Y76         FDRE                                         r  image_block_i/rst_ps7_0_100M/U0/ACTIVE_LOW_PR_OUT_DFF[0].FDRE_PER_N/C
  -------------------------------------------------------------------    -------------------
    SLICE_X48Y76         FDRE (Prop_fdre_C_Q)         0.456     3.382 r  image_block_i/rst_ps7_0_100M/U0/ACTIVE_LOW_PR_OUT_DFF[0].FDRE_PER_N/Q
                         net (fo=54, routed)          2.455     5.837    image_block_i/axi_mem_intercon/s00_couplers/auto_pc/inst/gen_axi4_axi3.axi3_conv_inst/USE_WRITE.write_addr_inst/USE_BURSTS.cmd_queue/inst/aresetn
    SLICE_X44Y57         LUT1 (Prop_lut1_I0_O)        0.124     5.961 f  image_block_i/axi_mem_intercon/s00_couplers/auto_pc/inst/gen_axi4_axi3.axi3_conv_inst/USE_WRITE.write_addr_inst/USE_BURSTS.cmd_queue/inst/S_AXI_AREADY_I_i_1/O
                         net (fo=65, routed)          0.542     6.503    image_block_wrapper/image_block/image_block_axi_mem_intercon_0/s00_couplers_imp_VHS1OY/image_block_axi_mem_intercon_imp_auto_pc_0/image_block_axi_mem_intercon_imp_auto_pc_0_axi_protocol_converter_v2_1_37_axi_protocol_converter/image_block_axi_mem_intercon_imp_auto_pc_0_axi_protocol_converter_v2_1_37_axi3_conv/image_block_axi_mem_intercon_imp_auto_pc_0_axi_protocol_converter_v2_1_37_a_axi3_conv/image_block_axi_mem_intercon_imp_auto_pc_0_axi_data_fifo_v2_1_36_axic_fifo_0/image_block_axi_mem_intercon_imp_auto_pc_0_axi_data_fifo_v2_1_36_fifo_gen/<hidden>/<hidden>/<hidden>/<hidden>/<hidden>/<hidden>
    SLICE_X48Y57         FDPE                                         f  image_block_wrapper/image_block/image_block_axi_mem_intercon_0/s00_couplers_imp_VHS1OY/image_block_axi_mem_intercon_imp_auto_pc_0/image_block_axi_mem_intercon_imp_auto_pc_0_axi_protocol_converter_v2_1_37_axi_protocol_converter/image_block_axi_mem_intercon_imp_auto_pc_0_axi_protocol_converter_v2_1_37_axi3_conv/image_block_axi_mem_intercon_imp_auto_pc_0_axi_protocol_converter_v2_1_37_a_axi3_conv/image_block_axi_mem_intercon_imp_auto_pc_0_axi_data_fifo_v2_1_36_axic_fifo_0/image_block_axi_mem_intercon_imp_auto_pc_0_axi_data_fifo_v2_1_36_fifo_gen/<hidden>/<hidden>/<hidden>/<hidden>/<hidden>/<hidden>
  -------------------------------------------------------------------    -------------------

                         (clock clk_fpga_0 rise edge)
                                                      0.000     0.000 r  
    PS7_X0Y0             PS7                          0.000     0.000 r  image_block_i/processing_system7_0/inst/PS7_i/FCLKCLK[0]
                         net (fo=1, routed)           1.088     1.088    image_block_i/processing_system7_0/inst/FCLK_CLK_unbuffered[0]
    BUFGCTRL_X0Y16       BUFG (Prop_bufg_I_O)         0.091     1.179 r  image_block_i/processing_system7_0/inst/buffer_fclk_clk_0.FCLK_CLK_0_BUFG/O
                         net (fo=5609, routed)        1.476     2.655    image_block_wrapper/image_block/image_block_axi_mem_intercon_0/s00_couplers_imp_VHS1OY/image_block_axi_mem_intercon_imp_auto_pc_0/image_block_axi_mem_intercon_imp_auto_pc_0_axi_protocol_converter_v2_1_37_axi_protocol_converter/image_block_axi_mem_intercon_imp_auto_pc_0_axi_protocol_converter_v2_1_37_axi3_conv/image_block_axi_mem_intercon_imp_auto_pc_0_axi_protocol_converter_v2_1_37_a_axi3_conv/image_block_axi_mem_intercon_imp_auto_pc_0_axi_data_fifo_v2_1_36_axic_fifo_0/image_block_axi_mem_intercon_imp_auto_pc_0_axi_data_fifo_v2_1_36_fifo_gen/<hidden>/<hidden>/<hidden>/<hidden>/<hidden>/<hidden>
    SLICE_X48Y57         FDPE                                         r  image_block_wrapper/image_block/image_block_axi_mem_intercon_0/s00_couplers_imp_VHS1OY/image_block_axi_mem_intercon_imp_auto_pc_0/image_block_axi_mem_intercon_imp_auto_pc_0_axi_protocol_converter_v2_1_37_axi_protocol_converter/image_block_axi_mem_intercon_imp_auto_pc_0_axi_protocol_converter_v2_1_37_axi3_conv/image_block_axi_mem_intercon_imp_auto_pc_0_axi_protocol_converter_v2_1_37_a_axi3_conv/image_block_axi_mem_intercon_imp_auto_pc_0_axi_data_fifo_v2_1_36_axic_fifo_0/image_block_axi_mem_intercon_imp_auto_pc_0_axi_data_fifo_v2_1_36_fifo_gen/<hidden>/<hidden>/<hidden>/<hidden>/<hidden>/<hidden>





Min Delay Paths
--------------------------------------------------------------------------------------
Slack:                    inf
  Source:                 image_block_i/axi_vdma_0/U0/AXI_LITE_REG_INTERFACE_I/GEN_AXI_LITE_IF.AXI_LITE_IF_I/GEN_LITE_IS_ASYNC.GEN_S2MM_ONLY_ASYNC_LITE_ACCESS.s2mm_ip2axi_rddata_d1_reg[19]/C
                            (rising edge-triggered cell FDRE clocked by clk_fpga_0  {rise@0.000ns fall@5.000ns period=10.000ns})
  Destination:            image_block_i/axi_vdma_0/U0/AXI_LITE_REG_INTERFACE_I/GEN_AXI_LITE_IF.AXI_LITE_IF_I/GEN_LITE_IS_ASYNC.GEN_S2MM_ONLY_ASYNC_LITE_ACCESS.ip2axi_rddata_captured_s2mm_cdc_tig_reg[19]/D
                            (rising edge-triggered cell FDRE clocked by clk_fpga_0  {rise@0.000ns fall@5.000ns period=10.000ns})
  Path Group:             (none)
  Path Type:              Hold (Min at Fast Process Corner)
  Data Path Delay:        0.220ns  (logic 0.164ns (74.580%)  route 0.056ns (25.420%))
  Logic Levels:           0  
  Clock Path Skew:        0.295ns (DCD - SCD - CPR)
    Destination Clock Delay (DCD):    1.174ns
    Source Clock Delay      (SCD):    0.879ns
    Clock Pessimism Removal (CPR):    -0.000ns
  Clock Uncertainty:      0.154ns  ((TSJ^2 + TIJ^2)^1/2 + DJ) / 2 + PE
    Total System Jitter     (TSJ):    0.071ns
    Total Input Jitter      (TIJ):    0.300ns
    Discrete Jitter          (DJ):    0.000ns
    Phase Error              (PE):    0.000ns
  Timing Exception:       False Path

    Location             Delay type                Incr(ns)  Path(ns)    Netlist Resource(s)
  -------------------------------------------------------------------    -------------------
                         (clock clk_fpga_0 rise edge)
                                                      0.000     0.000 r  
    PS7_X0Y0             PS7                          0.000     0.000 r  image_block_i/processing_system7_0/inst/PS7_i/FCLKCLK[0]
                         net (fo=1, routed)           0.310     0.310    image_block_i/processing_system7_0/inst/FCLK_CLK_unbuffered[0]
    BUFGCTRL_X0Y16       BUFG (Prop_bufg_I_O)         0.026     0.336 r  image_block_i/processing_system7_0/inst/buffer_fclk_clk_0.FCLK_CLK_0_BUFG/O
                         net (fo=5609, routed)        0.543     0.879    image_block_i/axi_vdma_0/U0/AXI_LITE_REG_INTERFACE_I/GEN_AXI_LITE_IF.AXI_LITE_IF_I/m_axi_s2mm_aclk
    SLICE_X36Y75         FDRE                                         r  image_block_i/axi_vdma_0/U0/AXI_LITE_REG_INTERFACE_I/GEN_AXI_LITE_IF.AXI_LITE_IF_I/GEN_LITE_IS_ASYNC.GEN_S2MM_ONLY_ASYNC_LITE_ACCESS.s2mm_ip2axi_rddata_d1_reg[19]/C
  -------------------------------------------------------------------    -------------------
    SLICE_X36Y75         FDRE (Prop_fdre_C_Q)         0.164     1.043 r  image_block_i/axi_vdma_0/U0/AXI_LITE_REG_INTERFACE_I/GEN_AXI_LITE_IF.AXI_LITE_IF_I/GEN_LITE_IS_ASYNC.GEN_S2MM_ONLY_ASYNC_LITE_ACCESS.s2mm_ip2axi_rddata_d1_reg[19]/Q
                         net (fo=1, routed)           0.056     1.098    image_block_i/axi_vdma_0/U0/AXI_LITE_REG_INTERFACE_I/GEN_AXI_LITE_IF.AXI_LITE_IF_I/s2mm_ip2axi_rddata_d1[19]
    SLICE_X36Y75         FDRE                                         r  image_block_i/axi_vdma_0/U0/AXI_LITE_REG_INTERFACE_I/GEN_AXI_LITE_IF.AXI_LITE_IF_I/GEN_LITE_IS_ASYNC.GEN_S2MM_ONLY_ASYNC_LITE_ACCESS.ip2axi_rddata_captured_s2mm_cdc_tig_reg[19]/D
  -------------------------------------------------------------------    -------------------

                         (clock clk_fpga_0 rise edge)
                                                      0.000     0.000 r  
    PS7_X0Y0             PS7                          0.000     0.000 r  image_block_i/processing_system7_0/inst/PS7_i/FCLKCLK[0]
                         net (fo=1, routed)           0.337     0.337    image_block_i/processing_system7_0/inst/FCLK_CLK_unbuffered[0]
    BUFGCTRL_X0Y16       BUFG (Prop_bufg_I_O)         0.029     0.366 r  image_block_i/processing_system7_0/inst/buffer_fclk_clk_0.FCLK_CLK_0_BUFG/O
                         net (fo=5609, routed)        0.808     1.174    image_block_i/axi_vdma_0/U0/AXI_LITE_REG_INTERFACE_I/GEN_AXI_LITE_IF.AXI_LITE_IF_I/s_axi_lite_aclk
    SLICE_X36Y75         FDRE                                         r  image_block_i/axi_vdma_0/U0/AXI_LITE_REG_INTERFACE_I/GEN_AXI_LITE_IF.AXI_LITE_IF_I/GEN_LITE_IS_ASYNC.GEN_S2MM_ONLY_ASYNC_LITE_ACCESS.ip2axi_rddata_captured_s2mm_cdc_tig_reg[19]/C

Slack:                    inf
  Source:                 image_block_i/axi_vdma_0/U0/AXI_LITE_REG_INTERFACE_I/GEN_AXI_LITE_IF.AXI_LITE_IF_I/GEN_LITE_IS_ASYNC.GEN_S2MM_ONLY_ASYNC_LITE_ACCESS.s2mm_ip2axi_rddata_d1_reg[20]/C
                            (rising edge-triggered cell FDRE clocked by clk_fpga_0  {rise@0.000ns fall@5.000ns period=10.000ns})
  Destination:            image_block_i/axi_vdma_0/U0/AXI_LITE_REG_INTERFACE_I/GEN_AXI_LITE_IF.AXI_LITE_IF_I/GEN_LITE_IS_ASYNC.GEN_S2MM_ONLY_ASYNC_LITE_ACCESS.ip2axi_rddata_captured_s2mm_cdc_tig_reg[20]/D
                            (rising edge-triggered cell FDRE clocked by clk_fpga_0  {rise@0.000ns fall@5.000ns period=10.000ns})
  Path Group:             (none)
  Path Type:              Hold (Min at Fast Process Corner)
  Data Path Delay:        0.220ns  (logic 0.164ns (74.580%)  route 0.056ns (25.420%))
  Logic Levels:           0  
  Clock Path Skew:        0.295ns (DCD - SCD - CPR)
    Destination Clock Delay (DCD):    1.175ns
    Source Clock Delay      (SCD):    0.880ns
    Clock Pessimism Removal (CPR):    -0.000ns
  Clock Uncertainty:      0.154ns  ((TSJ^2 + TIJ^2)^1/2 + DJ) / 2 + PE
    Total System Jitter     (TSJ):    0.071ns
    Total Input Jitter      (TIJ):    0.300ns
    Discrete Jitter          (DJ):    0.000ns
    Phase Error              (PE):    0.000ns
  Timing Exception:       False Path

    Location             Delay type                Incr(ns)  Path(ns)    Netlist Resource(s)
  -------------------------------------------------------------------    -------------------
                         (clock clk_fpga_0 rise edge)
                                                      0.000     0.000 r  
    PS7_X0Y0             PS7                          0.000     0.000 r  image_block_i/processing_system7_0/inst/PS7_i/FCLKCLK[0]
                         net (fo=1, routed)           0.310     0.310    image_block_i/processing_system7_0/inst/FCLK_CLK_unbuffered[0]
    BUFGCTRL_X0Y16       BUFG (Prop_bufg_I_O)         0.026     0.336 r  image_block_i/processing_system7_0/inst/buffer_fclk_clk_0.FCLK_CLK_0_BUFG/O
                         net (fo=5609, routed)        0.544     0.880    image_block_i/axi_vdma_0/U0/AXI_LITE_REG_INTERFACE_I/GEN_AXI_LITE_IF.AXI_LITE_IF_I/m_axi_s2mm_aclk
    SLICE_X38Y76         FDRE                                         r  image_block_i/axi_vdma_0/U0/AXI_LITE_REG_INTERFACE_I/GEN_AXI_LITE_IF.AXI_LITE_IF_I/GEN_LITE_IS_ASYNC.GEN_S2MM_ONLY_ASYNC_LITE_ACCESS.s2mm_ip2axi_rddata_d1_reg[20]/C
  -------------------------------------------------------------------    -------------------
    SLICE_X38Y76         FDRE (Prop_fdre_C_Q)         0.164     1.044 r  image_block_i/axi_vdma_0/U0/AXI_LITE_REG_INTERFACE_I/GEN_AXI_LITE_IF.AXI_LITE_IF_I/GEN_LITE_IS_ASYNC.GEN_S2MM_ONLY_ASYNC_LITE_ACCESS.s2mm_ip2axi_rddata_d1_reg[20]/Q
                         net (fo=1, routed)           0.056     1.099    image_block_i/axi_vdma_0/U0/AXI_LITE_REG_INTERFACE_I/GEN_AXI_LITE_IF.AXI_LITE_IF_I/s2mm_ip2axi_rddata_d1[20]
    SLICE_X38Y76         FDRE                                         r  image_block_i/axi_vdma_0/U0/AXI_LITE_REG_INTERFACE_I/GEN_AXI_LITE_IF.AXI_LITE_IF_I/GEN_LITE_IS_ASYNC.GEN_S2MM_ONLY_ASYNC_LITE_ACCESS.ip2axi_rddata_captured_s2mm_cdc_tig_reg[20]/D
  -------------------------------------------------------------------    -------------------

                         (clock clk_fpga_0 rise edge)
                                                      0.000     0.000 r  
    PS7_X0Y0             PS7                          0.000     0.000 r  image_block_i/processing_system7_0/inst/PS7_i/FCLKCLK[0]
                         net (fo=1, routed)           0.337     0.337    image_block_i/processing_system7_0/inst/FCLK_CLK_unbuffered[0]
    BUFGCTRL_X0Y16       BUFG (Prop_bufg_I_O)         0.029     0.366 r  image_block_i/processing_system7_0/inst/buffer_fclk_clk_0.FCLK_CLK_0_BUFG/O
                         net (fo=5609, routed)        0.809     1.175    image_block_i/axi_vdma_0/U0/AXI_LITE_REG_INTERFACE_I/GEN_AXI_LITE_IF.AXI_LITE_IF_I/s_axi_lite_aclk
    SLICE_X38Y76         FDRE                                         r  image_block_i/axi_vdma_0/U0/AXI_LITE_REG_INTERFACE_I/GEN_AXI_LITE_IF.AXI_LITE_IF_I/GEN_LITE_IS_ASYNC.GEN_S2MM_ONLY_ASYNC_LITE_ACCESS.ip2axi_rddata_captured_s2mm_cdc_tig_reg[20]/C

Slack:                    inf
  Source:                 image_block_i/axi_vdma_0/U0/AXI_LITE_REG_INTERFACE_I/GEN_AXI_LITE_IF.AXI_LITE_IF_I/GEN_LITE_IS_ASYNC.GEN_S2MM_ONLY_ASYNC_LITE_ACCESS.s2mm_ip2axi_rddata_d1_reg[8]/C
                            (rising edge-triggered cell FDRE clocked by clk_fpga_0  {rise@0.000ns fall@5.000ns period=10.000ns})
  Destination:            image_block_i/axi_vdma_0/U0/AXI_LITE_REG_INTERFACE_I/GEN_AXI_LITE_IF.AXI_LITE_IF_I/GEN_LITE_IS_ASYNC.GEN_S2MM_ONLY_ASYNC_LITE_ACCESS.ip2axi_rddata_captured_s2mm_cdc_tig_reg[8]/D
                            (rising edge-triggered cell FDRE clocked by clk_fpga_0  {rise@0.000ns fall@5.000ns period=10.000ns})
  Path Group:             (none)
  Path Type:              Hold (Min at Fast Process Corner)
  Data Path Delay:        0.197ns  (logic 0.141ns (71.611%)  route 0.056ns (28.389%))
  Logic Levels:           0  
  Clock Path Skew:        0.296ns (DCD - SCD - CPR)
    Destination Clock Delay (DCD):    1.200ns
    Source Clock Delay      (SCD):    0.904ns
    Clock Pessimism Removal (CPR):    -0.000ns
  Clock Uncertainty:      0.154ns  ((TSJ^2 + TIJ^2)^1/2 + DJ) / 2 + PE
    Total System Jitter     (TSJ):    0.071ns
    Total Input Jitter      (TIJ):    0.300ns
    Discrete Jitter          (DJ):    0.000ns
    Phase Error              (PE):    0.000ns
  Timing Exception:       False Path

    Location             Delay type                Incr(ns)  Path(ns)    Netlist Resource(s)
  -------------------------------------------------------------------    -------------------
                         (clock clk_fpga_0 rise edge)
                                                      0.000     0.000 r  
    PS7_X0Y0             PS7                          0.000     0.000 r  image_block_i/processing_system7_0/inst/PS7_i/FCLKCLK[0]
                         net (fo=1, routed)           0.310     0.310    image_block_i/processing_system7_0/inst/FCLK_CLK_unbuffered[0]
    BUFGCTRL_X0Y16       BUFG (Prop_bufg_I_O)         0.026     0.336 r  image_block_i/processing_system7_0/inst/buffer_fclk_clk_0.FCLK_CLK_0_BUFG/O
                         net (fo=5609, routed)        0.568     0.904    image_block_i/axi_vdma_0/U0/AXI_LITE_REG_INTERFACE_I/GEN_AXI_LITE_IF.AXI_LITE_IF_I/m_axi_s2mm_aclk
    SLICE_X31Y69         FDRE                                         r  image_block_i/axi_vdma_0/U0/AXI_LITE_REG_INTERFACE_I/GEN_AXI_LITE_IF.AXI_LITE_IF_I/GEN_LITE_IS_ASYNC.GEN_S2MM_ONLY_ASYNC_LITE_ACCESS.s2mm_ip2axi_rddata_d1_reg[8]/C
  -------------------------------------------------------------------    -------------------
    SLICE_X31Y69         FDRE (Prop_fdre_C_Q)         0.141     1.045 r  image_block_i/axi_vdma_0/U0/AXI_LITE_REG_INTERFACE_I/GEN_AXI_LITE_IF.AXI_LITE_IF_I/GEN_LITE_IS_ASYNC.GEN_S2MM_ONLY_ASYNC_LITE_ACCESS.s2mm_ip2axi_rddata_d1_reg[8]/Q
                         net (fo=1, routed)           0.056     1.100    image_block_i/axi_vdma_0/U0/AXI_LITE_REG_INTERFACE_I/GEN_AXI_LITE_IF.AXI_LITE_IF_I/s2mm_ip2axi_rddata_d1[8]
    SLICE_X31Y69         FDRE                                         r  image_block_i/axi_vdma_0/U0/AXI_LITE_REG_INTERFACE_I/GEN_AXI_LITE_IF.AXI_LITE_IF_I/GEN_LITE_IS_ASYNC.GEN_S2MM_ONLY_ASYNC_LITE_ACCESS.ip2axi_rddata_captured_s2mm_cdc_tig_reg[8]/D
  -------------------------------------------------------------------    -------------------

                         (clock clk_fpga_0 rise edge)
                                                      0.000     0.000 r  
    PS7_X0Y0             PS7                          0.000     0.000 r  image_block_i/processing_system7_0/inst/PS7_i/FCLKCLK[0]
                         net (fo=1, routed)           0.337     0.337    image_block_i/processing_system7_0/inst/FCLK_CLK_unbuffered[0]
    BUFGCTRL_X0Y16       BUFG (Prop_bufg_I_O)         0.029     0.366 r  image_block_i/processing_system7_0/inst/buffer_fclk_clk_0.FCLK_CLK_0_BUFG/O
                         net (fo=5609, routed)        0.834     1.200    image_block_i/axi_vdma_0/U0/AXI_LITE_REG_INTERFACE_I/GEN_AXI_LITE_IF.AXI_LITE_IF_I/s_axi_lite_aclk
    SLICE_X31Y69         FDRE                                         r  image_block_i/axi_vdma_0/U0/AXI_LITE_REG_INTERFACE_I/GEN_AXI_LITE_IF.AXI_LITE_IF_I/GEN_LITE_IS_ASYNC.GEN_S2MM_ONLY_ASYNC_LITE_ACCESS.ip2axi_rddata_captured_s2mm_cdc_tig_reg[8]/C

Slack:                    inf
  Source:                 image_block_i/axi_vdma_0/U0/AXI_LITE_REG_INTERFACE_I/GEN_AXI_LITE_IF.AXI_LITE_IF_I/GEN_LITE_IS_ASYNC.GEN_S2MM_ONLY_ASYNC_LITE_ACCESS.s2mm_ip2axi_rddata_d1_reg[9]/C
                            (rising edge-triggered cell FDRE clocked by clk_fpga_0  {rise@0.000ns fall@5.000ns period=10.000ns})
  Destination:            image_block_i/axi_vdma_0/U0/AXI_LITE_REG_INTERFACE_I/GEN_AXI_LITE_IF.AXI_LITE_IF_I/GEN_LITE_IS_ASYNC.GEN_S2MM_ONLY_ASYNC_LITE_ACCESS.ip2axi_rddata_captured_s2mm_cdc_tig_reg[9]/D
                            (rising edge-triggered cell FDRE clocked by clk_fpga_0  {rise@0.000ns fall@5.000ns period=10.000ns})
  Path Group:             (none)
  Path Type:              Hold (Min at Fast Process Corner)
  Data Path Delay:        0.199ns  (logic 0.141ns (70.953%)  route 0.058ns (29.047%))
  Logic Levels:           0  
  Clock Path Skew:        0.296ns (DCD - SCD - CPR)
    Destination Clock Delay (DCD):    1.199ns
    Source Clock Delay      (SCD):    0.903ns
    Clock Pessimism Removal (CPR):    -0.000ns
  Clock Uncertainty:      0.154ns  ((TSJ^2 + TIJ^2)^1/2 + DJ) / 2 + PE
    Total System Jitter     (TSJ):    0.071ns
    Total Input Jitter      (TIJ):    0.300ns
    Discrete Jitter          (DJ):    0.000ns
    Phase Error              (PE):    0.000ns
  Timing Exception:       False Path

    Location             Delay type                Incr(ns)  Path(ns)    Netlist Resource(s)
  -------------------------------------------------------------------    -------------------
                         (clock clk_fpga_0 rise edge)
                                                      0.000     0.000 r  
    PS7_X0Y0             PS7                          0.000     0.000 r  image_block_i/processing_system7_0/inst/PS7_i/FCLKCLK[0]
                         net (fo=1, routed)           0.310     0.310    image_block_i/processing_system7_0/inst/FCLK_CLK_unbuffered[0]
    BUFGCTRL_X0Y16       BUFG (Prop_bufg_I_O)         0.026     0.336 r  image_block_i/processing_system7_0/inst/buffer_fclk_clk_0.FCLK_CLK_0_BUFG/O
                         net (fo=5609, routed)        0.567     0.903    image_block_i/axi_vdma_0/U0/AXI_LITE_REG_INTERFACE_I/GEN_AXI_LITE_IF.AXI_LITE_IF_I/m_axi_s2mm_aclk
    SLICE_X28Y70         FDRE                                         r  image_block_i/axi_vdma_0/U0/AXI_LITE_REG_INTERFACE_I/GEN_AXI_LITE_IF.AXI_LITE_IF_I/GEN_LITE_IS_ASYNC.GEN_S2MM_ONLY_ASYNC_LITE_ACCESS.s2mm_ip2axi_rddata_d1_reg[9]/C
  -------------------------------------------------------------------    -------------------
    SLICE_X28Y70         FDRE (Prop_fdre_C_Q)         0.141     1.044 r  image_block_i/axi_vdma_0/U0/AXI_LITE_REG_INTERFACE_I/GEN_AXI_LITE_IF.AXI_LITE_IF_I/GEN_LITE_IS_ASYNC.GEN_S2MM_ONLY_ASYNC_LITE_ACCESS.s2mm_ip2axi_rddata_d1_reg[9]/Q
                         net (fo=1, routed)           0.058     1.101    image_block_i/axi_vdma_0/U0/AXI_LITE_REG_INTERFACE_I/GEN_AXI_LITE_IF.AXI_LITE_IF_I/s2mm_ip2axi_rddata_d1[9]
    SLICE_X28Y70         FDRE                                         r  image_block_i/axi_vdma_0/U0/AXI_LITE_REG_INTERFACE_I/GEN_AXI_LITE_IF.AXI_LITE_IF_I/GEN_LITE_IS_ASYNC.GEN_S2MM_ONLY_ASYNC_LITE_ACCESS.ip2axi_rddata_captured_s2mm_cdc_tig_reg[9]/D
  -------------------------------------------------------------------    -------------------

                         (clock clk_fpga_0 rise edge)
                                                      0.000     0.000 r  
    PS7_X0Y0             PS7                          0.000     0.000 r  image_block_i/processing_system7_0/inst/PS7_i/FCLKCLK[0]
                         net (fo=1, routed)           0.337     0.337    image_block_i/processing_system7_0/inst/FCLK_CLK_unbuffered[0]
    BUFGCTRL_X0Y16       BUFG (Prop_bufg_I_O)         0.029     0.366 r  image_block_i/processing_system7_0/inst/buffer_fclk_clk_0.FCLK_CLK_0_BUFG/O
                         net (fo=5609, routed)        0.833     1.199    image_block_i/axi_vdma_0/U0/AXI_LITE_REG_INTERFACE_I/GEN_AXI_LITE_IF.AXI_LITE_IF_I/s_axi_lite_aclk
    SLICE_X28Y70         FDRE                                         r  image_block_i/axi_vdma_0/U0/AXI_LITE_REG_INTERFACE_I/GEN_AXI_LITE_IF.AXI_LITE_IF_I/GEN_LITE_IS_ASYNC.GEN_S2MM_ONLY_ASYNC_LITE_ACCESS.ip2axi_rddata_captured_s2mm_cdc_tig_reg[9]/C

Slack:                    inf
  Source:                 image_block_i/axi_vdma_0/U0/AXI_LITE_REG_INTERFACE_I/GEN_AXI_LITE_IF.AXI_LITE_IF_I/GEN_LITE_IS_ASYNC.GEN_S2MM_ONLY_ASYNC_LITE_ACCESS.s2mm_ip2axi_rddata_d1_reg[25]/C
                            (rising edge-triggered cell FDRE clocked by clk_fpga_0  {rise@0.000ns fall@5.000ns period=10.000ns})
  Destination:            image_block_i/axi_vdma_0/U0/AXI_LITE_REG_INTERFACE_I/GEN_AXI_LITE_IF.AXI_LITE_IF_I/GEN_LITE_IS_ASYNC.GEN_S2MM_ONLY_ASYNC_LITE_ACCESS.ip2axi_rddata_captured_s2mm_cdc_tig_reg[25]/D
                            (rising edge-triggered cell FDRE clocked by clk_fpga_0  {rise@0.000ns fall@5.000ns period=10.000ns})
  Path Group:             (none)
  Path Type:              Hold (Min at Fast Process Corner)
  Data Path Delay:        0.206ns  (logic 0.141ns (68.336%)  route 0.065ns (31.664%))
  Logic Levels:           0  
  Clock Path Skew:        0.295ns (DCD - SCD - CPR)
    Destination Clock Delay (DCD):    1.194ns
    Source Clock Delay      (SCD):    0.899ns
    Clock Pessimism Removal (CPR):    -0.000ns
  Clock Uncertainty:      0.154ns  ((TSJ^2 + TIJ^2)^1/2 + DJ) / 2 + PE
    Total System Jitter     (TSJ):    0.071ns
    Total Input Jitter      (TIJ):    0.300ns
    Discrete Jitter          (DJ):    0.000ns
    Phase Error              (PE):    0.000ns
  Timing Exception:       False Path

    Location             Delay type                Incr(ns)  Path(ns)    Netlist Resource(s)
  -------------------------------------------------------------------    -------------------
                         (clock clk_fpga_0 rise edge)
                                                      0.000     0.000 r  
    PS7_X0Y0             PS7                          0.000     0.000 r  image_block_i/processing_system7_0/inst/PS7_i/FCLKCLK[0]
                         net (fo=1, routed)           0.310     0.310    image_block_i/processing_system7_0/inst/FCLK_CLK_unbuffered[0]
    BUFGCTRL_X0Y16       BUFG (Prop_bufg_I_O)         0.026     0.336 r  image_block_i/processing_system7_0/inst/buffer_fclk_clk_0.FCLK_CLK_0_BUFG/O
                         net (fo=5609, routed)        0.563     0.899    image_block_i/axi_vdma_0/U0/AXI_LITE_REG_INTERFACE_I/GEN_AXI_LITE_IF.AXI_LITE_IF_I/m_axi_s2mm_aclk
    SLICE_X28Y74         FDRE                                         r  image_block_i/axi_vdma_0/U0/AXI_LITE_REG_INTERFACE_I/GEN_AXI_LITE_IF.AXI_LITE_IF_I/GEN_LITE_IS_ASYNC.GEN_S2MM_ONLY_ASYNC_LITE_ACCESS.s2mm_ip2axi_rddata_d1_reg[25]/C
  -------------------------------------------------------------------    -------------------
    SLICE_X28Y74         FDRE (Prop_fdre_C_Q)         0.141     1.040 r  image_block_i/axi_vdma_0/U0/AXI_LITE_REG_INTERFACE_I/GEN_AXI_LITE_IF.AXI_LITE_IF_I/GEN_LITE_IS_ASYNC.GEN_S2MM_ONLY_ASYNC_LITE_ACCESS.s2mm_ip2axi_rddata_d1_reg[25]/Q
                         net (fo=1, routed)           0.065     1.105    image_block_i/axi_vdma_0/U0/AXI_LITE_REG_INTERFACE_I/GEN_AXI_LITE_IF.AXI_LITE_IF_I/s2mm_ip2axi_rddata_d1[25]
    SLICE_X28Y74         FDRE                                         r  image_block_i/axi_vdma_0/U0/AXI_LITE_REG_INTERFACE_I/GEN_AXI_LITE_IF.AXI_LITE_IF_I/GEN_LITE_IS_ASYNC.GEN_S2MM_ONLY_ASYNC_LITE_ACCESS.ip2axi_rddata_captured_s2mm_cdc_tig_reg[25]/D
  -------------------------------------------------------------------    -------------------

                         (clock clk_fpga_0 rise edge)
                                                      0.000     0.000 r  
    PS7_X0Y0             PS7                          0.000     0.000 r  image_block_i/processing_system7_0/inst/PS7_i/FCLKCLK[0]
                         net (fo=1, routed)           0.337     0.337    image_block_i/processing_system7_0/inst/FCLK_CLK_unbuffered[0]
    BUFGCTRL_X0Y16       BUFG (Prop_bufg_I_O)         0.029     0.366 r  image_block_i/processing_system7_0/inst/buffer_fclk_clk_0.FCLK_CLK_0_BUFG/O
                         net (fo=5609, routed)        0.828     1.194    image_block_i/axi_vdma_0/U0/AXI_LITE_REG_INTERFACE_I/GEN_AXI_LITE_IF.AXI_LITE_IF_I/s_axi_lite_aclk
    SLICE_X28Y74         FDRE                                         r  image_block_i/axi_vdma_0/U0/AXI_LITE_REG_INTERFACE_I/GEN_AXI_LITE_IF.AXI_LITE_IF_I/GEN_LITE_IS_ASYNC.GEN_S2MM_ONLY_ASYNC_LITE_ACCESS.ip2axi_rddata_captured_s2mm_cdc_tig_reg[25]/C

Slack:                    inf
  Source:                 image_block_i/axi_vdma_0/U0/AXI_LITE_REG_INTERFACE_I/GEN_AXI_LITE_IF.AXI_LITE_IF_I/GEN_LITE_IS_ASYNC.GEN_S2MM_ONLY_ASYNC_LITE_ACCESS.s2mm_ip2axi_rddata_d1_reg[10]/C
                            (rising edge-triggered cell FDRE clocked by clk_fpga_0  {rise@0.000ns fall@5.000ns period=10.000ns})
  Destination:            image_block_i/axi_vdma_0/U0/AXI_LITE_REG_INTERFACE_I/GEN_AXI_LITE_IF.AXI_LITE_IF_I/GEN_LITE_IS_ASYNC.GEN_S2MM_ONLY_ASYNC_LITE_ACCESS.ip2axi_rddata_captured_s2mm_cdc_tig_reg[10]/D
                            (rising edge-triggered cell FDRE clocked by clk_fpga_0  {rise@0.000ns fall@5.000ns period=10.000ns})
  Path Group:             (none)
  Path Type:              Hold (Min at Fast Process Corner)
  Data Path Delay:        0.206ns  (logic 0.141ns (68.336%)  route 0.065ns (31.664%))
  Logic Levels:           0  
  Clock Path Skew:        0.296ns (DCD - SCD - CPR)
    Destination Clock Delay (DCD):    1.199ns
    Source Clock Delay      (SCD):    0.903ns
    Clock Pessimism Removal (CPR):    -0.000ns
  Clock Uncertainty:      0.154ns  ((TSJ^2 + TIJ^2)^1/2 + DJ) / 2 + PE
    Total System Jitter     (TSJ):    0.071ns
    Total Input Jitter      (TIJ):    0.300ns
    Discrete Jitter          (DJ):    0.000ns
    Phase Error              (PE):    0.000ns
  Timing Exception:       False Path

    Location             Delay type                Incr(ns)  Path(ns)    Netlist Resource(s)
  -------------------------------------------------------------------    -------------------
                         (clock clk_fpga_0 rise edge)
                                                      0.000     0.000 r  
    PS7_X0Y0             PS7                          0.000     0.000 r  image_block_i/processing_system7_0/inst/PS7_i/FCLKCLK[0]
                         net (fo=1, routed)           0.310     0.310    image_block_i/processing_system7_0/inst/FCLK_CLK_unbuffered[0]
    BUFGCTRL_X0Y16       BUFG (Prop_bufg_I_O)         0.026     0.336 r  image_block_i/processing_system7_0/inst/buffer_fclk_clk_0.FCLK_CLK_0_BUFG/O
                         net (fo=5609, routed)        0.567     0.903    image_block_i/axi_vdma_0/U0/AXI_LITE_REG_INTERFACE_I/GEN_AXI_LITE_IF.AXI_LITE_IF_I/m_axi_s2mm_aclk
    SLICE_X28Y70         FDRE                                         r  image_block_i/axi_vdma_0/U0/AXI_LITE_REG_INTERFACE_I/GEN_AXI_LITE_IF.AXI_LITE_IF_I/GEN_LITE_IS_ASYNC.GEN_S2MM_ONLY_ASYNC_LITE_ACCESS.s2mm_ip2axi_rddata_d1_reg[10]/C
  -------------------------------------------------------------------    -------------------
    SLICE_X28Y70         FDRE (Prop_fdre_C_Q)         0.141     1.044 r  image_block_i/axi_vdma_0/U0/AXI_LITE_REG_INTERFACE_I/GEN_AXI_LITE_IF.AXI_LITE_IF_I/GEN_LITE_IS_ASYNC.GEN_S2MM_ONLY_ASYNC_LITE_ACCESS.s2mm_ip2axi_rddata_d1_reg[10]/Q
                         net (fo=1, routed)           0.065     1.109    image_block_i/axi_vdma_0/U0/AXI_LITE_REG_INTERFACE_I/GEN_AXI_LITE_IF.AXI_LITE_IF_I/s2mm_ip2axi_rddata_d1[10]
    SLICE_X28Y70         FDRE                                         r  image_block_i/axi_vdma_0/U0/AXI_LITE_REG_INTERFACE_I/GEN_AXI_LITE_IF.AXI_LITE_IF_I/GEN_LITE_IS_ASYNC.GEN_S2MM_ONLY_ASYNC_LITE_ACCESS.ip2axi_rddata_captured_s2mm_cdc_tig_reg[10]/D
  -------------------------------------------------------------------    -------------------

                         (clock clk_fpga_0 rise edge)
                                                      0.000     0.000 r  
    PS7_X0Y0             PS7                          0.000     0.000 r  image_block_i/processing_system7_0/inst/PS7_i/FCLKCLK[0]
                         net (fo=1, routed)           0.337     0.337    image_block_i/processing_system7_0/inst/FCLK_CLK_unbuffered[0]
    BUFGCTRL_X0Y16       BUFG (Prop_bufg_I_O)         0.029     0.366 r  image_block_i/processing_system7_0/inst/buffer_fclk_clk_0.FCLK_CLK_0_BUFG/O
                         net (fo=5609, routed)        0.833     1.199    image_block_i/axi_vdma_0/U0/AXI_LITE_REG_INTERFACE_I/GEN_AXI_LITE_IF.AXI_LITE_IF_I/s_axi_lite_aclk
    SLICE_X28Y70         FDRE                                         r  image_block_i/axi_vdma_0/U0/AXI_LITE_REG_INTERFACE_I/GEN_AXI_LITE_IF.AXI_LITE_IF_I/GEN_LITE_IS_ASYNC.GEN_S2MM_ONLY_ASYNC_LITE_ACCESS.ip2axi_rddata_captured_s2mm_cdc_tig_reg[10]/C

Slack:                    inf
  Source:                 image_block_i/axi_vdma_0/U0/GEN_SPRT_FOR_S2MM.S2MM_REGISTER_MODULE_I/I_DMA_REGISTER/S2MM_ERR_FOR_IRQ.frm_store_i_reg[0]/C
                            (rising edge-triggered cell FDRE clocked by clk_fpga_0  {rise@0.000ns fall@5.000ns period=10.000ns})
  Destination:            image_block_i/axi_vdma_0/U0/AXI_LITE_REG_INTERFACE_I/GEN_S2MM_LITE_CROSSINGS.GEN_S2MM_CROSSINGS_ASYNC.s2mm_ip2axi_frame_store_cdc_tig_reg[0]/D
                            (rising edge-triggered cell FDRE clocked by clk_fpga_0  {rise@0.000ns fall@5.000ns period=10.000ns})
  Path Group:             (none)
  Path Type:              Hold (Min at Fast Process Corner)
  Data Path Delay:        0.251ns  (logic 0.141ns (56.174%)  route 0.110ns (43.826%))
  Logic Levels:           0  
  Clock Path Skew:        0.295ns (DCD - SCD - CPR)
    Destination Clock Delay (DCD):    1.174ns
    Source Clock Delay      (SCD):    0.879ns
    Clock Pessimism Removal (CPR):    -0.000ns
  Clock Uncertainty:      0.154ns  ((TSJ^2 + TIJ^2)^1/2 + DJ) / 2 + PE
    Total System Jitter     (TSJ):    0.071ns
    Total Input Jitter      (TIJ):    0.300ns
    Discrete Jitter          (DJ):    0.000ns
    Phase Error              (PE):    0.000ns
  Timing Exception:       False Path

    Location             Delay type                Incr(ns)  Path(ns)    Netlist Resource(s)
  -------------------------------------------------------------------    -------------------
                         (clock clk_fpga_0 rise edge)
                                                      0.000     0.000 r  
    PS7_X0Y0             PS7                          0.000     0.000 r  image_block_i/processing_system7_0/inst/PS7_i/FCLKCLK[0]
                         net (fo=1, routed)           0.310     0.310    image_block_i/processing_system7_0/inst/FCLK_CLK_unbuffered[0]
    BUFGCTRL_X0Y16       BUFG (Prop_bufg_I_O)         0.026     0.336 r  image_block_i/processing_system7_0/inst/buffer_fclk_clk_0.FCLK_CLK_0_BUFG/O
                         net (fo=5609, routed)        0.543     0.879    image_block_i/axi_vdma_0/U0/GEN_SPRT_FOR_S2MM.S2MM_REGISTER_MODULE_I/I_DMA_REGISTER/m_axi_s2mm_aclk
    SLICE_X37Y75         FDRE                                         r  image_block_i/axi_vdma_0/U0/GEN_SPRT_FOR_S2MM.S2MM_REGISTER_MODULE_I/I_DMA_REGISTER/S2MM_ERR_FOR_IRQ.frm_store_i_reg[0]/C
  -------------------------------------------------------------------    -------------------
    SLICE_X37Y75         FDRE (Prop_fdre_C_Q)         0.141     1.020 r  image_block_i/axi_vdma_0/U0/GEN_SPRT_FOR_S2MM.S2MM_REGISTER_MODULE_I/I_DMA_REGISTER/S2MM_ERR_FOR_IRQ.frm_store_i_reg[0]/Q
                         net (fo=1, routed)           0.110     1.130    image_block_i/axi_vdma_0/U0/AXI_LITE_REG_INTERFACE_I/GEN_S2MM_LITE_CROSSINGS.GEN_S2MM_CROSSINGS_ASYNC.s2mm_ip2axi_frame_store_cdc_tig_reg[4]_0[0]
    SLICE_X36Y75         FDRE                                         r  image_block_i/axi_vdma_0/U0/AXI_LITE_REG_INTERFACE_I/GEN_S2MM_LITE_CROSSINGS.GEN_S2MM_CROSSINGS_ASYNC.s2mm_ip2axi_frame_store_cdc_tig_reg[0]/D
  -------------------------------------------------------------------    -------------------

                         (clock clk_fpga_0 rise edge)
                                                      0.000     0.000 r  
    PS7_X0Y0             PS7                          0.000     0.000 r  image_block_i/processing_system7_0/inst/PS7_i/FCLKCLK[0]
                         net (fo=1, routed)           0.337     0.337    image_block_i/processing_system7_0/inst/FCLK_CLK_unbuffered[0]
    BUFGCTRL_X0Y16       BUFG (Prop_bufg_I_O)         0.029     0.366 r  image_block_i/processing_system7_0/inst/buffer_fclk_clk_0.FCLK_CLK_0_BUFG/O
                         net (fo=5609, routed)        0.808     1.174    image_block_i/axi_vdma_0/U0/AXI_LITE_REG_INTERFACE_I/s_axi_lite_aclk
    SLICE_X36Y75         FDRE                                         r  image_block_i/axi_vdma_0/U0/AXI_LITE_REG_INTERFACE_I/GEN_S2MM_LITE_CROSSINGS.GEN_S2MM_CROSSINGS_ASYNC.s2mm_ip2axi_frame_store_cdc_tig_reg[0]/C

Slack:                    inf
  Source:                 image_block_i/axi_vdma_0/U0/AXI_LITE_REG_INTERFACE_I/GEN_AXI_LITE_IF.AXI_LITE_IF_I/wdata_reg[16]/C
                            (rising edge-triggered cell FDRE clocked by clk_fpga_0  {rise@0.000ns fall@5.000ns period=10.000ns})
  Destination:            image_block_i/axi_vdma_0/U0/AXI_LITE_REG_INTERFACE_I/GEN_AXI_LITE_IF.AXI_LITE_IF_I/GEN_LITE_IS_ASYNC.GEN_S2MM_ONLY_ASYNC_LITE_ACCESS.s2mm_axi2ip_wrdata_cdc_tig_reg[16]/D
                            (rising edge-triggered cell FDRE clocked by clk_fpga_0  {rise@0.000ns fall@5.000ns period=10.000ns})
  Path Group:             (none)
  Path Type:              Hold (Min at Fast Process Corner)
  Data Path Delay:        0.251ns  (logic 0.141ns (56.174%)  route 0.110ns (43.826%))
  Logic Levels:           0  
  Clock Path Skew:        0.295ns (DCD - SCD - CPR)
    Destination Clock Delay (DCD):    1.178ns
    Source Clock Delay      (SCD):    0.883ns
    Clock Pessimism Removal (CPR):    -0.000ns
  Clock Uncertainty:      0.154ns  ((TSJ^2 + TIJ^2)^1/2 + DJ) / 2 + PE
    Total System Jitter     (TSJ):    0.071ns
    Total Input Jitter      (TIJ):    0.300ns
    Discrete Jitter          (DJ):    0.000ns
    Phase Error              (PE):    0.000ns
  Timing Exception:       False Path

    Location             Delay type                Incr(ns)  Path(ns)    Netlist Resource(s)
  -------------------------------------------------------------------    -------------------
                         (clock clk_fpga_0 rise edge)
                                                      0.000     0.000 r  
    PS7_X0Y0             PS7                          0.000     0.000 r  image_block_i/processing_system7_0/inst/PS7_i/FCLKCLK[0]
                         net (fo=1, routed)           0.310     0.310    image_block_i/processing_system7_0/inst/FCLK_CLK_unbuffered[0]
    BUFGCTRL_X0Y16       BUFG (Prop_bufg_I_O)         0.026     0.336 r  image_block_i/processing_system7_0/inst/buffer_fclk_clk_0.FCLK_CLK_0_BUFG/O
                         net (fo=5609, routed)        0.547     0.883    image_block_i/axi_vdma_0/U0/AXI_LITE_REG_INTERFACE_I/GEN_AXI_LITE_IF.AXI_LITE_IF_I/s_axi_lite_aclk
    SLICE_X37Y79         FDRE                                         r  image_block_i/axi_vdma_0/U0/AXI_LITE_REG_INTERFACE_I/GEN_AXI_LITE_IF.AXI_LITE_IF_I/wdata_reg[16]/C
  -------------------------------------------------------------------    -------------------
    SLICE_X37Y79         FDRE (Prop_fdre_C_Q)         0.141     1.024 r  image_block_i/axi_vdma_0/U0/AXI_LITE_REG_INTERFACE_I/GEN_AXI_LITE_IF.AXI_LITE_IF_I/wdata_reg[16]/Q
                         net (fo=1, routed)           0.110     1.134    image_block_i/axi_vdma_0/U0/AXI_LITE_REG_INTERFACE_I/GEN_AXI_LITE_IF.AXI_LITE_IF_I/wdata[16]
    SLICE_X37Y78         FDRE                                         r  image_block_i/axi_vdma_0/U0/AXI_LITE_REG_INTERFACE_I/GEN_AXI_LITE_IF.AXI_LITE_IF_I/GEN_LITE_IS_ASYNC.GEN_S2MM_ONLY_ASYNC_LITE_ACCESS.s2mm_axi2ip_wrdata_cdc_tig_reg[16]/D
  -------------------------------------------------------------------    -------------------

                         (clock clk_fpga_0 rise edge)
                                                      0.000     0.000 r  
    PS7_X0Y0             PS7                          0.000     0.000 r  image_block_i/processing_system7_0/inst/PS7_i/FCLKCLK[0]
                         net (fo=1, routed)           0.337     0.337    image_block_i/processing_system7_0/inst/FCLK_CLK_unbuffered[0]
    BUFGCTRL_X0Y16       BUFG (Prop_bufg_I_O)         0.029     0.366 r  image_block_i/processing_system7_0/inst/buffer_fclk_clk_0.FCLK_CLK_0_BUFG/O
                         net (fo=5609, routed)        0.812     1.178    image_block_i/axi_vdma_0/U0/AXI_LITE_REG_INTERFACE_I/GEN_AXI_LITE_IF.AXI_LITE_IF_I/m_axi_s2mm_aclk
    SLICE_X37Y78         FDRE                                         r  image_block_i/axi_vdma_0/U0/AXI_LITE_REG_INTERFACE_I/GEN_AXI_LITE_IF.AXI_LITE_IF_I/GEN_LITE_IS_ASYNC.GEN_S2MM_ONLY_ASYNC_LITE_ACCESS.s2mm_axi2ip_wrdata_cdc_tig_reg[16]/C

Slack:                    inf
  Source:                 image_block_i/axi_vdma_0/U0/AXI_LITE_REG_INTERFACE_I/GEN_AXI_LITE_IF.AXI_LITE_IF_I/GEN_LITE_IS_ASYNC.GEN_S2MM_ONLY_ASYNC_LITE_ACCESS.s2mm_ip2axi_rddata_d1_reg[29]/C
                            (rising edge-triggered cell FDRE clocked by clk_fpga_0  {rise@0.000ns fall@5.000ns period=10.000ns})
  Destination:            image_block_i/axi_vdma_0/U0/AXI_LITE_REG_INTERFACE_I/GEN_AXI_LITE_IF.AXI_LITE_IF_I/GEN_LITE_IS_ASYNC.GEN_S2MM_ONLY_ASYNC_LITE_ACCESS.ip2axi_rddata_captured_s2mm_cdc_tig_reg[29]/D
                            (rising edge-triggered cell FDRE clocked by clk_fpga_0  {rise@0.000ns fall@5.000ns period=10.000ns})
  Path Group:             (none)
  Path Type:              Hold (Min at Fast Process Corner)
  Data Path Delay:        0.240ns  (logic 0.141ns (58.691%)  route 0.099ns (41.309%))
  Logic Levels:           0  
  Clock Path Skew:        0.297ns (DCD - SCD - CPR)
    Destination Clock Delay (DCD):    1.197ns
    Source Clock Delay      (SCD):    0.900ns
    Clock Pessimism Removal (CPR):    -0.000ns
  Clock Uncertainty:      0.154ns  ((TSJ^2 + TIJ^2)^1/2 + DJ) / 2 + PE
    Total System Jitter     (TSJ):    0.071ns
    Total Input Jitter      (TIJ):    0.300ns
    Discrete Jitter          (DJ):    0.000ns
    Phase Error              (PE):    0.000ns
  Timing Exception:       False Path

    Location             Delay type                Incr(ns)  Path(ns)    Netlist Resource(s)
  -------------------------------------------------------------------    -------------------
                         (clock clk_fpga_0 rise edge)
                                                      0.000     0.000 r  
    PS7_X0Y0             PS7                          0.000     0.000 r  image_block_i/processing_system7_0/inst/PS7_i/FCLKCLK[0]
                         net (fo=1, routed)           0.310     0.310    image_block_i/processing_system7_0/inst/FCLK_CLK_unbuffered[0]
    BUFGCTRL_X0Y16       BUFG (Prop_bufg_I_O)         0.026     0.336 r  image_block_i/processing_system7_0/inst/buffer_fclk_clk_0.FCLK_CLK_0_BUFG/O
                         net (fo=5609, routed)        0.564     0.900    image_block_i/axi_vdma_0/U0/AXI_LITE_REG_INTERFACE_I/GEN_AXI_LITE_IF.AXI_LITE_IF_I/m_axi_s2mm_aclk
    SLICE_X29Y76         FDRE                                         r  image_block_i/axi_vdma_0/U0/AXI_LITE_REG_INTERFACE_I/GEN_AXI_LITE_IF.AXI_LITE_IF_I/GEN_LITE_IS_ASYNC.GEN_S2MM_ONLY_ASYNC_LITE_ACCESS.s2mm_ip2axi_rddata_d1_reg[29]/C
  -------------------------------------------------------------------    -------------------
    SLICE_X29Y76         FDRE (Prop_fdre_C_Q)         0.141     1.041 r  image_block_i/axi_vdma_0/U0/AXI_LITE_REG_INTERFACE_I/GEN_AXI_LITE_IF.AXI_LITE_IF_I/GEN_LITE_IS_ASYNC.GEN_S2MM_ONLY_ASYNC_LITE_ACCESS.s2mm_ip2axi_rddata_d1_reg[29]/Q
                         net (fo=1, routed)           0.099     1.140    image_block_i/axi_vdma_0/U0/AXI_LITE_REG_INTERFACE_I/GEN_AXI_LITE_IF.AXI_LITE_IF_I/s2mm_ip2axi_rddata_d1[29]
    SLICE_X30Y77         FDRE                                         r  image_block_i/axi_vdma_0/U0/AXI_LITE_REG_INTERFACE_I/GEN_AXI_LITE_IF.AXI_LITE_IF_I/GEN_LITE_IS_ASYNC.GEN_S2MM_ONLY_ASYNC_LITE_ACCESS.ip2axi_rddata_captured_s2mm_cdc_tig_reg[29]/D
  -------------------------------------------------------------------    -------------------

                         (clock clk_fpga_0 rise edge)
                                                      0.000     0.000 r  
    PS7_X0Y0             PS7                          0.000     0.000 r  image_block_i/processing_system7_0/inst/PS7_i/FCLKCLK[0]
                         net (fo=1, routed)           0.337     0.337    image_block_i/processing_system7_0/inst/FCLK_CLK_unbuffered[0]
    BUFGCTRL_X0Y16       BUFG (Prop_bufg_I_O)         0.029     0.366 r  image_block_i/processing_system7_0/inst/buffer_fclk_clk_0.FCLK_CLK_0_BUFG/O
                         net (fo=5609, routed)        0.831     1.197    image_block_i/axi_vdma_0/U0/AXI_LITE_REG_INTERFACE_I/GEN_AXI_LITE_IF.AXI_LITE_IF_I/s_axi_lite_aclk
    SLICE_X30Y77         FDRE                                         r  image_block_i/axi_vdma_0/U0/AXI_LITE_REG_INTERFACE_I/GEN_AXI_LITE_IF.AXI_LITE_IF_I/GEN_LITE_IS_ASYNC.GEN_S2MM_ONLY_ASYNC_LITE_ACCESS.ip2axi_rddata_captured_s2mm_cdc_tig_reg[29]/C

Slack:                    inf
  Source:                 image_block_i/axi_vdma_0/U0/AXI_LITE_REG_INTERFACE_I/GEN_AXI_LITE_IF.AXI_LITE_IF_I/wdata_reg[23]/C
                            (rising edge-triggered cell FDRE clocked by clk_fpga_0  {rise@0.000ns fall@5.000ns period=10.000ns})
  Destination:            image_block_i/axi_vdma_0/U0/AXI_LITE_REG_INTERFACE_I/GEN_AXI_LITE_IF.AXI_LITE_IF_I/GEN_LITE_IS_ASYNC.GEN_S2MM_ONLY_ASYNC_LITE_ACCESS.s2mm_axi2ip_wrdata_cdc_tig_reg[23]/D
                            (rising edge-triggered cell FDRE clocked by clk_fpga_0  {rise@0.000ns fall@5.000ns period=10.000ns})
  Path Group:             (none)
  Path Type:              Hold (Min at Fast Process Corner)
  Data Path Delay:        0.256ns  (logic 0.141ns (55.026%)  route 0.115ns (44.974%))
  Logic Levels:           0  
  Clock Path Skew:        0.293ns (DCD - SCD - CPR)
    Destination Clock Delay (DCD):    1.179ns
    Source Clock Delay      (SCD):    0.886ns
    Clock Pessimism Removal (CPR):    -0.000ns
  Clock Uncertainty:      0.154ns  ((TSJ^2 + TIJ^2)^1/2 + DJ) / 2 + PE
    Total System Jitter     (TSJ):    0.071ns
    Total Input Jitter      (TIJ):    0.300ns
    Discrete Jitter          (DJ):    0.000ns
    Phase Error              (PE):    0.000ns
  Timing Exception:       False Path

    Location             Delay type                Incr(ns)  Path(ns)    Netlist Resource(s)
  -------------------------------------------------------------------    -------------------
                         (clock clk_fpga_0 rise edge)
                                                      0.000     0.000 r  
    PS7_X0Y0             PS7                          0.000     0.000 r  image_block_i/processing_system7_0/inst/PS7_i/FCLKCLK[0]
                         net (fo=1, routed)           0.310     0.310    image_block_i/processing_system7_0/inst/FCLK_CLK_unbuffered[0]
    BUFGCTRL_X0Y16       BUFG (Prop_bufg_I_O)         0.026     0.336 r  image_block_i/processing_system7_0/inst/buffer_fclk_clk_0.FCLK_CLK_0_BUFG/O
                         net (fo=5609, routed)        0.550     0.886    image_block_i/axi_vdma_0/U0/AXI_LITE_REG_INTERFACE_I/GEN_AXI_LITE_IF.AXI_LITE_IF_I/s_axi_lite_aclk
    SLICE_X35Y80         FDRE                                         r  image_block_i/axi_vdma_0/U0/AXI_LITE_REG_INTERFACE_I/GEN_AXI_LITE_IF.AXI_LITE_IF_I/wdata_reg[23]/C
  -------------------------------------------------------------------    -------------------
    SLICE_X35Y80         FDRE (Prop_fdre_C_Q)         0.141     1.027 r  image_block_i/axi_vdma_0/U0/AXI_LITE_REG_INTERFACE_I/GEN_AXI_LITE_IF.AXI_LITE_IF_I/wdata_reg[23]/Q
                         net (fo=1, routed)           0.115     1.142    image_block_i/axi_vdma_0/U0/AXI_LITE_REG_INTERFACE_I/GEN_AXI_LITE_IF.AXI_LITE_IF_I/wdata[23]
    SLICE_X35Y78         FDRE                                         r  image_block_i/axi_vdma_0/U0/AXI_LITE_REG_INTERFACE_I/GEN_AXI_LITE_IF.AXI_LITE_IF_I/GEN_LITE_IS_ASYNC.GEN_S2MM_ONLY_ASYNC_LITE_ACCESS.s2mm_axi2ip_wrdata_cdc_tig_reg[23]/D
  -------------------------------------------------------------------    -------------------

                         (clock clk_fpga_0 rise edge)
                                                      0.000     0.000 r  
    PS7_X0Y0             PS7                          0.000     0.000 r  image_block_i/processing_system7_0/inst/PS7_i/FCLKCLK[0]
                         net (fo=1, routed)           0.337     0.337    image_block_i/processing_system7_0/inst/FCLK_CLK_unbuffered[0]
    BUFGCTRL_X0Y16       BUFG (Prop_bufg_I_O)         0.029     0.366 r  image_block_i/processing_system7_0/inst/buffer_fclk_clk_0.FCLK_CLK_0_BUFG/O
                         net (fo=5609, routed)        0.813     1.179    image_block_i/axi_vdma_0/U0/AXI_LITE_REG_INTERFACE_I/GEN_AXI_LITE_IF.AXI_LITE_IF_I/m_axi_s2mm_aclk
    SLICE_X35Y78         FDRE                                         r  image_block_i/axi_vdma_0/U0/AXI_LITE_REG_INTERFACE_I/GEN_AXI_LITE_IF.AXI_LITE_IF_I/GEN_LITE_IS_ASYNC.GEN_S2MM_ONLY_ASYNC_LITE_ACCESS.s2mm_axi2ip_wrdata_cdc_tig_reg[23]/C





